"requestid","boro","yr","m","d","hh","mm","vol","segmentid","wktgeom","street","fromst","tost","direction"
"22562","Queens","2016","5","8","8","45","260","155613","POINT (1059678.8154876027 198480.09766927382)","HEMPSTEAD AVENUE","Cross Island Parkway","Cross Is Pkwy Nb En Hempstead Wb","WB"
"22562","Queens","2016","5","8","9","0","243","155613","POINT (1059678.8154876027 198480.09766927382)","HEMPSTEAD AVENUE","Cross Island Parkway","Cross Is Pkwy Nb En Hempstead Wb","WB"
"22562","Queens","2016","5","8","9","15","245","155613","POINT (1059678.8154876027 198480.09766927382)","HEMPSTEAD AVENUE","Cross Island Parkway","Cross Is Pkwy Nb En Hempstead Wb","WB"
"22562","Queens","2016","5","8","9","30","304","155613","POINT (1059678.8154876027 198480.09766927382)","HEMPSTEAD AVENUE","Cross Island Parkway","Cross Is Pkwy Nb En Hempstead Wb","WB"
"22562","Queens","2016","5","8","9","45","312","155613","POINT (1059678.8154876027 198480.09766927382)","HEMPSTEAD AVENUE","Cross Island Parkway","Cross Is Pkwy Nb En Hempstead Wb","WB"
"22562","Queens","2016","5","8","10","0","331","155613","POINT (1059678.8154876027 198480.09766927382)","HEMPSTEAD AVENUE","Cross Island Parkway","Cross Is Pkwy Nb En Hempstead Wb","WB"
"22562","Queens","2016","5","8","10","15","331","155613","POINT (1059678.8154876027 198480.09766927382)","HEMPSTEAD AVENUE","Cross Island Parkway","Cross Is Pkwy Nb En Hempstead Wb","WB"
"22562","Queens","2016","5","8","10","30","344","155613","POINT (1059678.8154876027 198480.09766927382)","HEMPSTEAD AVENUE","Cross Island Parkway","Cross Is Pkwy Nb En Hempstead Wb","WB"
"22562","Queens","2016","5","8","10","45","397","155613","POINT (1059678.8154876027 198480.09766927382)","HEMPSTEAD AVENUE","Cross Island Parkway","Cross Is Pkwy Nb En Hempstead Wb","WB"
"22562","Queens","2016","5","8","11","0","356","155613","POINT (1059678.8154876027 198480.09766927382)","HEMPSTEAD AVENUE","Cross Island Parkway","Cross Is Pkwy Nb En Hempstead Wb","WB"
"22562","Queens","2016","5","8","11","15","394","155613","POINT (1059678.8154876027 198480.09766927382)","HEMPSTEAD AVENUE","Cross Island Parkway","Cross Is Pkwy Nb En Hempstead Wb","WB"
"22562","Queens","2016","5","8","11","30","399","155613","POINT (1059678.8154876027 198480.09766927382)","HEMPSTEAD AVENUE","Cross Island Parkway","Cross Is Pkwy Nb En Hempstead Wb","WB"
"22562","Queens","2016","5","8","11","45","439","155613","POINT (1059678.8154876027 198480.09766927382)","HEMPSTEAD AVENUE","Cross Island Parkway","Cross Is Pkwy Nb En Hempstead Wb","WB"
"22562","Queens","2016","5","8","12","0","398","155613","POINT (1059678.8154876027 198480.09766927382)","HEMPSTEAD AVENUE","Cross Island Parkway","Cross Is Pkwy Nb En Hempstead Wb","WB"
"22562","Queens","2016","5","8","12","15","416","155613","POINT (1059678.8154876027 198480.09766927382)","HEMPSTEAD AVENUE","Cross Island Parkway","Cross Is Pkwy Nb En Hempstead Wb","WB"
"22562","Queens","2016","5","8","12","30","358","155613","POINT (1059678.8154876027 198480.09766927382)","HEMPSTEAD AVENUE","Cross Island Parkway","Cross Is Pkwy Nb En Hempstead Wb","WB"
"22562","Queens","2016","5","8","12","45","405","155613","POINT (1059678.8154876027 198480.09766927382)","HEMPSTEAD AVENUE","Cross Island Parkway","Cross Is Pkwy Nb En Hempstead Wb","WB"
"22562","Queens","2016","5","8","13","0","428","155613","POINT (1059678.8154876027 198480.09766927382)","HEMPSTEAD AVENUE","Cross Island Parkway","Cross Is Pkwy Nb En Hempstead Wb","WB"
"22562","Queens","2016","5","8","13","15","446","155613","POINT (1059678.8154876027 198480.09766927382)","HEMPSTEAD AVENUE","Cross Island Parkway","Cross Is Pkwy Nb En Hempstead Wb","WB"
"22562","Queens","2016","5","8","13","30","413","155613","POINT (1059678.8154876027 198480.09766927382)","HEMPSTEAD AVENUE","Cross Island Parkway","Cross Is Pkwy Nb En Hempstead Wb","WB"
"22562","Queens","2016","5","8","13","45","437","155613","POINT (1059678.8154876027 198480.09766927382)","HEMPSTEAD AVENUE","Cross Island Parkway","Cross Is Pkwy Nb En Hempstead Wb","WB"
"22562","Queens","2016","5","8","14","0","391","155613","POINT (1059678.8154876027 198480.09766927382)","HEMPSTEAD AVENUE","Cross Island Parkway","Cross Is Pkwy Nb En Hempstead Wb","WB"
"22562","Queens","2016","5","8","14","15","427","155613","POINT (1059678.8154876027 198480.09766927382)","HEMPSTEAD AVENUE","Cross Island Parkway","Cross Is Pkwy Nb En Hempstead Wb","WB"
"22562","Queens","2016","5","8","14","30","389","155613","POINT (1059678.8154876027 198480.09766927382)","HEMPSTEAD AVENUE","Cross Island Parkway","Cross Is Pkwy Nb En Hempstead Wb","WB"
"22562","Queens","2016","5","8","14","45","460","155613","POINT (1059678.8154876027 198480.09766927382)","HEMPSTEAD AVENUE","Cross Island Parkway","Cross Is Pkwy Nb En Hempstead Wb","WB"
"22562","Queens","2016","5","8","15","0","419","155613","POINT (1059678.8154876027 198480.09766927382)","HEMPSTEAD AVENUE","Cross Island Parkway","Cross Is Pkwy Nb En Hempstead Wb","WB"
"22562","Queens","2016","5","8","15","15","454","155613","POINT (1059678.8154876027 198480.09766927382)","HEMPSTEAD AVENUE","Cross Island Parkway","Cross Is Pkwy Nb En Hempstead Wb","WB"
"22562","Queens","2016","5","8","15","30","405","155613","POINT (1059678.8154876027 198480.09766927382)","HEMPSTEAD AVENUE","Cross Island Parkway","Cross Is Pkwy Nb En Hempstead Wb","WB"
"22562","Queens","2016","5","8","15","45","501","155613","POINT (1059678.8154876027 198480.09766927382)","HEMPSTEAD AVENUE","Cross Island Parkway","Cross Is Pkwy Nb En Hempstead Wb","WB"
"22562","Queens","2016","5","8","16","0","447","155613","POINT (1059678.8154876027 198480.09766927382)","HEMPSTEAD AVENUE","Cross Island Parkway","Cross Is Pkwy Nb En Hempstead Wb","WB"
"22562","Queens","2016","5","8","16","15","484","155613","POINT (1059678.8154876027 198480.09766927382)","HEMPSTEAD AVENUE","Cross Island Parkway","Cross Is Pkwy Nb En Hempstead Wb","WB"
"22562","Queens","2016","5","8","16","30","427","155613","POINT (1059678.8154876027 198480.09766927382)","HEMPSTEAD AVENUE","Cross Island Parkway","Cross Is Pkwy Nb En Hempstead Wb","WB"
"22562","Queens","2016","5","8","16","45","456","155613","POINT (1059678.8154876027 198480.09766927382)","HEMPSTEAD AVENUE","Cross Island Parkway","Cross Is Pkwy Nb En Hempstead Wb","WB"
"22562","Queens","2016","5","8","17","0","471","155613","POINT (1059678.8154876027 198480.09766927382)","HEMPSTEAD AVENUE","Cross Island Parkway","Cross Is Pkwy Nb En Hempstead Wb","WB"
"22562","Queens","2016","5","8","17","15","480","155613","POINT (1059678.8154876027 198480.09766927382)","HEMPSTEAD AVENUE","Cross Island Parkway","Cross Is Pkwy Nb En Hempstead Wb","WB"
"22562","Queens","2016","5","8","17","30","448","155613","POINT (1059678.8154876027 198480.09766927382)","HEMPSTEAD AVENUE","Cross Island Parkway","Cross Is Pkwy Nb En Hempstead Wb","WB"
"22562","Queens","2016","5","8","17","45","446","155613","POINT (1059678.8154876027 198480.09766927382)","HEMPSTEAD AVENUE","Cross Island Parkway","Cross Is Pkwy Nb En Hempstead Wb","WB"
"22562","Queens","2016","5","8","18","0","629","155613","POINT (1059678.8154876027 198480.09766927382)","HEMPSTEAD AVENUE","Cross Island Parkway","Cross Is Pkwy Nb En Hempstead Wb","WB"
"22562","Queens","2016","5","8","18","15","524","155613","POINT (1059678.8154876027 198480.09766927382)","HEMPSTEAD AVENUE","Cross Island Parkway","Cross Is Pkwy Nb En Hempstead Wb","WB"
"22562","Queens","2016","5","8","18","30","422","155613","POINT (1059678.8154876027 198480.09766927382)","HEMPSTEAD AVENUE","Cross Island Parkway","Cross Is Pkwy Nb En Hempstead Wb","WB"
"22562","Queens","2016","5","8","18","45","422","155613","POINT (1059678.8154876027 198480.09766927382)","HEMPSTEAD AVENUE","Cross Island Parkway","Cross Is Pkwy Nb En Hempstead Wb","WB"
"22562","Queens","2016","5","8","19","0","375","155613","POINT (1059678.8154876027 198480.09766927382)","HEMPSTEAD AVENUE","Cross Island Parkway","Cross Is Pkwy Nb En Hempstead Wb","WB"
"22562","Queens","2016","5","8","19","15","411","155613","POINT (1059678.8154876027 198480.09766927382)","HEMPSTEAD AVENUE","Cross Island Parkway","Cross Is Pkwy Nb En Hempstead Wb","WB"
"22562","Queens","2016","5","8","19","30","384","155613","POINT (1059678.8154876027 198480.09766927382)","HEMPSTEAD AVENUE","Cross Island Parkway","Cross Is Pkwy Nb En Hempstead Wb","WB"
"22562","Queens","2016","5","8","19","45","392","155613","POINT (1059678.8154876027 198480.09766927382)","HEMPSTEAD AVENUE","Cross Island Parkway","Cross Is Pkwy Nb En Hempstead Wb","WB"
"22562","Queens","2016","5","8","20","0","369","155613","POINT (1059678.8154876027 198480.09766927382)","HEMPSTEAD AVENUE","Cross Island Parkway","Cross Is Pkwy Nb En Hempstead Wb","WB"
"22562","Queens","2016","5","8","20","15","404","155613","POINT (1059678.8154876027 198480.09766927382)","HEMPSTEAD AVENUE","Cross Island Parkway","Cross Is Pkwy Nb En Hempstead Wb","WB"
"22562","Queens","2016","5","8","20","30","399","155613","POINT (1059678.8154876027 198480.09766927382)","HEMPSTEAD AVENUE","Cross Island Parkway","Cross Is Pkwy Nb En Hempstead Wb","WB"
"22562","Queens","2016","5","8","20","45","358","155613","POINT (1059678.8154876027 198480.09766927382)","HEMPSTEAD AVENUE","Cross Island Parkway","Cross Is Pkwy Nb En Hempstead Wb","WB"
"22562","Queens","2016","5","8","21","0","349","155613","POINT (1059678.8154876027 198480.09766927382)","HEMPSTEAD AVENUE","Cross Island Parkway","Cross Is Pkwy Nb En Hempstead Wb","WB"
"22562","Queens","2016","5","8","21","15","314","155613","POINT (1059678.8154876027 198480.09766927382)","HEMPSTEAD AVENUE","Cross Island Parkway","Cross Is Pkwy Nb En Hempstead Wb","WB"
"22562","Queens","2016","5","8","21","30","297","155613","POINT (1059678.8154876027 198480.09766927382)","HEMPSTEAD AVENUE","Cross Island Parkway","Cross Is Pkwy Nb En Hempstead Wb","WB"
"22562","Queens","2016","5","8","21","45","302","155613","POINT (1059678.8154876027 198480.09766927382)","HEMPSTEAD AVENUE","Cross Island Parkway","Cross Is Pkwy Nb En Hempstead Wb","WB"
"22562","Queens","2016","5","8","22","0","280","155613","POINT (1059678.8154876027 198480.09766927382)","HEMPSTEAD AVENUE","Cross Island Parkway","Cross Is Pkwy Nb En Hempstead Wb","WB"
"22562","Queens","2016","5","8","22","15","253","155613","POINT (1059678.8154876027 198480.09766927382)","HEMPSTEAD AVENUE","Cross Island Parkway","Cross Is Pkwy Nb En Hempstead Wb","WB"
"22562","Queens","2016","5","8","22","30","253","155613","POINT (1059678.8154876027 198480.09766927382)","HEMPSTEAD AVENUE","Cross Island Parkway","Cross Is Pkwy Nb En Hempstead Wb","WB"
"22562","Queens","2016","5","8","22","45","245","155613","POINT (1059678.8154876027 198480.09766927382)","HEMPSTEAD AVENUE","Cross Island Parkway","Cross Is Pkwy Nb En Hempstead Wb","WB"
"22562","Queens","2016","5","8","23","0","216","155613","POINT (1059678.8154876027 198480.09766927382)","HEMPSTEAD AVENUE","Cross Island Parkway","Cross Is Pkwy Nb En Hempstead Wb","WB"
"22562","Queens","2016","5","8","23","15","263","155613","POINT (1059678.8154876027 198480.09766927382)","HEMPSTEAD AVENUE","Cross Island Parkway","Cross Is Pkwy Nb En Hempstead Wb","WB"
"22562","Queens","2016","5","8","23","30","207","155613","POINT (1059678.8154876027 198480.09766927382)","HEMPSTEAD AVENUE","Cross Island Parkway","Cross Is Pkwy Nb En Hempstead Wb","WB"
"22562","Queens","2016","5","8","23","45","144","155613","POINT (1059678.8154876027 198480.09766927382)","HEMPSTEAD AVENUE","Cross Island Parkway","Cross Is Pkwy Nb En Hempstead Wb","WB"
"22562","Queens","2016","5","9","0","0","129","155613","POINT (1059678.8154876027 198480.09766927382)","HEMPSTEAD AVENUE","Cross Island Parkway","Cross Is Pkwy Nb En Hempstead Wb","WB"
"22562","Queens","2016","5","9","0","15","108","155613","POINT (1059678.8154876027 198480.09766927382)","HEMPSTEAD AVENUE","Cross Island Parkway","Cross Is Pkwy Nb En Hempstead Wb","WB"
"22562","Queens","2016","5","9","0","30","100","155613","POINT (1059678.8154876027 198480.09766927382)","HEMPSTEAD AVENUE","Cross Island Parkway","Cross Is Pkwy Nb En Hempstead Wb","WB"
"22562","Queens","2016","5","9","0","45","67","155613","POINT (1059678.8154876027 198480.09766927382)","HEMPSTEAD AVENUE","Cross Island Parkway","Cross Is Pkwy Nb En Hempstead Wb","WB"
"22562","Queens","2016","5","9","1","0","82","155613","POINT (1059678.8154876027 198480.09766927382)","HEMPSTEAD AVENUE","Cross Island Parkway","Cross Is Pkwy Nb En Hempstead Wb","WB"
"22562","Queens","2016","5","9","1","15","68","155613","POINT (1059678.8154876027 198480.09766927382)","HEMPSTEAD AVENUE","Cross Island Parkway","Cross Is Pkwy Nb En Hempstead Wb","WB"
"22562","Queens","2016","5","9","1","30","55","155613","POINT (1059678.8154876027 198480.09766927382)","HEMPSTEAD AVENUE","Cross Island Parkway","Cross Is Pkwy Nb En Hempstead Wb","WB"
"22562","Queens","2016","5","9","1","45","45","155613","POINT (1059678.8154876027 198480.09766927382)","HEMPSTEAD AVENUE","Cross Island Parkway","Cross Is Pkwy Nb En Hempstead Wb","WB"
"22562","Queens","2016","5","9","2","0","53","155613","POINT (1059678.8154876027 198480.09766927382)","HEMPSTEAD AVENUE","Cross Island Parkway","Cross Is Pkwy Nb En Hempstead Wb","WB"
"22562","Queens","2016","5","9","2","15","41","155613","POINT (1059678.8154876027 198480.09766927382)","HEMPSTEAD AVENUE","Cross Island Parkway","Cross Is Pkwy Nb En Hempstead Wb","WB"
"22562","Queens","2016","5","9","2","30","45","155613","POINT (1059678.8154876027 198480.09766927382)","HEMPSTEAD AVENUE","Cross Island Parkway","Cross Is Pkwy Nb En Hempstead Wb","WB"
"22562","Queens","2016","5","9","2","45","52","155613","POINT (1059678.8154876027 198480.09766927382)","HEMPSTEAD AVENUE","Cross Island Parkway","Cross Is Pkwy Nb En Hempstead Wb","WB"
"22562","Queens","2016","5","9","3","0","39","155613","POINT (1059678.8154876027 198480.09766927382)","HEMPSTEAD AVENUE","Cross Island Parkway","Cross Is Pkwy Nb En Hempstead Wb","WB"
"22562","Queens","2016","5","9","3","15","37","155613","POINT (1059678.8154876027 198480.09766927382)","HEMPSTEAD AVENUE","Cross Island Parkway","Cross Is Pkwy Nb En Hempstead Wb","WB"
"22562","Queens","2016","5","9","3","30","49","155613","POINT (1059678.8154876027 198480.09766927382)","HEMPSTEAD AVENUE","Cross Island Parkway","Cross Is Pkwy Nb En Hempstead Wb","WB"
"22562","Queens","2016","5","9","3","45","68","155613","POINT (1059678.8154876027 198480.09766927382)","HEMPSTEAD AVENUE","Cross Island Parkway","Cross Is Pkwy Nb En Hempstead Wb","WB"
"22562","Queens","2016","5","9","4","0","62","155613","POINT (1059678.8154876027 198480.09766927382)","HEMPSTEAD AVENUE","Cross Island Parkway","Cross Is Pkwy Nb En Hempstead Wb","WB"
"22562","Queens","2016","5","9","4","15","67","155613","POINT (1059678.8154876027 198480.09766927382)","HEMPSTEAD AVENUE","Cross Island Parkway","Cross Is Pkwy Nb En Hempstead Wb","WB"
"22562","Queens","2016","5","9","4","30","124","155613","POINT (1059678.8154876027 198480.09766927382)","HEMPSTEAD AVENUE","Cross Island Parkway","Cross Is Pkwy Nb En Hempstead Wb","WB"
"22562","Queens","2016","5","9","4","45","150","155613","POINT (1059678.8154876027 198480.09766927382)","HEMPSTEAD AVENUE","Cross Island Parkway","Cross Is Pkwy Nb En Hempstead Wb","WB"
"22562","Queens","2016","5","9","5","0","179","155613","POINT (1059678.8154876027 198480.09766927382)","HEMPSTEAD AVENUE","Cross Island Parkway","Cross Is Pkwy Nb En Hempstead Wb","WB"
"22562","Queens","2016","5","9","5","15","251","155613","POINT (1059678.8154876027 198480.09766927382)","HEMPSTEAD AVENUE","Cross Island Parkway","Cross Is Pkwy Nb En Hempstead Wb","WB"
"22562","Queens","2016","5","9","5","30","309","155613","POINT (1059678.8154876027 198480.09766927382)","HEMPSTEAD AVENUE","Cross Island Parkway","Cross Is Pkwy Nb En Hempstead Wb","WB"
"22562","Queens","2016","5","9","5","45","355","155613","POINT (1059678.8154876027 198480.09766927382)","HEMPSTEAD AVENUE","Cross Island Parkway","Cross Is Pkwy Nb En Hempstead Wb","WB"
"22562","Queens","2016","5","9","6","0","426","155613","POINT (1059678.8154876027 198480.09766927382)","HEMPSTEAD AVENUE","Cross Island Parkway","Cross Is Pkwy Nb En Hempstead Wb","WB"
"22562","Queens","2016","5","9","6","15","461","155613","POINT (1059678.8154876027 198480.09766927382)","HEMPSTEAD AVENUE","Cross Island Parkway","Cross Is Pkwy Nb En Hempstead Wb","WB"
"22562","Queens","2016","5","9","6","30","497","155613","POINT (1059678.8154876027 198480.09766927382)","HEMPSTEAD AVENUE","Cross Island Parkway","Cross Is Pkwy Nb En Hempstead Wb","WB"
"22562","Queens","2016","5","9","6","45","489","155613","POINT (1059678.8154876027 198480.09766927382)","HEMPSTEAD AVENUE","Cross Island Parkway","Cross Is Pkwy Nb En Hempstead Wb","WB"
"22562","Queens","2016","5","9","7","0","500","155613","POINT (1059678.8154876027 198480.09766927382)","HEMPSTEAD AVENUE","Cross Island Parkway","Cross Is Pkwy Nb En Hempstead Wb","WB"
"22562","Queens","2016","5","9","7","15","486","155613","POINT (1059678.8154876027 198480.09766927382)","HEMPSTEAD AVENUE","Cross Island Parkway","Cross Is Pkwy Nb En Hempstead Wb","WB"
"22562","Queens","2016","5","9","7","30","443","155613","POINT (1059678.8154876027 198480.09766927382)","HEMPSTEAD AVENUE","Cross Island Parkway","Cross Is Pkwy Nb En Hempstead Wb","WB"
"22562","Queens","2016","5","9","7","45","485","155613","POINT (1059678.8154876027 198480.09766927382)","HEMPSTEAD AVENUE","Cross Island Parkway","Cross Is Pkwy Nb En Hempstead Wb","WB"
"22562","Queens","2016","5","9","8","0","410","155613","POINT (1059678.8154876027 198480.09766927382)","HEMPSTEAD AVENUE","Cross Island Parkway","Cross Is Pkwy Nb En Hempstead Wb","WB"
"22562","Queens","2016","5","9","8","15","413","155613","POINT (1059678.8154876027 198480.09766927382)","HEMPSTEAD AVENUE","Cross Island Parkway","Cross Is Pkwy Nb En Hempstead Wb","WB"
"22562","Queens","2016","5","9","8","30","380","155613","POINT (1059678.8154876027 198480.09766927382)","HEMPSTEAD AVENUE","Cross Island Parkway","Cross Is Pkwy Nb En Hempstead Wb","WB"
"22562","Queens","2016","5","9","8","45","368","155613","POINT (1059678.8154876027 198480.09766927382)","HEMPSTEAD AVENUE","Cross Island Parkway","Cross Is Pkwy Nb En Hempstead Wb","WB"
"22562","Queens","2016","5","9","9","0","362","155613","POINT (1059678.8154876027 198480.09766927382)","HEMPSTEAD AVENUE","Cross Island Parkway","Cross Is Pkwy Nb En Hempstead Wb","WB"
"22562","Queens","2016","5","9","9","15","347","155613","POINT (1059678.8154876027 198480.09766927382)","HEMPSTEAD AVENUE","Cross Island Parkway","Cross Is Pkwy Nb En Hempstead Wb","WB"
"22562","Queens","2016","5","9","9","30","360","155613","POINT (1059678.8154876027 198480.09766927382)","HEMPSTEAD AVENUE","Cross Island Parkway","Cross Is Pkwy Nb En Hempstead Wb","WB"
"22562","Queens","2016","5","9","9","45","379","155613","POINT (1059678.8154876027 198480.09766927382)","HEMPSTEAD AVENUE","Cross Island Parkway","Cross Is Pkwy Nb En Hempstead Wb","WB"
"22562","Queens","2016","5","9","10","0","327","155613","POINT (1059678.8154876027 198480.09766927382)","HEMPSTEAD AVENUE","Cross Island Parkway","Cross Is Pkwy Nb En Hempstead Wb","WB"
"22562","Queens","2016","5","9","10","15","302","155613","POINT (1059678.8154876027 198480.09766927382)","HEMPSTEAD AVENUE","Cross Island Parkway","Cross Is Pkwy Nb En Hempstead Wb","WB"
"22562","Queens","2016","5","9","10","30","314","155613","POINT (1059678.8154876027 198480.09766927382)","HEMPSTEAD AVENUE","Cross Island Parkway","Cross Is Pkwy Nb En Hempstead Wb","WB"
"22562","Queens","2016","5","9","10","45","377","155613","POINT (1059678.8154876027 198480.09766927382)","HEMPSTEAD AVENUE","Cross Island Parkway","Cross Is Pkwy Nb En Hempstead Wb","WB"
"11693","Queens","2013","5","11","14","0","252","172079","POINT (1060029.1 191032)","LINDEN BLVD","CROSS IS PKWY","CROSS IS PKWY","EB"
"11693","Queens","2013","5","11","14","15","240","172079","POINT (1060029.1 191032)","LINDEN BLVD","CROSS IS PKWY","CROSS IS PKWY","EB"
"11693","Queens","2013","5","11","14","30","231","172079","POINT (1060029.1 191032)","LINDEN BLVD","CROSS IS PKWY","CROSS IS PKWY","EB"
"11693","Queens","2013","5","11","14","45","247","172079","POINT (1060029.1 191032)","LINDEN BLVD","CROSS IS PKWY","CROSS IS PKWY","EB"
"11693","Queens","2013","5","11","15","0","237","172079","POINT (1060029.1 191032)","LINDEN BLVD","CROSS IS PKWY","CROSS IS PKWY","EB"
"11693","Queens","2013","5","11","15","15","238","172079","POINT (1060029.1 191032)","LINDEN BLVD","CROSS IS PKWY","CROSS IS PKWY","EB"
"11693","Queens","2013","5","11","15","30","234","172079","POINT (1060029.1 191032)","LINDEN BLVD","CROSS IS PKWY","CROSS IS PKWY","EB"
"11693","Queens","2013","5","11","15","45","241","172079","POINT (1060029.1 191032)","LINDEN BLVD","CROSS IS PKWY","CROSS IS PKWY","EB"
"11693","Queens","2013","5","11","16","0","259","172079","POINT (1060029.1 191032)","LINDEN BLVD","CROSS IS PKWY","CROSS IS PKWY","EB"
"11693","Queens","2013","5","11","16","15","229","172079","POINT (1060029.1 191032)","LINDEN BLVD","CROSS IS PKWY","CROSS IS PKWY","EB"
"11693","Queens","2013","5","11","16","30","221","172079","POINT (1060029.1 191032)","LINDEN BLVD","CROSS IS PKWY","CROSS IS PKWY","EB"
"11693","Queens","2013","5","11","16","45","225","172079","POINT (1060029.1 191032)","LINDEN BLVD","CROSS IS PKWY","CROSS IS PKWY","EB"
"11693","Queens","2013","5","11","17","0","208","172079","POINT (1060029.1 191032)","LINDEN BLVD","CROSS IS PKWY","CROSS IS PKWY","EB"
"11693","Queens","2013","5","11","17","15","213","172079","POINT (1060029.1 191032)","LINDEN BLVD","CROSS IS PKWY","CROSS IS PKWY","EB"
"11693","Queens","2013","5","11","17","30","235","172079","POINT (1060029.1 191032)","LINDEN BLVD","CROSS IS PKWY","CROSS IS PKWY","EB"
"11693","Queens","2013","5","11","17","45","249","172079","POINT (1060029.1 191032)","LINDEN BLVD","CROSS IS PKWY","CROSS IS PKWY","EB"
"11693","Queens","2013","5","11","18","0","248","172079","POINT (1060029.1 191032)","LINDEN BLVD","CROSS IS PKWY","CROSS IS PKWY","EB"
"11693","Queens","2013","5","11","18","15","266","172079","POINT (1060029.1 191032)","LINDEN BLVD","CROSS IS PKWY","CROSS IS PKWY","EB"
"11693","Queens","2013","5","11","18","30","263","172079","POINT (1060029.1 191032)","LINDEN BLVD","CROSS IS PKWY","CROSS IS PKWY","EB"
"11693","Queens","2013","5","11","18","45","222","172079","POINT (1060029.1 191032)","LINDEN BLVD","CROSS IS PKWY","CROSS IS PKWY","EB"
"11693","Queens","2013","5","11","19","0","247","172079","POINT (1060029.1 191032)","LINDEN BLVD","CROSS IS PKWY","CROSS IS PKWY","EB"
"11693","Queens","2013","5","11","19","15","253","172079","POINT (1060029.1 191032)","LINDEN BLVD","CROSS IS PKWY","CROSS IS PKWY","EB"
"11693","Queens","2013","5","11","19","30","234","172079","POINT (1060029.1 191032)","LINDEN BLVD","CROSS IS PKWY","CROSS IS PKWY","EB"
"11693","Queens","2013","5","11","19","45","197","172079","POINT (1060029.1 191032)","LINDEN BLVD","CROSS IS PKWY","CROSS IS PKWY","EB"
"11693","Queens","2013","5","11","20","0","196","172079","POINT (1060029.1 191032)","LINDEN BLVD","CROSS IS PKWY","CROSS IS PKWY","EB"
"11693","Queens","2013","5","11","20","15","201","172079","POINT (1060029.1 191032)","LINDEN BLVD","CROSS IS PKWY","CROSS IS PKWY","EB"
"11693","Queens","2013","5","11","20","30","173","172079","POINT (1060029.1 191032)","LINDEN BLVD","CROSS IS PKWY","CROSS IS PKWY","EB"
"11693","Queens","2013","5","11","20","45","164","172079","POINT (1060029.1 191032)","LINDEN BLVD","CROSS IS PKWY","CROSS IS PKWY","EB"
"11693","Queens","2013","5","11","21","0","151","172079","POINT (1060029.1 191032)","LINDEN BLVD","CROSS IS PKWY","CROSS IS PKWY","EB"
"11693","Queens","2013","5","11","21","15","162","172079","POINT (1060029.1 191032)","LINDEN BLVD","CROSS IS PKWY","CROSS IS PKWY","EB"
"11693","Queens","2013","5","11","21","30","143","172079","POINT (1060029.1 191032)","LINDEN BLVD","CROSS IS PKWY","CROSS IS PKWY","EB"
"11693","Queens","2013","5","11","21","45","142","172079","POINT (1060029.1 191032)","LINDEN BLVD","CROSS IS PKWY","CROSS IS PKWY","EB"
"11693","Queens","2013","5","11","22","0","138","172079","POINT (1060029.1 191032)","LINDEN BLVD","CROSS IS PKWY","CROSS IS PKWY","EB"
"11693","Queens","2013","5","11","22","15","153","172079","POINT (1060029.1 191032)","LINDEN BLVD","CROSS IS PKWY","CROSS IS PKWY","EB"
"11693","Queens","2013","5","11","22","30","129","172079","POINT (1060029.1 191032)","LINDEN BLVD","CROSS IS PKWY","CROSS IS PKWY","EB"
"11693","Queens","2013","5","11","22","45","143","172079","POINT (1060029.1 191032)","LINDEN BLVD","CROSS IS PKWY","CROSS IS PKWY","EB"
"11693","Queens","2013","5","11","23","0","127","172079","POINT (1060029.1 191032)","LINDEN BLVD","CROSS IS PKWY","CROSS IS PKWY","EB"
"11693","Queens","2013","5","11","23","15","125","172079","POINT (1060029.1 191032)","LINDEN BLVD","CROSS IS PKWY","CROSS IS PKWY","EB"
"11693","Queens","2013","5","11","23","30","121","172079","POINT (1060029.1 191032)","LINDEN BLVD","CROSS IS PKWY","CROSS IS PKWY","EB"
"11693","Queens","2013","5","11","23","45","110","172079","POINT (1060029.1 191032)","LINDEN BLVD","CROSS IS PKWY","CROSS IS PKWY","EB"
"11693","Queens","2013","5","12","0","0","112","172079","POINT (1060029.1 191032)","LINDEN BLVD","CROSS IS PKWY","CROSS IS PKWY","EB"
"11693","Queens","2013","5","12","0","15","92","172079","POINT (1060029.1 191032)","LINDEN BLVD","CROSS IS PKWY","CROSS IS PKWY","EB"
"11693","Queens","2013","5","12","0","30","91","172079","POINT (1060029.1 191032)","LINDEN BLVD","CROSS IS PKWY","CROSS IS PKWY","EB"
"11693","Queens","2013","5","12","0","45","106","172079","POINT (1060029.1 191032)","LINDEN BLVD","CROSS IS PKWY","CROSS IS PKWY","EB"
"11693","Queens","2013","5","12","1","0","89","172079","POINT (1060029.1 191032)","LINDEN BLVD","CROSS IS PKWY","CROSS IS PKWY","EB"
"11693","Queens","2013","5","12","1","15","67","172079","POINT (1060029.1 191032)","LINDEN BLVD","CROSS IS PKWY","CROSS IS PKWY","EB"
"11693","Queens","2013","5","12","1","30","58","172079","POINT (1060029.1 191032)","LINDEN BLVD","CROSS IS PKWY","CROSS IS PKWY","EB"
"11693","Queens","2013","5","12","1","45","54","172079","POINT (1060029.1 191032)","LINDEN BLVD","CROSS IS PKWY","CROSS IS PKWY","EB"
"11693","Queens","2013","5","12","2","0","56","172079","POINT (1060029.1 191032)","LINDEN BLVD","CROSS IS PKWY","CROSS IS PKWY","EB"
"11693","Queens","2013","5","12","2","15","49","172079","POINT (1060029.1 191032)","LINDEN BLVD","CROSS IS PKWY","CROSS IS PKWY","EB"
"11693","Queens","2013","5","12","2","30","45","172079","POINT (1060029.1 191032)","LINDEN BLVD","CROSS IS PKWY","CROSS IS PKWY","EB"
"11693","Queens","2013","5","12","2","45","41","172079","POINT (1060029.1 191032)","LINDEN BLVD","CROSS IS PKWY","CROSS IS PKWY","EB"
"11693","Queens","2013","5","12","3","0","46","172079","POINT (1060029.1 191032)","LINDEN BLVD","CROSS IS PKWY","CROSS IS PKWY","EB"
"11693","Queens","2013","5","12","3","15","34","172079","POINT (1060029.1 191032)","LINDEN BLVD","CROSS IS PKWY","CROSS IS PKWY","EB"
"11693","Queens","2013","5","12","3","30","42","172079","POINT (1060029.1 191032)","LINDEN BLVD","CROSS IS PKWY","CROSS IS PKWY","EB"
"11693","Queens","2013","5","12","3","45","34","172079","POINT (1060029.1 191032)","LINDEN BLVD","CROSS IS PKWY","CROSS IS PKWY","EB"
"11693","Queens","2013","5","12","4","0","45","172079","POINT (1060029.1 191032)","LINDEN BLVD","CROSS IS PKWY","CROSS IS PKWY","EB"
"11693","Queens","2013","5","12","4","15","51","172079","POINT (1060029.1 191032)","LINDEN BLVD","CROSS IS PKWY","CROSS IS PKWY","EB"
"11693","Queens","2013","5","12","4","30","35","172079","POINT (1060029.1 191032)","LINDEN BLVD","CROSS IS PKWY","CROSS IS PKWY","EB"
"11693","Queens","2013","5","12","4","45","38","172079","POINT (1060029.1 191032)","LINDEN BLVD","CROSS IS PKWY","CROSS IS PKWY","EB"
"11693","Queens","2013","5","12","5","0","36","172079","POINT (1060029.1 191032)","LINDEN BLVD","CROSS IS PKWY","CROSS IS PKWY","EB"
"11693","Queens","2013","5","12","5","15","41","172079","POINT (1060029.1 191032)","LINDEN BLVD","CROSS IS PKWY","CROSS IS PKWY","EB"
"11693","Queens","2013","5","12","5","30","27","172079","POINT (1060029.1 191032)","LINDEN BLVD","CROSS IS PKWY","CROSS IS PKWY","EB"
"11693","Queens","2013","5","12","5","45","36","172079","POINT (1060029.1 191032)","LINDEN BLVD","CROSS IS PKWY","CROSS IS PKWY","EB"
"11693","Queens","2013","5","12","6","0","43","172079","POINT (1060029.1 191032)","LINDEN BLVD","CROSS IS PKWY","CROSS IS PKWY","EB"
"11693","Queens","2013","5","12","6","15","43","172079","POINT (1060029.1 191032)","LINDEN BLVD","CROSS IS PKWY","CROSS IS PKWY","EB"
"11693","Queens","2013","5","12","6","30","73","172079","POINT (1060029.1 191032)","LINDEN BLVD","CROSS IS PKWY","CROSS IS PKWY","EB"
"11693","Queens","2013","5","12","6","45","75","172079","POINT (1060029.1 191032)","LINDEN BLVD","CROSS IS PKWY","CROSS IS PKWY","EB"
"11693","Queens","2013","5","12","7","0","65","172079","POINT (1060029.1 191032)","LINDEN BLVD","CROSS IS PKWY","CROSS IS PKWY","EB"
"11693","Queens","2013","5","12","7","15","75","172079","POINT (1060029.1 191032)","LINDEN BLVD","CROSS IS PKWY","CROSS IS PKWY","EB"
"11693","Queens","2013","5","12","7","30","85","172079","POINT (1060029.1 191032)","LINDEN BLVD","CROSS IS PKWY","CROSS IS PKWY","EB"
"11693","Queens","2013","5","12","7","45","89","172079","POINT (1060029.1 191032)","LINDEN BLVD","CROSS IS PKWY","CROSS IS PKWY","EB"
"11693","Queens","2013","5","12","8","0","106","172079","POINT (1060029.1 191032)","LINDEN BLVD","CROSS IS PKWY","CROSS IS PKWY","EB"
"11693","Queens","2013","5","12","8","15","126","172079","POINT (1060029.1 191032)","LINDEN BLVD","CROSS IS PKWY","CROSS IS PKWY","EB"
"11693","Queens","2013","5","12","8","30","121","172079","POINT (1060029.1 191032)","LINDEN BLVD","CROSS IS PKWY","CROSS IS PKWY","EB"
"11693","Queens","2013","5","12","8","45","146","172079","POINT (1060029.1 191032)","LINDEN BLVD","CROSS IS PKWY","CROSS IS PKWY","EB"
"11693","Queens","2013","5","12","9","0","147","172079","POINT (1060029.1 191032)","LINDEN BLVD","CROSS IS PKWY","CROSS IS PKWY","EB"
"11693","Queens","2013","5","12","9","15","157","172079","POINT (1060029.1 191032)","LINDEN BLVD","CROSS IS PKWY","CROSS IS PKWY","EB"
"11693","Queens","2013","5","12","9","30","150","172079","POINT (1060029.1 191032)","LINDEN BLVD","CROSS IS PKWY","CROSS IS PKWY","EB"
"11693","Queens","2013","5","12","9","45","165","172079","POINT (1060029.1 191032)","LINDEN BLVD","CROSS IS PKWY","CROSS IS PKWY","EB"
"11693","Queens","2013","5","12","10","0","182","172079","POINT (1060029.1 191032)","LINDEN BLVD","CROSS IS PKWY","CROSS IS PKWY","EB"
"11693","Queens","2013","5","12","10","15","192","172079","POINT (1060029.1 191032)","LINDEN BLVD","CROSS IS PKWY","CROSS IS PKWY","EB"
"11693","Queens","2013","5","12","10","30","190","172079","POINT (1060029.1 191032)","LINDEN BLVD","CROSS IS PKWY","CROSS IS PKWY","EB"
"11693","Queens","2013","5","12","10","45","204","172079","POINT (1060029.1 191032)","LINDEN BLVD","CROSS IS PKWY","CROSS IS PKWY","EB"
"11693","Queens","2013","5","12","11","0","205","172079","POINT (1060029.1 191032)","LINDEN BLVD","CROSS IS PKWY","CROSS IS PKWY","EB"
"11693","Queens","2013","5","12","11","15","239","172079","POINT (1060029.1 191032)","LINDEN BLVD","CROSS IS PKWY","CROSS IS PKWY","EB"
"11693","Queens","2013","5","12","11","30","191","172079","POINT (1060029.1 191032)","LINDEN BLVD","CROSS IS PKWY","CROSS IS PKWY","EB"
"11693","Queens","2013","5","12","11","45","213","172079","POINT (1060029.1 191032)","LINDEN BLVD","CROSS IS PKWY","CROSS IS PKWY","EB"
"11693","Queens","2013","5","12","12","0","205","172079","POINT (1060029.1 191032)","LINDEN BLVD","CROSS IS PKWY","CROSS IS PKWY","EB"
"11693","Queens","2013","5","12","12","15","231","172079","POINT (1060029.1 191032)","LINDEN BLVD","CROSS IS PKWY","CROSS IS PKWY","EB"
"11693","Queens","2013","5","12","12","30","203","172079","POINT (1060029.1 191032)","LINDEN BLVD","CROSS IS PKWY","CROSS IS PKWY","EB"
"11693","Queens","2013","5","12","12","45","221","172079","POINT (1060029.1 191032)","LINDEN BLVD","CROSS IS PKWY","CROSS IS PKWY","EB"
"11693","Queens","2013","5","12","13","0","188","172079","POINT (1060029.1 191032)","LINDEN BLVD","CROSS IS PKWY","CROSS IS PKWY","EB"
"11693","Queens","2013","5","12","13","15","187","172079","POINT (1060029.1 191032)","LINDEN BLVD","CROSS IS PKWY","CROSS IS PKWY","EB"
"11693","Queens","2013","5","12","13","30","225","172079","POINT (1060029.1 191032)","LINDEN BLVD","CROSS IS PKWY","CROSS IS PKWY","EB"
"11693","Queens","2013","5","12","13","45","243","172079","POINT (1060029.1 191032)","LINDEN BLVD","CROSS IS PKWY","CROSS IS PKWY","EB"
"11693","Queens","2013","5","12","14","0","214","172079","POINT (1060029.1 191032)","LINDEN BLVD","CROSS IS PKWY","CROSS IS PKWY","EB"
"11693","Queens","2013","5","12","14","15","253","172079","POINT (1060029.1 191032)","LINDEN BLVD","CROSS IS PKWY","CROSS IS PKWY","EB"
"11693","Queens","2013","5","12","14","30","259","172079","POINT (1060029.1 191032)","LINDEN BLVD","CROSS IS PKWY","CROSS IS PKWY","EB"
"11693","Queens","2013","5","12","14","45","268","172079","POINT (1060029.1 191032)","LINDEN BLVD","CROSS IS PKWY","CROSS IS PKWY","EB"
"11693","Queens","2013","5","12","15","0","269","172079","POINT (1060029.1 191032)","LINDEN BLVD","CROSS IS PKWY","CROSS IS PKWY","EB"
"11693","Queens","2013","5","12","15","15","254","172079","POINT (1060029.1 191032)","LINDEN BLVD","CROSS IS PKWY","CROSS IS PKWY","EB"
"11693","Queens","2013","5","12","15","30","269","172079","POINT (1060029.1 191032)","LINDEN BLVD","CROSS IS PKWY","CROSS IS PKWY","EB"
"11693","Queens","2013","5","12","15","45","240","172079","POINT (1060029.1 191032)","LINDEN BLVD","CROSS IS PKWY","CROSS IS PKWY","EB"
"11693","Queens","2013","5","12","16","0","225","172079","POINT (1060029.1 191032)","LINDEN BLVD","CROSS IS PKWY","CROSS IS PKWY","EB"
"35707","Brooklyn","2023","1","14","12","0","197","151516","POINT (1004852.0243700822 162537.73371917408)","FLATBUSH AVENUE","Dead end","Avenue S","NB"
"35707","Brooklyn","2023","1","14","12","15","233","151516","POINT (1004852.0243700822 162537.73371917408)","FLATBUSH AVENUE","Dead end","Avenue S","NB"
"35707","Brooklyn","2023","1","14","12","30","213","151516","POINT (1004852.0243700822 162537.73371917408)","FLATBUSH AVENUE","Dead end","Avenue S","NB"
"35707","Brooklyn","2023","1","14","12","45","187","151516","POINT (1004852.0243700822 162537.73371917408)","FLATBUSH AVENUE","Dead end","Avenue S","NB"
"35707","Brooklyn","2023","1","14","13","0","192","151516","POINT (1004852.0243700822 162537.73371917408)","FLATBUSH AVENUE","Dead end","Avenue S","NB"
"35707","Brooklyn","2023","1","14","13","15","217","151516","POINT (1004852.0243700822 162537.73371917408)","FLATBUSH AVENUE","Dead end","Avenue S","NB"
"35707","Brooklyn","2023","1","14","13","30","202","151516","POINT (1004852.0243700822 162537.73371917408)","FLATBUSH AVENUE","Dead end","Avenue S","NB"
"35707","Brooklyn","2023","1","14","13","45","231","151516","POINT (1004852.0243700822 162537.73371917408)","FLATBUSH AVENUE","Dead end","Avenue S","NB"
"35707","Brooklyn","2023","1","14","14","0","217","151516","POINT (1004852.0243700822 162537.73371917408)","FLATBUSH AVENUE","Dead end","Avenue S","NB"
"35707","Brooklyn","2023","1","14","14","15","202","151516","POINT (1004852.0243700822 162537.73371917408)","FLATBUSH AVENUE","Dead end","Avenue S","NB"
"35707","Brooklyn","2023","1","14","14","30","223","151516","POINT (1004852.0243700822 162537.73371917408)","FLATBUSH AVENUE","Dead end","Avenue S","NB"
"35707","Brooklyn","2023","1","14","14","45","249","151516","POINT (1004852.0243700822 162537.73371917408)","FLATBUSH AVENUE","Dead end","Avenue S","NB"
"35707","Brooklyn","2023","1","14","15","0","227","151516","POINT (1004852.0243700822 162537.73371917408)","FLATBUSH AVENUE","Dead end","Avenue S","NB"
"35707","Brooklyn","2023","1","14","15","15","243","151516","POINT (1004852.0243700822 162537.73371917408)","FLATBUSH AVENUE","Dead end","Avenue S","NB"
"35707","Brooklyn","2023","1","14","15","30","223","151516","POINT (1004852.0243700822 162537.73371917408)","FLATBUSH AVENUE","Dead end","Avenue S","NB"
"35707","Brooklyn","2023","1","14","15","45","244","151516","POINT (1004852.0243700822 162537.73371917408)","FLATBUSH AVENUE","Dead end","Avenue S","NB"
"35707","Brooklyn","2023","1","14","16","0","241","151516","POINT (1004852.0243700822 162537.73371917408)","FLATBUSH AVENUE","Dead end","Avenue S","NB"
"35707","Brooklyn","2023","1","14","16","15","240","151516","POINT (1004852.0243700822 162537.73371917408)","FLATBUSH AVENUE","Dead end","Avenue S","NB"
"35707","Brooklyn","2023","1","14","16","30","234","151516","POINT (1004852.0243700822 162537.73371917408)","FLATBUSH AVENUE","Dead end","Avenue S","NB"
"35707","Brooklyn","2023","1","14","16","45","245","151516","POINT (1004852.0243700822 162537.73371917408)","FLATBUSH AVENUE","Dead end","Avenue S","NB"
"35707","Brooklyn","2023","1","14","17","0","202","151516","POINT (1004852.0243700822 162537.73371917408)","FLATBUSH AVENUE","Dead end","Avenue S","NB"
"35707","Brooklyn","2023","1","14","17","15","234","151516","POINT (1004852.0243700822 162537.73371917408)","FLATBUSH AVENUE","Dead end","Avenue S","NB"
"35707","Brooklyn","2023","1","14","17","30","218","151516","POINT (1004852.0243700822 162537.73371917408)","FLATBUSH AVENUE","Dead end","Avenue S","NB"
"35707","Brooklyn","2023","1","14","17","45","225","151516","POINT (1004852.0243700822 162537.73371917408)","FLATBUSH AVENUE","Dead end","Avenue S","NB"
"35707","Brooklyn","2023","1","14","18","0","220","151516","POINT (1004852.0243700822 162537.73371917408)","FLATBUSH AVENUE","Dead end","Avenue S","NB"
"35707","Brooklyn","2023","1","14","18","15","229","151516","POINT (1004852.0243700822 162537.73371917408)","FLATBUSH AVENUE","Dead end","Avenue S","NB"
"35707","Brooklyn","2023","1","14","18","30","217","151516","POINT (1004852.0243700822 162537.73371917408)","FLATBUSH AVENUE","Dead end","Avenue S","NB"
"35707","Brooklyn","2023","1","14","18","45","197","151516","POINT (1004852.0243700822 162537.73371917408)","FLATBUSH AVENUE","Dead end","Avenue S","NB"
"35707","Brooklyn","2023","1","14","19","0","198","151516","POINT (1004852.0243700822 162537.73371917408)","FLATBUSH AVENUE","Dead end","Avenue S","NB"
"35707","Brooklyn","2023","1","14","19","15","235","151516","POINT (1004852.0243700822 162537.73371917408)","FLATBUSH AVENUE","Dead end","Avenue S","NB"
"35707","Brooklyn","2023","1","14","19","30","201","151516","POINT (1004852.0243700822 162537.73371917408)","FLATBUSH AVENUE","Dead end","Avenue S","NB"
"35707","Brooklyn","2023","1","14","19","45","214","151516","POINT (1004852.0243700822 162537.73371917408)","FLATBUSH AVENUE","Dead end","Avenue S","NB"
"35707","Brooklyn","2023","1","14","20","0","212","151516","POINT (1004852.0243700822 162537.73371917408)","FLATBUSH AVENUE","Dead end","Avenue S","NB"
"35707","Brooklyn","2023","1","14","20","15","241","151516","POINT (1004852.0243700822 162537.73371917408)","FLATBUSH AVENUE","Dead end","Avenue S","NB"
"35707","Brooklyn","2023","1","14","20","30","207","151516","POINT (1004852.0243700822 162537.73371917408)","FLATBUSH AVENUE","Dead end","Avenue S","NB"
"35707","Brooklyn","2023","1","14","20","45","191","151516","POINT (1004852.0243700822 162537.73371917408)","FLATBUSH AVENUE","Dead end","Avenue S","NB"
"35707","Brooklyn","2023","1","14","21","0","181","151516","POINT (1004852.0243700822 162537.73371917408)","FLATBUSH AVENUE","Dead end","Avenue S","NB"
"35707","Brooklyn","2023","1","14","21","15","203","151516","POINT (1004852.0243700822 162537.73371917408)","FLATBUSH AVENUE","Dead end","Avenue S","NB"
"35707","Brooklyn","2023","1","14","21","30","172","151516","POINT (1004852.0243700822 162537.73371917408)","FLATBUSH AVENUE","Dead end","Avenue S","NB"
"35707","Brooklyn","2023","1","14","21","45","165","151516","POINT (1004852.0243700822 162537.73371917408)","FLATBUSH AVENUE","Dead end","Avenue S","NB"
"35707","Brooklyn","2023","1","14","22","0","148","151516","POINT (1004852.0243700822 162537.73371917408)","FLATBUSH AVENUE","Dead end","Avenue S","NB"
"35707","Brooklyn","2023","1","14","22","15","176","151516","POINT (1004852.0243700822 162537.73371917408)","FLATBUSH AVENUE","Dead end","Avenue S","NB"
"35707","Brooklyn","2023","1","14","22","30","132","151516","POINT (1004852.0243700822 162537.73371917408)","FLATBUSH AVENUE","Dead end","Avenue S","NB"
"35707","Brooklyn","2023","1","14","22","45","148","151516","POINT (1004852.0243700822 162537.73371917408)","FLATBUSH AVENUE","Dead end","Avenue S","NB"
"35707","Brooklyn","2023","1","14","23","0","155","151516","POINT (1004852.0243700822 162537.73371917408)","FLATBUSH AVENUE","Dead end","Avenue S","NB"
"35707","Brooklyn","2023","1","14","23","15","140","151516","POINT (1004852.0243700822 162537.73371917408)","FLATBUSH AVENUE","Dead end","Avenue S","NB"
"35707","Brooklyn","2023","1","14","23","30","121","151516","POINT (1004852.0243700822 162537.73371917408)","FLATBUSH AVENUE","Dead end","Avenue S","NB"
"35707","Brooklyn","2023","1","14","23","45","125","151516","POINT (1004852.0243700822 162537.73371917408)","FLATBUSH AVENUE","Dead end","Avenue S","NB"
"8407","Brooklyn","2012","5","19","9","30","369","151528","POINT (988173.2 151272.9)","CROPSEY AV BR","BAY 54 ST/CROPSEY AV","BODY OF WATER","NB"
"8407","Brooklyn","2012","5","19","9","45","382","151528","POINT (988173.2 151272.9)","CROPSEY AV BR","BAY 54 ST/CROPSEY AV","BODY OF WATER","NB"
"8407","Brooklyn","2012","5","19","10","0","392","151528","POINT (988173.2 151272.9)","CROPSEY AV BR","BAY 54 ST/CROPSEY AV","BODY OF WATER","NB"
"32143","Queens","2018","4","12","7","30","483","151538","POINT (1027398.3435025475 187120.08913721886)","CROSS BAY BOULEVARD","Dead end","Fulton Street Line","NB"
"32143","Queens","2018","4","12","7","45","443","151538","POINT (1027398.3435025475 187120.08913721886)","CROSS BAY BOULEVARD","Dead end","Fulton Street Line","NB"
"32143","Queens","2018","4","12","8","0","499","151538","POINT (1027398.3435025475 187120.08913721886)","CROSS BAY BOULEVARD","Dead end","Fulton Street Line","NB"
"32143","Queens","2018","4","12","8","15","457","151538","POINT (1027398.3435025475 187120.08913721886)","CROSS BAY BOULEVARD","Dead end","Fulton Street Line","NB"
"32143","Queens","2018","4","12","8","30","514","151538","POINT (1027398.3435025475 187120.08913721886)","CROSS BAY BOULEVARD","Dead end","Fulton Street Line","NB"
"32143","Queens","2018","4","12","8","45","417","151538","POINT (1027398.3435025475 187120.08913721886)","CROSS BAY BOULEVARD","Dead end","Fulton Street Line","NB"
"16192","Queens","2013","11","12","15","30","145","151569","POINT (1023712.1 196468.6)","UNION TP","WOODHAVEN BLVD","WOODHAVEN BOULEVARD","EB"
"16192","Queens","2013","11","12","15","45","151","151569","POINT (1023712.1 196468.6)","UNION TP","WOODHAVEN BLVD","WOODHAVEN BOULEVARD","EB"
"16192","Queens","2013","11","12","16","0","151","151569","POINT (1023712.1 196468.6)","UNION TP","WOODHAVEN BLVD","WOODHAVEN BOULEVARD","EB"
"16192","Queens","2013","11","12","16","15","169","151569","POINT (1023712.1 196468.6)","UNION TP","WOODHAVEN BLVD","WOODHAVEN BOULEVARD","EB"
"16192","Queens","2013","11","12","16","30","137","151569","POINT (1023712.1 196468.6)","UNION TP","WOODHAVEN BLVD","WOODHAVEN BOULEVARD","EB"
"16192","Queens","2013","11","12","16","45","132","151569","POINT (1023712.1 196468.6)","UNION TP","WOODHAVEN BLVD","WOODHAVEN BOULEVARD","EB"
"16192","Queens","2013","11","12","17","0","145","151569","POINT (1023712.1 196468.6)","UNION TP","WOODHAVEN BLVD","WOODHAVEN BOULEVARD","EB"
"16192","Queens","2013","11","12","17","15","151","151569","POINT (1023712.1 196468.6)","UNION TP","WOODHAVEN BLVD","WOODHAVEN BOULEVARD","EB"
"16192","Queens","2013","11","12","17","30","126","151569","POINT (1023712.1 196468.6)","UNION TP","WOODHAVEN BLVD","WOODHAVEN BOULEVARD","EB"
"16192","Queens","2013","11","12","17","45","152","151569","POINT (1023712.1 196468.6)","UNION TP","WOODHAVEN BLVD","WOODHAVEN BOULEVARD","EB"
"16192","Queens","2013","11","12","18","0","123","151569","POINT (1023712.1 196468.6)","UNION TP","WOODHAVEN BLVD","WOODHAVEN BOULEVARD","EB"
"16192","Queens","2013","11","12","18","15","124","151569","POINT (1023712.1 196468.6)","UNION TP","WOODHAVEN BLVD","WOODHAVEN BOULEVARD","EB"
"16192","Queens","2013","11","12","18","30","97","151569","POINT (1023712.1 196468.6)","UNION TP","WOODHAVEN BLVD","WOODHAVEN BOULEVARD","EB"
"16192","Queens","2013","11","12","18","45","107","151569","POINT (1023712.1 196468.6)","UNION TP","WOODHAVEN BLVD","WOODHAVEN BOULEVARD","EB"
"16192","Queens","2013","11","12","19","0","94","151569","POINT (1023712.1 196468.6)","UNION TP","WOODHAVEN BLVD","WOODHAVEN BOULEVARD","EB"
"16192","Queens","2013","11","12","19","15","110","151569","POINT (1023712.1 196468.6)","UNION TP","WOODHAVEN BLVD","WOODHAVEN BOULEVARD","EB"
"16192","Queens","2013","11","12","19","30","77","151569","POINT (1023712.1 196468.6)","UNION TP","WOODHAVEN BLVD","WOODHAVEN BOULEVARD","EB"
"16192","Queens","2013","11","12","19","45","57","151569","POINT (1023712.1 196468.6)","UNION TP","WOODHAVEN BLVD","WOODHAVEN BOULEVARD","EB"
"16192","Queens","2013","11","12","20","0","50","151569","POINT (1023712.1 196468.6)","UNION TP","WOODHAVEN BLVD","WOODHAVEN BOULEVARD","EB"
"16192","Queens","2013","11","12","20","15","39","151569","POINT (1023712.1 196468.6)","UNION TP","WOODHAVEN BLVD","WOODHAVEN BOULEVARD","EB"
"16192","Queens","2013","11","12","20","30","42","151569","POINT (1023712.1 196468.6)","UNION TP","WOODHAVEN BLVD","WOODHAVEN BOULEVARD","EB"
"16192","Queens","2013","11","12","20","45","45","151569","POINT (1023712.1 196468.6)","UNION TP","WOODHAVEN BLVD","WOODHAVEN BOULEVARD","EB"
"16192","Queens","2013","11","12","21","0","43","151569","POINT (1023712.1 196468.6)","UNION TP","WOODHAVEN BLVD","WOODHAVEN BOULEVARD","EB"
"16192","Queens","2013","11","12","21","15","32","151569","POINT (1023712.1 196468.6)","UNION TP","WOODHAVEN BLVD","WOODHAVEN BOULEVARD","EB"
"16192","Queens","2013","11","12","21","30","28","151569","POINT (1023712.1 196468.6)","UNION TP","WOODHAVEN BLVD","WOODHAVEN BOULEVARD","EB"
"16192","Queens","2013","11","12","21","45","36","151569","POINT (1023712.1 196468.6)","UNION TP","WOODHAVEN BLVD","WOODHAVEN BOULEVARD","EB"
"16192","Queens","2013","11","12","22","0","21","151569","POINT (1023712.1 196468.6)","UNION TP","WOODHAVEN BLVD","WOODHAVEN BOULEVARD","EB"
"16192","Queens","2013","11","12","22","15","26","151569","POINT (1023712.1 196468.6)","UNION TP","WOODHAVEN BLVD","WOODHAVEN BOULEVARD","EB"
"16192","Queens","2013","11","12","22","30","26","151569","POINT (1023712.1 196468.6)","UNION TP","WOODHAVEN BLVD","WOODHAVEN BOULEVARD","EB"
"16192","Queens","2013","11","12","22","45","26","151569","POINT (1023712.1 196468.6)","UNION TP","WOODHAVEN BLVD","WOODHAVEN BOULEVARD","EB"
"16192","Queens","2013","11","12","23","0","15","151569","POINT (1023712.1 196468.6)","UNION TP","WOODHAVEN BLVD","WOODHAVEN BOULEVARD","EB"
"16192","Queens","2013","11","12","23","15","11","151569","POINT (1023712.1 196468.6)","UNION TP","WOODHAVEN BLVD","WOODHAVEN BOULEVARD","EB"
"16192","Queens","2013","11","12","23","30","19","151569","POINT (1023712.1 196468.6)","UNION TP","WOODHAVEN BLVD","WOODHAVEN BOULEVARD","EB"
"16192","Queens","2013","11","12","23","45","9","151569","POINT (1023712.1 196468.6)","UNION TP","WOODHAVEN BLVD","WOODHAVEN BOULEVARD","EB"
"16192","Queens","2013","11","13","0","0","8","151569","POINT (1023712.1 196468.6)","UNION TP","WOODHAVEN BLVD","WOODHAVEN BOULEVARD","EB"
"16192","Queens","2013","11","13","0","15","6","151569","POINT (1023712.1 196468.6)","UNION TP","WOODHAVEN BLVD","WOODHAVEN BOULEVARD","EB"
"16192","Queens","2013","11","13","0","30","12","151569","POINT (1023712.1 196468.6)","UNION TP","WOODHAVEN BLVD","WOODHAVEN BOULEVARD","EB"
"16192","Queens","2013","11","13","0","45","7","151569","POINT (1023712.1 196468.6)","UNION TP","WOODHAVEN BLVD","WOODHAVEN BOULEVARD","EB"
"16192","Queens","2013","11","13","1","0","8","151569","POINT (1023712.1 196468.6)","UNION TP","WOODHAVEN BLVD","WOODHAVEN BOULEVARD","EB"
"16192","Queens","2013","11","13","1","15","2","151569","POINT (1023712.1 196468.6)","UNION TP","WOODHAVEN BLVD","WOODHAVEN BOULEVARD","EB"
"16192","Queens","2013","11","13","1","30","3","151569","POINT (1023712.1 196468.6)","UNION TP","WOODHAVEN BLVD","WOODHAVEN BOULEVARD","EB"
"16192","Queens","2013","11","13","1","45","3","151569","POINT (1023712.1 196468.6)","UNION TP","WOODHAVEN BLVD","WOODHAVEN BOULEVARD","EB"
"16192","Queens","2013","11","13","2","0","4","151569","POINT (1023712.1 196468.6)","UNION TP","WOODHAVEN BLVD","WOODHAVEN BOULEVARD","EB"
"16192","Queens","2013","11","13","2","15","2","151569","POINT (1023712.1 196468.6)","UNION TP","WOODHAVEN BLVD","WOODHAVEN BOULEVARD","EB"
"16192","Queens","2013","11","13","2","30","4","151569","POINT (1023712.1 196468.6)","UNION TP","WOODHAVEN BLVD","WOODHAVEN BOULEVARD","EB"
"16192","Queens","2013","11","13","2","45","3","151569","POINT (1023712.1 196468.6)","UNION TP","WOODHAVEN BLVD","WOODHAVEN BOULEVARD","EB"
"16192","Queens","2013","11","13","3","0","2","151569","POINT (1023712.1 196468.6)","UNION TP","WOODHAVEN BLVD","WOODHAVEN BOULEVARD","EB"
"16192","Queens","2013","11","13","3","15","7","151569","POINT (1023712.1 196468.6)","UNION TP","WOODHAVEN BLVD","WOODHAVEN BOULEVARD","EB"
"39105","Brooklyn","2025","6","16","19","45","252","29141","POINT (992242.4037000213 185354.03197850985)","FLATBUSH AVENUE","8 Avenue","Eastern Parkway Line","SB"
"39105","Brooklyn","2025","6","16","20","0","204","29141","POINT (992242.4037000213 185354.03197850985)","FLATBUSH AVENUE","8 Avenue","Eastern Parkway Line","SB"
"39105","Brooklyn","2025","6","16","20","15","257","29141","POINT (992242.4037000213 185354.03197850985)","FLATBUSH AVENUE","8 Avenue","Eastern Parkway Line","SB"
"39105","Brooklyn","2025","6","16","20","30","179","29141","POINT (992242.4037000213 185354.03197850985)","FLATBUSH AVENUE","8 Avenue","Eastern Parkway Line","SB"
"39105","Brooklyn","2025","6","16","20","45","192","29141","POINT (992242.4037000213 185354.03197850985)","FLATBUSH AVENUE","8 Avenue","Eastern Parkway Line","SB"
"39105","Brooklyn","2025","6","16","21","0","178","29141","POINT (992242.4037000213 185354.03197850985)","FLATBUSH AVENUE","8 Avenue","Eastern Parkway Line","SB"
"39105","Brooklyn","2025","6","16","21","15","187","29141","POINT (992242.4037000213 185354.03197850985)","FLATBUSH AVENUE","8 Avenue","Eastern Parkway Line","SB"
"39105","Brooklyn","2025","6","16","21","30","212","29141","POINT (992242.4037000213 185354.03197850985)","FLATBUSH AVENUE","8 Avenue","Eastern Parkway Line","SB"
"39105","Brooklyn","2025","6","16","21","45","188","29141","POINT (992242.4037000213 185354.03197850985)","FLATBUSH AVENUE","8 Avenue","Eastern Parkway Line","SB"
"39105","Brooklyn","2025","6","16","22","0","237","29141","POINT (992242.4037000213 185354.03197850985)","FLATBUSH AVENUE","8 Avenue","Eastern Parkway Line","SB"
"39105","Brooklyn","2025","6","16","22","15","187","29141","POINT (992242.4037000213 185354.03197850985)","FLATBUSH AVENUE","8 Avenue","Eastern Parkway Line","SB"
"39105","Brooklyn","2025","6","16","22","30","207","29141","POINT (992242.4037000213 185354.03197850985)","FLATBUSH AVENUE","8 Avenue","Eastern Parkway Line","SB"
"39105","Brooklyn","2025","6","16","22","45","216","29141","POINT (992242.4037000213 185354.03197850985)","FLATBUSH AVENUE","8 Avenue","Eastern Parkway Line","SB"
"39105","Brooklyn","2025","6","16","23","0","215","29141","POINT (992242.4037000213 185354.03197850985)","FLATBUSH AVENUE","8 Avenue","Eastern Parkway Line","SB"
"39105","Brooklyn","2025","6","16","23","15","164","29141","POINT (992242.4037000213 185354.03197850985)","FLATBUSH AVENUE","8 Avenue","Eastern Parkway Line","SB"
"39105","Brooklyn","2025","6","16","23","30","212","29141","POINT (992242.4037000213 185354.03197850985)","FLATBUSH AVENUE","8 Avenue","Eastern Parkway Line","SB"
"39105","Brooklyn","2025","6","16","23","45","205","29141","POINT (992242.4037000213 185354.03197850985)","FLATBUSH AVENUE","8 Avenue","Eastern Parkway Line","SB"
"38517","Brooklyn","2025","3","18","0","0","16","35158","POINT (996780.4138559112 206476.61085896826)","MANHATTAN AVENUE","Crosstown Line","Crosstown Line","NB"
"38517","Brooklyn","2025","3","18","0","15","14","35158","POINT (996780.4138559112 206476.61085896826)","MANHATTAN AVENUE","Crosstown Line","Crosstown Line","NB"
"38517","Brooklyn","2025","3","18","0","30","8","35158","POINT (996780.4138559112 206476.61085896826)","MANHATTAN AVENUE","Crosstown Line","Crosstown Line","NB"
"38517","Brooklyn","2025","3","18","0","45","13","35158","POINT (996780.4138559112 206476.61085896826)","MANHATTAN AVENUE","Crosstown Line","Crosstown Line","NB"
"38517","Brooklyn","2025","3","18","1","0","20","35158","POINT (996780.4138559112 206476.61085896826)","MANHATTAN AVENUE","Crosstown Line","Crosstown Line","NB"
"38517","Brooklyn","2025","3","18","1","15","8","35158","POINT (996780.4138559112 206476.61085896826)","MANHATTAN AVENUE","Crosstown Line","Crosstown Line","NB"
"38517","Brooklyn","2025","3","18","1","30","18","35158","POINT (996780.4138559112 206476.61085896826)","MANHATTAN AVENUE","Crosstown Line","Crosstown Line","NB"
"38517","Brooklyn","2025","3","18","1","45","9","35158","POINT (996780.4138559112 206476.61085896826)","MANHATTAN AVENUE","Crosstown Line","Crosstown Line","NB"
"38517","Brooklyn","2025","3","18","2","0","9","35158","POINT (996780.4138559112 206476.61085896826)","MANHATTAN AVENUE","Crosstown Line","Crosstown Line","NB"
"38517","Brooklyn","2025","3","18","2","15","8","35158","POINT (996780.4138559112 206476.61085896826)","MANHATTAN AVENUE","Crosstown Line","Crosstown Line","NB"
"38517","Brooklyn","2025","3","18","2","30","3","35158","POINT (996780.4138559112 206476.61085896826)","MANHATTAN AVENUE","Crosstown Line","Crosstown Line","NB"
"38517","Brooklyn","2025","3","18","2","45","2","35158","POINT (996780.4138559112 206476.61085896826)","MANHATTAN AVENUE","Crosstown Line","Crosstown Line","NB"
"38517","Brooklyn","2025","3","18","3","0","8","35158","POINT (996780.4138559112 206476.61085896826)","MANHATTAN AVENUE","Crosstown Line","Crosstown Line","NB"
"38517","Brooklyn","2025","3","18","3","15","2","35158","POINT (996780.4138559112 206476.61085896826)","MANHATTAN AVENUE","Crosstown Line","Crosstown Line","NB"
"38517","Brooklyn","2025","3","18","3","30","2","35158","POINT (996780.4138559112 206476.61085896826)","MANHATTAN AVENUE","Crosstown Line","Crosstown Line","NB"
"38517","Brooklyn","2025","3","18","3","45","7","35158","POINT (996780.4138559112 206476.61085896826)","MANHATTAN AVENUE","Crosstown Line","Crosstown Line","NB"
"38517","Brooklyn","2025","3","18","4","0","3","35158","POINT (996780.4138559112 206476.61085896826)","MANHATTAN AVENUE","Crosstown Line","Crosstown Line","NB"
"38517","Brooklyn","2025","3","18","4","15","5","35158","POINT (996780.4138559112 206476.61085896826)","MANHATTAN AVENUE","Crosstown Line","Crosstown Line","NB"
"38517","Brooklyn","2025","3","18","4","30","7","35158","POINT (996780.4138559112 206476.61085896826)","MANHATTAN AVENUE","Crosstown Line","Crosstown Line","NB"
"38517","Brooklyn","2025","3","18","4","45","11","35158","POINT (996780.4138559112 206476.61085896826)","MANHATTAN AVENUE","Crosstown Line","Crosstown Line","NB"
"38517","Brooklyn","2025","3","18","5","0","14","35158","POINT (996780.4138559112 206476.61085896826)","MANHATTAN AVENUE","Crosstown Line","Crosstown Line","NB"
"38517","Brooklyn","2025","3","18","5","15","13","35158","POINT (996780.4138559112 206476.61085896826)","MANHATTAN AVENUE","Crosstown Line","Crosstown Line","NB"
"38517","Brooklyn","2025","3","18","5","30","17","35158","POINT (996780.4138559112 206476.61085896826)","MANHATTAN AVENUE","Crosstown Line","Crosstown Line","NB"
"38517","Brooklyn","2025","3","18","5","45","19","35158","POINT (996780.4138559112 206476.61085896826)","MANHATTAN AVENUE","Crosstown Line","Crosstown Line","NB"
"38517","Brooklyn","2025","3","18","6","0","26","35158","POINT (996780.4138559112 206476.61085896826)","MANHATTAN AVENUE","Crosstown Line","Crosstown Line","NB"
"38517","Brooklyn","2025","3","18","6","15","29","35158","POINT (996780.4138559112 206476.61085896826)","MANHATTAN AVENUE","Crosstown Line","Crosstown Line","NB"
"38517","Brooklyn","2025","3","18","6","30","38","35158","POINT (996780.4138559112 206476.61085896826)","MANHATTAN AVENUE","Crosstown Line","Crosstown Line","NB"
"38517","Brooklyn","2025","3","18","6","45","51","35158","POINT (996780.4138559112 206476.61085896826)","MANHATTAN AVENUE","Crosstown Line","Crosstown Line","NB"
"38517","Brooklyn","2025","3","18","7","0","33","35158","POINT (996780.4138559112 206476.61085896826)","MANHATTAN AVENUE","Crosstown Line","Crosstown Line","NB"
"38517","Brooklyn","2025","3","18","7","15","45","35158","POINT (996780.4138559112 206476.61085896826)","MANHATTAN AVENUE","Crosstown Line","Crosstown Line","NB"
"38517","Brooklyn","2025","3","18","7","30","39","35158","POINT (996780.4138559112 206476.61085896826)","MANHATTAN AVENUE","Crosstown Line","Crosstown Line","NB"
"38517","Brooklyn","2025","3","18","7","45","48","35158","POINT (996780.4138559112 206476.61085896826)","MANHATTAN AVENUE","Crosstown Line","Crosstown Line","NB"
"38517","Brooklyn","2025","3","18","8","0","51","35158","POINT (996780.4138559112 206476.61085896826)","MANHATTAN AVENUE","Crosstown Line","Crosstown Line","NB"
"38517","Brooklyn","2025","3","18","8","15","53","35158","POINT (996780.4138559112 206476.61085896826)","MANHATTAN AVENUE","Crosstown Line","Crosstown Line","NB"
"38517","Brooklyn","2025","3","18","8","30","52","35158","POINT (996780.4138559112 206476.61085896826)","MANHATTAN AVENUE","Crosstown Line","Crosstown Line","NB"
"38517","Brooklyn","2025","3","18","8","45","48","35158","POINT (996780.4138559112 206476.61085896826)","MANHATTAN AVENUE","Crosstown Line","Crosstown Line","NB"
"38517","Brooklyn","2025","3","18","9","0","43","35158","POINT (996780.4138559112 206476.61085896826)","MANHATTAN AVENUE","Crosstown Line","Crosstown Line","NB"
"38517","Brooklyn","2025","3","18","9","15","41","35158","POINT (996780.4138559112 206476.61085896826)","MANHATTAN AVENUE","Crosstown Line","Crosstown Line","NB"
"38517","Brooklyn","2025","3","18","9","30","43","35158","POINT (996780.4138559112 206476.61085896826)","MANHATTAN AVENUE","Crosstown Line","Crosstown Line","NB"
"38517","Brooklyn","2025","3","18","9","45","50","35158","POINT (996780.4138559112 206476.61085896826)","MANHATTAN AVENUE","Crosstown Line","Crosstown Line","NB"
"38517","Brooklyn","2025","3","18","10","0","46","35158","POINT (996780.4138559112 206476.61085896826)","MANHATTAN AVENUE","Crosstown Line","Crosstown Line","NB"
"38517","Brooklyn","2025","3","18","10","15","41","35158","POINT (996780.4138559112 206476.61085896826)","MANHATTAN AVENUE","Crosstown Line","Crosstown Line","NB"
"38517","Brooklyn","2025","3","18","10","30","50","35158","POINT (996780.4138559112 206476.61085896826)","MANHATTAN AVENUE","Crosstown Line","Crosstown Line","NB"
"38517","Brooklyn","2025","3","18","10","45","49","35158","POINT (996780.4138559112 206476.61085896826)","MANHATTAN AVENUE","Crosstown Line","Crosstown Line","NB"
"38517","Brooklyn","2025","3","18","11","0","43","35158","POINT (996780.4138559112 206476.61085896826)","MANHATTAN AVENUE","Crosstown Line","Crosstown Line","NB"
"38517","Brooklyn","2025","3","18","11","15","44","35158","POINT (996780.4138559112 206476.61085896826)","MANHATTAN AVENUE","Crosstown Line","Crosstown Line","NB"
"38517","Brooklyn","2025","3","18","11","30","54","35158","POINT (996780.4138559112 206476.61085896826)","MANHATTAN AVENUE","Crosstown Line","Crosstown Line","NB"
"38517","Brooklyn","2025","3","18","11","45","50","35158","POINT (996780.4138559112 206476.61085896826)","MANHATTAN AVENUE","Crosstown Line","Crosstown Line","NB"
"38517","Brooklyn","2025","3","18","12","0","59","35158","POINT (996780.4138559112 206476.61085896826)","MANHATTAN AVENUE","Crosstown Line","Crosstown Line","NB"
"38517","Brooklyn","2025","3","18","12","15","43","35158","POINT (996780.4138559112 206476.61085896826)","MANHATTAN AVENUE","Crosstown Line","Crosstown Line","NB"
"38517","Brooklyn","2025","3","18","12","30","47","35158","POINT (996780.4138559112 206476.61085896826)","MANHATTAN AVENUE","Crosstown Line","Crosstown Line","NB"
"38517","Brooklyn","2025","3","18","12","45","58","35158","POINT (996780.4138559112 206476.61085896826)","MANHATTAN AVENUE","Crosstown Line","Crosstown Line","NB"
"38517","Brooklyn","2025","3","18","13","0","40","35158","POINT (996780.4138559112 206476.61085896826)","MANHATTAN AVENUE","Crosstown Line","Crosstown Line","NB"
"38517","Brooklyn","2025","3","18","13","15","42","35158","POINT (996780.4138559112 206476.61085896826)","MANHATTAN AVENUE","Crosstown Line","Crosstown Line","NB"
"38517","Brooklyn","2025","3","18","13","30","41","35158","POINT (996780.4138559112 206476.61085896826)","MANHATTAN AVENUE","Crosstown Line","Crosstown Line","NB"
"38517","Brooklyn","2025","3","18","13","45","39","35158","POINT (996780.4138559112 206476.61085896826)","MANHATTAN AVENUE","Crosstown Line","Crosstown Line","NB"
"38517","Brooklyn","2025","3","18","14","0","41","35158","POINT (996780.4138559112 206476.61085896826)","MANHATTAN AVENUE","Crosstown Line","Crosstown Line","NB"
"38517","Brooklyn","2025","3","18","14","15","45","35158","POINT (996780.4138559112 206476.61085896826)","MANHATTAN AVENUE","Crosstown Line","Crosstown Line","NB"
"38517","Brooklyn","2025","3","18","14","30","48","35158","POINT (996780.4138559112 206476.61085896826)","MANHATTAN AVENUE","Crosstown Line","Crosstown Line","NB"
"38517","Brooklyn","2025","3","18","14","45","43","35158","POINT (996780.4138559112 206476.61085896826)","MANHATTAN AVENUE","Crosstown Line","Crosstown Line","NB"
"38517","Brooklyn","2025","3","18","15","0","45","35158","POINT (996780.4138559112 206476.61085896826)","MANHATTAN AVENUE","Crosstown Line","Crosstown Line","NB"
"38517","Brooklyn","2025","3","18","15","15","49","35158","POINT (996780.4138559112 206476.61085896826)","MANHATTAN AVENUE","Crosstown Line","Crosstown Line","NB"
"38517","Brooklyn","2025","3","18","15","30","41","35158","POINT (996780.4138559112 206476.61085896826)","MANHATTAN AVENUE","Crosstown Line","Crosstown Line","NB"
"38517","Brooklyn","2025","3","18","15","45","46","35158","POINT (996780.4138559112 206476.61085896826)","MANHATTAN AVENUE","Crosstown Line","Crosstown Line","NB"
"38517","Brooklyn","2025","3","18","16","0","48","35158","POINT (996780.4138559112 206476.61085896826)","MANHATTAN AVENUE","Crosstown Line","Crosstown Line","NB"
"38517","Brooklyn","2025","3","18","16","15","49","35158","POINT (996780.4138559112 206476.61085896826)","MANHATTAN AVENUE","Crosstown Line","Crosstown Line","NB"
"38517","Brooklyn","2025","3","18","16","30","43","35158","POINT (996780.4138559112 206476.61085896826)","MANHATTAN AVENUE","Crosstown Line","Crosstown Line","NB"
"38517","Brooklyn","2025","3","18","16","45","44","35158","POINT (996780.4138559112 206476.61085896826)","MANHATTAN AVENUE","Crosstown Line","Crosstown Line","NB"
"38517","Brooklyn","2025","3","18","17","0","49","35158","POINT (996780.4138559112 206476.61085896826)","MANHATTAN AVENUE","Crosstown Line","Crosstown Line","NB"
"38517","Brooklyn","2025","3","18","17","15","45","35158","POINT (996780.4138559112 206476.61085896826)","MANHATTAN AVENUE","Crosstown Line","Crosstown Line","NB"
"38517","Brooklyn","2025","3","18","17","30","49","35158","POINT (996780.4138559112 206476.61085896826)","MANHATTAN AVENUE","Crosstown Line","Crosstown Line","NB"
"38517","Brooklyn","2025","3","18","17","45","49","35158","POINT (996780.4138559112 206476.61085896826)","MANHATTAN AVENUE","Crosstown Line","Crosstown Line","NB"
"38517","Brooklyn","2025","3","18","18","0","50","35158","POINT (996780.4138559112 206476.61085896826)","MANHATTAN AVENUE","Crosstown Line","Crosstown Line","NB"
"38517","Brooklyn","2025","3","18","18","15","52","35158","POINT (996780.4138559112 206476.61085896826)","MANHATTAN AVENUE","Crosstown Line","Crosstown Line","NB"
"38517","Brooklyn","2025","3","18","18","30","47","35158","POINT (996780.4138559112 206476.61085896826)","MANHATTAN AVENUE","Crosstown Line","Crosstown Line","NB"
"38517","Brooklyn","2025","3","18","18","45","49","35158","POINT (996780.4138559112 206476.61085896826)","MANHATTAN AVENUE","Crosstown Line","Crosstown Line","NB"
"38517","Brooklyn","2025","3","18","19","0","47","35158","POINT (996780.4138559112 206476.61085896826)","MANHATTAN AVENUE","Crosstown Line","Crosstown Line","NB"
"38517","Brooklyn","2025","3","18","19","15","40","35158","POINT (996780.4138559112 206476.61085896826)","MANHATTAN AVENUE","Crosstown Line","Crosstown Line","NB"
"38517","Brooklyn","2025","3","18","19","30","54","35158","POINT (996780.4138559112 206476.61085896826)","MANHATTAN AVENUE","Crosstown Line","Crosstown Line","NB"
"38517","Brooklyn","2025","3","18","19","45","47","35158","POINT (996780.4138559112 206476.61085896826)","MANHATTAN AVENUE","Crosstown Line","Crosstown Line","NB"
"38517","Brooklyn","2025","3","18","20","0","42","35158","POINT (996780.4138559112 206476.61085896826)","MANHATTAN AVENUE","Crosstown Line","Crosstown Line","NB"
"38517","Brooklyn","2025","3","18","20","15","44","35158","POINT (996780.4138559112 206476.61085896826)","MANHATTAN AVENUE","Crosstown Line","Crosstown Line","NB"
"38517","Brooklyn","2025","3","18","20","30","50","35158","POINT (996780.4138559112 206476.61085896826)","MANHATTAN AVENUE","Crosstown Line","Crosstown Line","NB"
"38517","Brooklyn","2025","3","18","20","45","38","35158","POINT (996780.4138559112 206476.61085896826)","MANHATTAN AVENUE","Crosstown Line","Crosstown Line","NB"
"38517","Brooklyn","2025","3","18","21","0","35","35158","POINT (996780.4138559112 206476.61085896826)","MANHATTAN AVENUE","Crosstown Line","Crosstown Line","NB"
"38517","Brooklyn","2025","3","18","21","15","35","35158","POINT (996780.4138559112 206476.61085896826)","MANHATTAN AVENUE","Crosstown Line","Crosstown Line","NB"
"38517","Brooklyn","2025","3","18","21","30","32","35158","POINT (996780.4138559112 206476.61085896826)","MANHATTAN AVENUE","Crosstown Line","Crosstown Line","NB"
"38517","Brooklyn","2025","3","18","21","45","29","35158","POINT (996780.4138559112 206476.61085896826)","MANHATTAN AVENUE","Crosstown Line","Crosstown Line","NB"
"21149","Queens","2016","1","16","21","45","120","156185","POINT (1027926.2 197689)","METROPOLITAN AV","JACKIE ROBINSON PKWY WB EXIT 6/JRP WB EXIT 6","UNION TP","WB"
"21149","Queens","2016","1","16","22","0","88","156185","POINT (1027926.2 197689)","METROPOLITAN AV","JACKIE ROBINSON PKWY WB EXIT 6/JRP WB EXIT 6","UNION TP","WB"
"21149","Queens","2016","1","16","22","15","113","156185","POINT (1027926.2 197689)","METROPOLITAN AV","JACKIE ROBINSON PKWY WB EXIT 6/JRP WB EXIT 6","UNION TP","WB"
"21149","Queens","2016","1","16","22","30","110","156185","POINT (1027926.2 197689)","METROPOLITAN AV","JACKIE ROBINSON PKWY WB EXIT 6/JRP WB EXIT 6","UNION TP","WB"
"21149","Queens","2016","1","16","22","45","100","156185","POINT (1027926.2 197689)","METROPOLITAN AV","JACKIE ROBINSON PKWY WB EXIT 6/JRP WB EXIT 6","UNION TP","WB"
"21149","Queens","2016","1","16","23","0","86","156185","POINT (1027926.2 197689)","METROPOLITAN AV","JACKIE ROBINSON PKWY WB EXIT 6/JRP WB EXIT 6","UNION TP","WB"
"21149","Queens","2016","1","16","23","15","89","156185","POINT (1027926.2 197689)","METROPOLITAN AV","JACKIE ROBINSON PKWY WB EXIT 6/JRP WB EXIT 6","UNION TP","WB"
"21149","Queens","2016","1","16","23","30","86","156185","POINT (1027926.2 197689)","METROPOLITAN AV","JACKIE ROBINSON PKWY WB EXIT 6/JRP WB EXIT 6","UNION TP","WB"
"21149","Queens","2016","1","16","23","45","81","156185","POINT (1027926.2 197689)","METROPOLITAN AV","JACKIE ROBINSON PKWY WB EXIT 6/JRP WB EXIT 6","UNION TP","WB"
"21149","Queens","2016","1","17","0","0","58","156185","POINT (1027926.2 197689)","METROPOLITAN AV","JACKIE ROBINSON PKWY WB EXIT 6/JRP WB EXIT 6","UNION TP","WB"
"21149","Queens","2016","1","17","0","15","64","156185","POINT (1027926.2 197689)","METROPOLITAN AV","JACKIE ROBINSON PKWY WB EXIT 6/JRP WB EXIT 6","UNION TP","WB"
"21149","Queens","2016","1","17","0","30","67","156185","POINT (1027926.2 197689)","METROPOLITAN AV","JACKIE ROBINSON PKWY WB EXIT 6/JRP WB EXIT 6","UNION TP","WB"
"21149","Queens","2016","1","17","0","45","52","156185","POINT (1027926.2 197689)","METROPOLITAN AV","JACKIE ROBINSON PKWY WB EXIT 6/JRP WB EXIT 6","UNION TP","WB"
"21149","Queens","2016","1","17","1","0","66","156185","POINT (1027926.2 197689)","METROPOLITAN AV","JACKIE ROBINSON PKWY WB EXIT 6/JRP WB EXIT 6","UNION TP","WB"
"21149","Queens","2016","1","17","1","15","58","156185","POINT (1027926.2 197689)","METROPOLITAN AV","JACKIE ROBINSON PKWY WB EXIT 6/JRP WB EXIT 6","UNION TP","WB"
"21149","Queens","2016","1","17","1","30","57","156185","POINT (1027926.2 197689)","METROPOLITAN AV","JACKIE ROBINSON PKWY WB EXIT 6/JRP WB EXIT 6","UNION TP","WB"
"21149","Queens","2016","1","17","1","45","46","156185","POINT (1027926.2 197689)","METROPOLITAN AV","JACKIE ROBINSON PKWY WB EXIT 6/JRP WB EXIT 6","UNION TP","WB"
"21149","Queens","2016","1","17","2","0","44","156185","POINT (1027926.2 197689)","METROPOLITAN AV","JACKIE ROBINSON PKWY WB EXIT 6/JRP WB EXIT 6","UNION TP","WB"
"21149","Queens","2016","1","17","2","15","25","156185","POINT (1027926.2 197689)","METROPOLITAN AV","JACKIE ROBINSON PKWY WB EXIT 6/JRP WB EXIT 6","UNION TP","WB"
"21149","Queens","2016","1","17","2","30","32","156185","POINT (1027926.2 197689)","METROPOLITAN AV","JACKIE ROBINSON PKWY WB EXIT 6/JRP WB EXIT 6","UNION TP","WB"
"21149","Queens","2016","1","17","2","45","33","156185","POINT (1027926.2 197689)","METROPOLITAN AV","JACKIE ROBINSON PKWY WB EXIT 6/JRP WB EXIT 6","UNION TP","WB"
"21149","Queens","2016","1","17","3","0","37","156185","POINT (1027926.2 197689)","METROPOLITAN AV","JACKIE ROBINSON PKWY WB EXIT 6/JRP WB EXIT 6","UNION TP","WB"
"21149","Queens","2016","1","17","3","15","29","156185","POINT (1027926.2 197689)","METROPOLITAN AV","JACKIE ROBINSON PKWY WB EXIT 6/JRP WB EXIT 6","UNION TP","WB"
"21149","Queens","2016","1","17","3","30","29","156185","POINT (1027926.2 197689)","METROPOLITAN AV","JACKIE ROBINSON PKWY WB EXIT 6/JRP WB EXIT 6","UNION TP","WB"
"21149","Queens","2016","1","17","3","45","32","156185","POINT (1027926.2 197689)","METROPOLITAN AV","JACKIE ROBINSON PKWY WB EXIT 6/JRP WB EXIT 6","UNION TP","WB"
"21149","Queens","2016","1","17","4","0","15","156185","POINT (1027926.2 197689)","METROPOLITAN AV","JACKIE ROBINSON PKWY WB EXIT 6/JRP WB EXIT 6","UNION TP","WB"
"21149","Queens","2016","1","17","4","15","24","156185","POINT (1027926.2 197689)","METROPOLITAN AV","JACKIE ROBINSON PKWY WB EXIT 6/JRP WB EXIT 6","UNION TP","WB"
"21149","Queens","2016","1","17","4","30","16","156185","POINT (1027926.2 197689)","METROPOLITAN AV","JACKIE ROBINSON PKWY WB EXIT 6/JRP WB EXIT 6","UNION TP","WB"
"21149","Queens","2016","1","17","4","45","35","156185","POINT (1027926.2 197689)","METROPOLITAN AV","JACKIE ROBINSON PKWY WB EXIT 6/JRP WB EXIT 6","UNION TP","WB"
"21149","Queens","2016","1","17","5","0","19","156185","POINT (1027926.2 197689)","METROPOLITAN AV","JACKIE ROBINSON PKWY WB EXIT 6/JRP WB EXIT 6","UNION TP","WB"
"21149","Queens","2016","1","17","5","15","16","156185","POINT (1027926.2 197689)","METROPOLITAN AV","JACKIE ROBINSON PKWY WB EXIT 6/JRP WB EXIT 6","UNION TP","WB"
"21149","Queens","2016","1","17","5","30","18","156185","POINT (1027926.2 197689)","METROPOLITAN AV","JACKIE ROBINSON PKWY WB EXIT 6/JRP WB EXIT 6","UNION TP","WB"
"21149","Queens","2016","1","17","5","45","25","156185","POINT (1027926.2 197689)","METROPOLITAN AV","JACKIE ROBINSON PKWY WB EXIT 6/JRP WB EXIT 6","UNION TP","WB"
"21149","Queens","2016","1","17","6","0","25","156185","POINT (1027926.2 197689)","METROPOLITAN AV","JACKIE ROBINSON PKWY WB EXIT 6/JRP WB EXIT 6","UNION TP","WB"
"21149","Queens","2016","1","17","6","15","39","156185","POINT (1027926.2 197689)","METROPOLITAN AV","JACKIE ROBINSON PKWY WB EXIT 6/JRP WB EXIT 6","UNION TP","WB"
"21149","Queens","2016","1","17","6","30","31","156185","POINT (1027926.2 197689)","METROPOLITAN AV","JACKIE ROBINSON PKWY WB EXIT 6/JRP WB EXIT 6","UNION TP","WB"
"21149","Queens","2016","1","17","6","45","61","156185","POINT (1027926.2 197689)","METROPOLITAN AV","JACKIE ROBINSON PKWY WB EXIT 6/JRP WB EXIT 6","UNION TP","WB"
"21149","Queens","2016","1","17","7","0","47","156185","POINT (1027926.2 197689)","METROPOLITAN AV","JACKIE ROBINSON PKWY WB EXIT 6/JRP WB EXIT 6","UNION TP","WB"
"21149","Queens","2016","1","17","7","15","64","156185","POINT (1027926.2 197689)","METROPOLITAN AV","JACKIE ROBINSON PKWY WB EXIT 6/JRP WB EXIT 6","UNION TP","WB"
"21149","Queens","2016","1","17","7","30","79","156185","POINT (1027926.2 197689)","METROPOLITAN AV","JACKIE ROBINSON PKWY WB EXIT 6/JRP WB EXIT 6","UNION TP","WB"
"21149","Queens","2016","1","17","7","45","88","156185","POINT (1027926.2 197689)","METROPOLITAN AV","JACKIE ROBINSON PKWY WB EXIT 6/JRP WB EXIT 6","UNION TP","WB"
"21149","Queens","2016","1","17","8","0","86","156185","POINT (1027926.2 197689)","METROPOLITAN AV","JACKIE ROBINSON PKWY WB EXIT 6/JRP WB EXIT 6","UNION TP","WB"
"21149","Queens","2016","1","17","8","15","75","156185","POINT (1027926.2 197689)","METROPOLITAN AV","JACKIE ROBINSON PKWY WB EXIT 6/JRP WB EXIT 6","UNION TP","WB"
"21149","Queens","2016","1","17","8","30","113","156185","POINT (1027926.2 197689)","METROPOLITAN AV","JACKIE ROBINSON PKWY WB EXIT 6/JRP WB EXIT 6","UNION TP","WB"
"21149","Queens","2016","1","17","8","45","119","156185","POINT (1027926.2 197689)","METROPOLITAN AV","JACKIE ROBINSON PKWY WB EXIT 6/JRP WB EXIT 6","UNION TP","WB"
"21149","Queens","2016","1","17","9","0","140","156185","POINT (1027926.2 197689)","METROPOLITAN AV","JACKIE ROBINSON PKWY WB EXIT 6/JRP WB EXIT 6","UNION TP","WB"
"21149","Queens","2016","1","17","9","15","124","156185","POINT (1027926.2 197689)","METROPOLITAN AV","JACKIE ROBINSON PKWY WB EXIT 6/JRP WB EXIT 6","UNION TP","WB"
"21149","Queens","2016","1","17","9","30","151","156185","POINT (1027926.2 197689)","METROPOLITAN AV","JACKIE ROBINSON PKWY WB EXIT 6/JRP WB EXIT 6","UNION TP","WB"
"21149","Queens","2016","1","17","9","45","144","156185","POINT (1027926.2 197689)","METROPOLITAN AV","JACKIE ROBINSON PKWY WB EXIT 6/JRP WB EXIT 6","UNION TP","WB"
"21149","Queens","2016","1","17","10","0","143","156185","POINT (1027926.2 197689)","METROPOLITAN AV","JACKIE ROBINSON PKWY WB EXIT 6/JRP WB EXIT 6","UNION TP","WB"
"21149","Queens","2016","1","17","10","15","138","156185","POINT (1027926.2 197689)","METROPOLITAN AV","JACKIE ROBINSON PKWY WB EXIT 6/JRP WB EXIT 6","UNION TP","WB"
"21149","Queens","2016","1","17","10","30","165","156185","POINT (1027926.2 197689)","METROPOLITAN AV","JACKIE ROBINSON PKWY WB EXIT 6/JRP WB EXIT 6","UNION TP","WB"
"21149","Queens","2016","1","17","10","45","175","156185","POINT (1027926.2 197689)","METROPOLITAN AV","JACKIE ROBINSON PKWY WB EXIT 6/JRP WB EXIT 6","UNION TP","WB"
"21149","Queens","2016","1","17","11","0","149","156185","POINT (1027926.2 197689)","METROPOLITAN AV","JACKIE ROBINSON PKWY WB EXIT 6/JRP WB EXIT 6","UNION TP","WB"
"21149","Queens","2016","1","17","11","15","145","156185","POINT (1027926.2 197689)","METROPOLITAN AV","JACKIE ROBINSON PKWY WB EXIT 6/JRP WB EXIT 6","UNION TP","WB"
"21149","Queens","2016","1","17","11","30","162","156185","POINT (1027926.2 197689)","METROPOLITAN AV","JACKIE ROBINSON PKWY WB EXIT 6/JRP WB EXIT 6","UNION TP","WB"
"21149","Queens","2016","1","17","11","45","168","156185","POINT (1027926.2 197689)","METROPOLITAN AV","JACKIE ROBINSON PKWY WB EXIT 6/JRP WB EXIT 6","UNION TP","WB"
"21149","Queens","2016","1","17","12","0","215","156185","POINT (1027926.2 197689)","METROPOLITAN AV","JACKIE ROBINSON PKWY WB EXIT 6/JRP WB EXIT 6","UNION TP","WB"
"21149","Queens","2016","1","17","12","15","209","156185","POINT (1027926.2 197689)","METROPOLITAN AV","JACKIE ROBINSON PKWY WB EXIT 6/JRP WB EXIT 6","UNION TP","WB"
"21149","Queens","2016","1","17","12","30","223","156185","POINT (1027926.2 197689)","METROPOLITAN AV","JACKIE ROBINSON PKWY WB EXIT 6/JRP WB EXIT 6","UNION TP","WB"
"21149","Queens","2016","1","17","12","45","205","156185","POINT (1027926.2 197689)","METROPOLITAN AV","JACKIE ROBINSON PKWY WB EXIT 6/JRP WB EXIT 6","UNION TP","WB"
"21149","Queens","2016","1","17","13","0","174","156185","POINT (1027926.2 197689)","METROPOLITAN AV","JACKIE ROBINSON PKWY WB EXIT 6/JRP WB EXIT 6","UNION TP","WB"
"21149","Queens","2016","1","17","13","15","210","156185","POINT (1027926.2 197689)","METROPOLITAN AV","JACKIE ROBINSON PKWY WB EXIT 6/JRP WB EXIT 6","UNION TP","WB"
"21149","Queens","2016","1","17","13","30","239","156185","POINT (1027926.2 197689)","METROPOLITAN AV","JACKIE ROBINSON PKWY WB EXIT 6/JRP WB EXIT 6","UNION TP","WB"
"21149","Queens","2016","1","17","13","45","241","156185","POINT (1027926.2 197689)","METROPOLITAN AV","JACKIE ROBINSON PKWY WB EXIT 6/JRP WB EXIT 6","UNION TP","WB"
"21149","Queens","2016","1","17","14","0","210","156185","POINT (1027926.2 197689)","METROPOLITAN AV","JACKIE ROBINSON PKWY WB EXIT 6/JRP WB EXIT 6","UNION TP","WB"
"21149","Queens","2016","1","17","14","15","181","156185","POINT (1027926.2 197689)","METROPOLITAN AV","JACKIE ROBINSON PKWY WB EXIT 6/JRP WB EXIT 6","UNION TP","WB"
"21149","Queens","2016","1","17","14","30","222","156185","POINT (1027926.2 197689)","METROPOLITAN AV","JACKIE ROBINSON PKWY WB EXIT 6/JRP WB EXIT 6","UNION TP","WB"
"21149","Queens","2016","1","17","14","45","223","156185","POINT (1027926.2 197689)","METROPOLITAN AV","JACKIE ROBINSON PKWY WB EXIT 6/JRP WB EXIT 6","UNION TP","WB"
"21149","Queens","2016","1","17","15","0","228","156185","POINT (1027926.2 197689)","METROPOLITAN AV","JACKIE ROBINSON PKWY WB EXIT 6/JRP WB EXIT 6","UNION TP","WB"
"21149","Queens","2016","1","17","15","15","234","156185","POINT (1027926.2 197689)","METROPOLITAN AV","JACKIE ROBINSON PKWY WB EXIT 6/JRP WB EXIT 6","UNION TP","WB"
"21149","Queens","2016","1","17","15","30","193","156185","POINT (1027926.2 197689)","METROPOLITAN AV","JACKIE ROBINSON PKWY WB EXIT 6/JRP WB EXIT 6","UNION TP","WB"
"21149","Queens","2016","1","17","15","45","221","156185","POINT (1027926.2 197689)","METROPOLITAN AV","JACKIE ROBINSON PKWY WB EXIT 6/JRP WB EXIT 6","UNION TP","WB"
"21149","Queens","2016","1","17","16","0","229","156185","POINT (1027926.2 197689)","METROPOLITAN AV","JACKIE ROBINSON PKWY WB EXIT 6/JRP WB EXIT 6","UNION TP","WB"
"21149","Queens","2016","1","17","16","15","202","156185","POINT (1027926.2 197689)","METROPOLITAN AV","JACKIE ROBINSON PKWY WB EXIT 6/JRP WB EXIT 6","UNION TP","WB"
"21149","Queens","2016","1","17","16","30","217","156185","POINT (1027926.2 197689)","METROPOLITAN AV","JACKIE ROBINSON PKWY WB EXIT 6/JRP WB EXIT 6","UNION TP","WB"
"21149","Queens","2016","1","17","16","45","201","156185","POINT (1027926.2 197689)","METROPOLITAN AV","JACKIE ROBINSON PKWY WB EXIT 6/JRP WB EXIT 6","UNION TP","WB"
"21149","Queens","2016","1","17","17","0","216","156185","POINT (1027926.2 197689)","METROPOLITAN AV","JACKIE ROBINSON PKWY WB EXIT 6/JRP WB EXIT 6","UNION TP","WB"
"21149","Queens","2016","1","17","17","15","190","156185","POINT (1027926.2 197689)","METROPOLITAN AV","JACKIE ROBINSON PKWY WB EXIT 6/JRP WB EXIT 6","UNION TP","WB"
"21149","Queens","2016","1","17","17","30","195","156185","POINT (1027926.2 197689)","METROPOLITAN AV","JACKIE ROBINSON PKWY WB EXIT 6/JRP WB EXIT 6","UNION TP","WB"
"21149","Queens","2016","1","17","17","45","212","156185","POINT (1027926.2 197689)","METROPOLITAN AV","JACKIE ROBINSON PKWY WB EXIT 6/JRP WB EXIT 6","UNION TP","WB"
"21149","Queens","2016","1","17","18","0","177","156185","POINT (1027926.2 197689)","METROPOLITAN AV","JACKIE ROBINSON PKWY WB EXIT 6/JRP WB EXIT 6","UNION TP","WB"
"21149","Queens","2016","1","17","18","15","202","156185","POINT (1027926.2 197689)","METROPOLITAN AV","JACKIE ROBINSON PKWY WB EXIT 6/JRP WB EXIT 6","UNION TP","WB"
"21149","Queens","2016","1","17","18","30","202","156185","POINT (1027926.2 197689)","METROPOLITAN AV","JACKIE ROBINSON PKWY WB EXIT 6/JRP WB EXIT 6","UNION TP","WB"
"21149","Queens","2016","1","17","18","45","201","156185","POINT (1027926.2 197689)","METROPOLITAN AV","JACKIE ROBINSON PKWY WB EXIT 6/JRP WB EXIT 6","UNION TP","WB"
"21149","Queens","2016","1","17","19","0","170","156185","POINT (1027926.2 197689)","METROPOLITAN AV","JACKIE ROBINSON PKWY WB EXIT 6/JRP WB EXIT 6","UNION TP","WB"
"21149","Queens","2016","1","17","19","15","198","156185","POINT (1027926.2 197689)","METROPOLITAN AV","JACKIE ROBINSON PKWY WB EXIT 6/JRP WB EXIT 6","UNION TP","WB"
"21149","Queens","2016","1","17","19","30","144","156185","POINT (1027926.2 197689)","METROPOLITAN AV","JACKIE ROBINSON PKWY WB EXIT 6/JRP WB EXIT 6","UNION TP","WB"
"21149","Queens","2016","1","17","19","45","160","156185","POINT (1027926.2 197689)","METROPOLITAN AV","JACKIE ROBINSON PKWY WB EXIT 6/JRP WB EXIT 6","UNION TP","WB"
"21149","Queens","2016","1","17","20","0","156","156185","POINT (1027926.2 197689)","METROPOLITAN AV","JACKIE ROBINSON PKWY WB EXIT 6/JRP WB EXIT 6","UNION TP","WB"
"21149","Queens","2016","1","17","20","15","146","156185","POINT (1027926.2 197689)","METROPOLITAN AV","JACKIE ROBINSON PKWY WB EXIT 6/JRP WB EXIT 6","UNION TP","WB"
"21149","Queens","2016","1","17","20","30","134","156185","POINT (1027926.2 197689)","METROPOLITAN AV","JACKIE ROBINSON PKWY WB EXIT 6/JRP WB EXIT 6","UNION TP","WB"
"21149","Queens","2016","1","17","20","45","104","156185","POINT (1027926.2 197689)","METROPOLITAN AV","JACKIE ROBINSON PKWY WB EXIT 6/JRP WB EXIT 6","UNION TP","WB"
"21149","Queens","2016","1","17","21","0","122","156185","POINT (1027926.2 197689)","METROPOLITAN AV","JACKIE ROBINSON PKWY WB EXIT 6/JRP WB EXIT 6","UNION TP","WB"
"21149","Queens","2016","1","17","21","15","118","156185","POINT (1027926.2 197689)","METROPOLITAN AV","JACKIE ROBINSON PKWY WB EXIT 6/JRP WB EXIT 6","UNION TP","WB"
"21149","Queens","2016","1","17","21","30","120","156185","POINT (1027926.2 197689)","METROPOLITAN AV","JACKIE ROBINSON PKWY WB EXIT 6/JRP WB EXIT 6","UNION TP","WB"
"21149","Queens","2016","1","17","21","45","90","156185","POINT (1027926.2 197689)","METROPOLITAN AV","JACKIE ROBINSON PKWY WB EXIT 6/JRP WB EXIT 6","UNION TP","WB"
"21149","Queens","2016","1","17","22","0","96","156185","POINT (1027926.2 197689)","METROPOLITAN AV","JACKIE ROBINSON PKWY WB EXIT 6/JRP WB EXIT 6","UNION TP","WB"
"21149","Queens","2016","1","17","22","15","74","156185","POINT (1027926.2 197689)","METROPOLITAN AV","JACKIE ROBINSON PKWY WB EXIT 6/JRP WB EXIT 6","UNION TP","WB"
"21149","Queens","2016","1","17","22","30","73","156185","POINT (1027926.2 197689)","METROPOLITAN AV","JACKIE ROBINSON PKWY WB EXIT 6/JRP WB EXIT 6","UNION TP","WB"
"21149","Queens","2016","1","17","22","45","57","156185","POINT (1027926.2 197689)","METROPOLITAN AV","JACKIE ROBINSON PKWY WB EXIT 6/JRP WB EXIT 6","UNION TP","WB"
"21149","Queens","2016","1","17","23","0","51","156185","POINT (1027926.2 197689)","METROPOLITAN AV","JACKIE ROBINSON PKWY WB EXIT 6/JRP WB EXIT 6","UNION TP","WB"
"21149","Queens","2016","1","17","23","15","45","156185","POINT (1027926.2 197689)","METROPOLITAN AV","JACKIE ROBINSON PKWY WB EXIT 6/JRP WB EXIT 6","UNION TP","WB"
"21149","Queens","2016","1","17","23","30","53","156185","POINT (1027926.2 197689)","METROPOLITAN AV","JACKIE ROBINSON PKWY WB EXIT 6/JRP WB EXIT 6","UNION TP","WB"
"21149","Queens","2016","1","17","23","45","38","156185","POINT (1027926.2 197689)","METROPOLITAN AV","JACKIE ROBINSON PKWY WB EXIT 6/JRP WB EXIT 6","UNION TP","WB"
"24392","Queens","2016","5","19","3","15","17","145368","POINT (1021094.7370307076 216745.25864896105)","ASTORIA BOULEVARD","102 Street","31 Avenue","EB"
"24392","Queens","2016","5","19","3","30","22","145368","POINT (1021094.7370307076 216745.25864896105)","ASTORIA BOULEVARD","102 Street","31 Avenue","EB"
"24392","Queens","2016","5","19","3","45","17","145368","POINT (1021094.7370307076 216745.25864896105)","ASTORIA BOULEVARD","102 Street","31 Avenue","EB"
"24392","Queens","2016","5","19","4","0","25","145368","POINT (1021094.7370307076 216745.25864896105)","ASTORIA BOULEVARD","102 Street","31 Avenue","EB"
"24392","Queens","2016","5","19","4","15","32","145368","POINT (1021094.7370307076 216745.25864896105)","ASTORIA BOULEVARD","102 Street","31 Avenue","EB"
"24392","Queens","2016","5","19","4","30","28","145368","POINT (1021094.7370307076 216745.25864896105)","ASTORIA BOULEVARD","102 Street","31 Avenue","EB"
"24392","Queens","2016","5","19","4","45","21","145368","POINT (1021094.7370307076 216745.25864896105)","ASTORIA BOULEVARD","102 Street","31 Avenue","EB"
"24392","Queens","2016","5","19","5","0","41","145368","POINT (1021094.7370307076 216745.25864896105)","ASTORIA BOULEVARD","102 Street","31 Avenue","EB"
"24392","Queens","2016","5","19","5","15","32","145368","POINT (1021094.7370307076 216745.25864896105)","ASTORIA BOULEVARD","102 Street","31 Avenue","EB"
"24392","Queens","2016","5","19","5","30","52","145368","POINT (1021094.7370307076 216745.25864896105)","ASTORIA BOULEVARD","102 Street","31 Avenue","EB"
"24392","Queens","2016","5","19","5","45","50","145368","POINT (1021094.7370307076 216745.25864896105)","ASTORIA BOULEVARD","102 Street","31 Avenue","EB"
"24392","Queens","2016","5","19","6","0","82","145368","POINT (1021094.7370307076 216745.25864896105)","ASTORIA BOULEVARD","102 Street","31 Avenue","EB"
"24392","Queens","2016","5","19","6","15","70","145368","POINT (1021094.7370307076 216745.25864896105)","ASTORIA BOULEVARD","102 Street","31 Avenue","EB"
"24392","Queens","2016","5","19","6","30","91","145368","POINT (1021094.7370307076 216745.25864896105)","ASTORIA BOULEVARD","102 Street","31 Avenue","EB"
"24392","Queens","2016","5","19","6","45","96","145368","POINT (1021094.7370307076 216745.25864896105)","ASTORIA BOULEVARD","102 Street","31 Avenue","EB"
"24392","Queens","2016","5","19","7","0","137","145368","POINT (1021094.7370307076 216745.25864896105)","ASTORIA BOULEVARD","102 Street","31 Avenue","EB"
"24392","Queens","2016","5","19","7","15","117","145368","POINT (1021094.7370307076 216745.25864896105)","ASTORIA BOULEVARD","102 Street","31 Avenue","EB"
"24392","Queens","2016","5","19","7","30","160","145368","POINT (1021094.7370307076 216745.25864896105)","ASTORIA BOULEVARD","102 Street","31 Avenue","EB"
"24392","Queens","2016","5","19","7","45","202","145368","POINT (1021094.7370307076 216745.25864896105)","ASTORIA BOULEVARD","102 Street","31 Avenue","EB"
"24392","Queens","2016","5","19","8","0","191","145368","POINT (1021094.7370307076 216745.25864896105)","ASTORIA BOULEVARD","102 Street","31 Avenue","EB"
"24392","Queens","2016","5","19","8","15","158","145368","POINT (1021094.7370307076 216745.25864896105)","ASTORIA BOULEVARD","102 Street","31 Avenue","EB"
"24392","Queens","2016","5","19","8","30","161","145368","POINT (1021094.7370307076 216745.25864896105)","ASTORIA BOULEVARD","102 Street","31 Avenue","EB"
"24392","Queens","2016","5","19","8","45","135","145368","POINT (1021094.7370307076 216745.25864896105)","ASTORIA BOULEVARD","102 Street","31 Avenue","EB"
"24392","Queens","2016","5","19","9","0","148","145368","POINT (1021094.7370307076 216745.25864896105)","ASTORIA BOULEVARD","102 Street","31 Avenue","EB"
"24392","Queens","2016","5","19","9","15","122","145368","POINT (1021094.7370307076 216745.25864896105)","ASTORIA BOULEVARD","102 Street","31 Avenue","EB"
"24392","Queens","2016","5","19","9","30","149","145368","POINT (1021094.7370307076 216745.25864896105)","ASTORIA BOULEVARD","102 Street","31 Avenue","EB"
"24392","Queens","2016","5","19","9","45","131","145368","POINT (1021094.7370307076 216745.25864896105)","ASTORIA BOULEVARD","102 Street","31 Avenue","EB"
"24392","Queens","2016","5","19","10","0","160","145368","POINT (1021094.7370307076 216745.25864896105)","ASTORIA BOULEVARD","102 Street","31 Avenue","EB"
"24392","Queens","2016","5","19","10","15","129","145368","POINT (1021094.7370307076 216745.25864896105)","ASTORIA BOULEVARD","102 Street","31 Avenue","EB"
"24392","Queens","2016","5","19","10","30","140","145368","POINT (1021094.7370307076 216745.25864896105)","ASTORIA BOULEVARD","102 Street","31 Avenue","EB"
"24392","Queens","2016","5","19","10","45","162","145368","POINT (1021094.7370307076 216745.25864896105)","ASTORIA BOULEVARD","102 Street","31 Avenue","EB"
"24392","Queens","2016","5","19","11","0","160","145368","POINT (1021094.7370307076 216745.25864896105)","ASTORIA BOULEVARD","102 Street","31 Avenue","EB"
"24392","Queens","2016","5","19","11","15","135","145368","POINT (1021094.7370307076 216745.25864896105)","ASTORIA BOULEVARD","102 Street","31 Avenue","EB"
"24392","Queens","2016","5","19","11","30","137","145368","POINT (1021094.7370307076 216745.25864896105)","ASTORIA BOULEVARD","102 Street","31 Avenue","EB"
"24392","Queens","2016","5","19","11","45","145","145368","POINT (1021094.7370307076 216745.25864896105)","ASTORIA BOULEVARD","102 Street","31 Avenue","EB"
"24392","Queens","2016","5","19","12","0","174","145368","POINT (1021094.7370307076 216745.25864896105)","ASTORIA BOULEVARD","102 Street","31 Avenue","EB"
"24392","Queens","2016","5","19","12","15","139","145368","POINT (1021094.7370307076 216745.25864896105)","ASTORIA BOULEVARD","102 Street","31 Avenue","EB"
"24392","Queens","2016","5","19","12","30","162","145368","POINT (1021094.7370307076 216745.25864896105)","ASTORIA BOULEVARD","102 Street","31 Avenue","EB"
"24392","Queens","2016","5","19","12","45","159","145368","POINT (1021094.7370307076 216745.25864896105)","ASTORIA BOULEVARD","102 Street","31 Avenue","EB"
"24392","Queens","2016","5","19","13","0","172","145368","POINT (1021094.7370307076 216745.25864896105)","ASTORIA BOULEVARD","102 Street","31 Avenue","EB"
"24392","Queens","2016","5","19","13","15","174","145368","POINT (1021094.7370307076 216745.25864896105)","ASTORIA BOULEVARD","102 Street","31 Avenue","EB"
"24392","Queens","2016","5","19","13","30","187","145368","POINT (1021094.7370307076 216745.25864896105)","ASTORIA BOULEVARD","102 Street","31 Avenue","EB"
"24392","Queens","2016","5","19","13","45","170","145368","POINT (1021094.7370307076 216745.25864896105)","ASTORIA BOULEVARD","102 Street","31 Avenue","EB"
"24392","Queens","2016","5","19","14","0","221","145368","POINT (1021094.7370307076 216745.25864896105)","ASTORIA BOULEVARD","102 Street","31 Avenue","EB"
"24392","Queens","2016","5","19","14","15","225","145368","POINT (1021094.7370307076 216745.25864896105)","ASTORIA BOULEVARD","102 Street","31 Avenue","EB"
"24392","Queens","2016","5","19","14","30","326","145368","POINT (1021094.7370307076 216745.25864896105)","ASTORIA BOULEVARD","102 Street","31 Avenue","EB"
"24392","Queens","2016","5","19","14","45","360","145368","POINT (1021094.7370307076 216745.25864896105)","ASTORIA BOULEVARD","102 Street","31 Avenue","EB"
"24392","Queens","2016","5","19","15","0","380","145368","POINT (1021094.7370307076 216745.25864896105)","ASTORIA BOULEVARD","102 Street","31 Avenue","EB"
"24392","Queens","2016","5","19","15","15","360","145368","POINT (1021094.7370307076 216745.25864896105)","ASTORIA BOULEVARD","102 Street","31 Avenue","EB"
"24392","Queens","2016","5","19","15","30","470","145368","POINT (1021094.7370307076 216745.25864896105)","ASTORIA BOULEVARD","102 Street","31 Avenue","EB"
"24392","Queens","2016","5","19","15","45","340","145368","POINT (1021094.7370307076 216745.25864896105)","ASTORIA BOULEVARD","102 Street","31 Avenue","EB"
"24392","Queens","2016","5","19","16","0","441","145368","POINT (1021094.7370307076 216745.25864896105)","ASTORIA BOULEVARD","102 Street","31 Avenue","EB"
"24392","Queens","2016","5","19","16","15","403","145368","POINT (1021094.7370307076 216745.25864896105)","ASTORIA BOULEVARD","102 Street","31 Avenue","EB"
"24392","Queens","2016","5","19","16","30","405","145368","POINT (1021094.7370307076 216745.25864896105)","ASTORIA BOULEVARD","102 Street","31 Avenue","EB"
"24392","Queens","2016","5","19","16","45","433","145368","POINT (1021094.7370307076 216745.25864896105)","ASTORIA BOULEVARD","102 Street","31 Avenue","EB"
"24392","Queens","2016","5","19","17","0","513","145368","POINT (1021094.7370307076 216745.25864896105)","ASTORIA BOULEVARD","102 Street","31 Avenue","EB"
"24392","Queens","2016","5","19","17","15","495","145368","POINT (1021094.7370307076 216745.25864896105)","ASTORIA BOULEVARD","102 Street","31 Avenue","EB"
"24392","Queens","2016","5","19","17","30","502","145368","POINT (1021094.7370307076 216745.25864896105)","ASTORIA BOULEVARD","102 Street","31 Avenue","EB"
"24392","Queens","2016","5","19","17","45","509","145368","POINT (1021094.7370307076 216745.25864896105)","ASTORIA BOULEVARD","102 Street","31 Avenue","EB"
"24392","Queens","2016","5","19","18","0","556","145368","POINT (1021094.7370307076 216745.25864896105)","ASTORIA BOULEVARD","102 Street","31 Avenue","EB"
"24392","Queens","2016","5","19","18","15","449","145368","POINT (1021094.7370307076 216745.25864896105)","ASTORIA BOULEVARD","102 Street","31 Avenue","EB"
"24392","Queens","2016","5","19","18","30","536","145368","POINT (1021094.7370307076 216745.25864896105)","ASTORIA BOULEVARD","102 Street","31 Avenue","EB"
"24392","Queens","2016","5","19","18","45","473","145368","POINT (1021094.7370307076 216745.25864896105)","ASTORIA BOULEVARD","102 Street","31 Avenue","EB"
"24392","Queens","2016","5","19","19","0","404","145368","POINT (1021094.7370307076 216745.25864896105)","ASTORIA BOULEVARD","102 Street","31 Avenue","EB"
"24392","Queens","2016","5","19","19","15","245","145368","POINT (1021094.7370307076 216745.25864896105)","ASTORIA BOULEVARD","102 Street","31 Avenue","EB"
"24392","Queens","2016","5","19","19","30","208","145368","POINT (1021094.7370307076 216745.25864896105)","ASTORIA BOULEVARD","102 Street","31 Avenue","EB"
"24392","Queens","2016","5","19","19","45","208","145368","POINT (1021094.7370307076 216745.25864896105)","ASTORIA BOULEVARD","102 Street","31 Avenue","EB"
"24392","Queens","2016","5","19","20","0","180","145368","POINT (1021094.7370307076 216745.25864896105)","ASTORIA BOULEVARD","102 Street","31 Avenue","EB"
"24392","Queens","2016","5","19","20","15","178","145368","POINT (1021094.7370307076 216745.25864896105)","ASTORIA BOULEVARD","102 Street","31 Avenue","EB"
"24392","Queens","2016","5","19","20","30","164","145368","POINT (1021094.7370307076 216745.25864896105)","ASTORIA BOULEVARD","102 Street","31 Avenue","EB"
"24392","Queens","2016","5","19","20","45","131","145368","POINT (1021094.7370307076 216745.25864896105)","ASTORIA BOULEVARD","102 Street","31 Avenue","EB"
"24392","Queens","2016","5","19","21","0","125","145368","POINT (1021094.7370307076 216745.25864896105)","ASTORIA BOULEVARD","102 Street","31 Avenue","EB"
"24392","Queens","2016","5","19","21","15","143","145368","POINT (1021094.7370307076 216745.25864896105)","ASTORIA BOULEVARD","102 Street","31 Avenue","EB"
"24392","Queens","2016","5","19","21","30","148","145368","POINT (1021094.7370307076 216745.25864896105)","ASTORIA BOULEVARD","102 Street","31 Avenue","EB"
"24392","Queens","2016","5","19","21","45","111","145368","POINT (1021094.7370307076 216745.25864896105)","ASTORIA BOULEVARD","102 Street","31 Avenue","EB"
"24392","Queens","2016","5","19","22","0","124","145368","POINT (1021094.7370307076 216745.25864896105)","ASTORIA BOULEVARD","102 Street","31 Avenue","EB"
"24392","Queens","2016","5","19","22","15","84","145368","POINT (1021094.7370307076 216745.25864896105)","ASTORIA BOULEVARD","102 Street","31 Avenue","EB"
"24392","Queens","2016","5","19","22","30","80","145368","POINT (1021094.7370307076 216745.25864896105)","ASTORIA BOULEVARD","102 Street","31 Avenue","EB"
"24392","Queens","2016","5","19","22","45","74","145368","POINT (1021094.7370307076 216745.25864896105)","ASTORIA BOULEVARD","102 Street","31 Avenue","EB"
"24392","Queens","2016","5","19","23","0","74","145368","POINT (1021094.7370307076 216745.25864896105)","ASTORIA BOULEVARD","102 Street","31 Avenue","EB"
"24392","Queens","2016","5","19","23","15","56","145368","POINT (1021094.7370307076 216745.25864896105)","ASTORIA BOULEVARD","102 Street","31 Avenue","EB"
"24392","Queens","2016","5","19","23","30","88","145368","POINT (1021094.7370307076 216745.25864896105)","ASTORIA BOULEVARD","102 Street","31 Avenue","EB"
"24392","Queens","2016","5","19","23","45","52","145368","POINT (1021094.7370307076 216745.25864896105)","ASTORIA BOULEVARD","102 Street","31 Avenue","EB"
"24392","Queens","2016","5","20","0","0","60","145368","POINT (1021094.7370307076 216745.25864896105)","ASTORIA BOULEVARD","102 Street","31 Avenue","EB"
"24392","Queens","2016","5","20","0","15","43","145368","POINT (1021094.7370307076 216745.25864896105)","ASTORIA BOULEVARD","102 Street","31 Avenue","EB"
"24392","Queens","2016","5","20","0","30","40","145368","POINT (1021094.7370307076 216745.25864896105)","ASTORIA BOULEVARD","102 Street","31 Avenue","EB"
"24392","Queens","2016","5","20","0","45","38","145368","POINT (1021094.7370307076 216745.25864896105)","ASTORIA BOULEVARD","102 Street","31 Avenue","EB"
"24392","Queens","2016","5","20","1","0","30","145368","POINT (1021094.7370307076 216745.25864896105)","ASTORIA BOULEVARD","102 Street","31 Avenue","EB"
"24392","Queens","2016","5","20","1","15","32","145368","POINT (1021094.7370307076 216745.25864896105)","ASTORIA BOULEVARD","102 Street","31 Avenue","EB"
"24392","Queens","2016","5","20","1","30","25","145368","POINT (1021094.7370307076 216745.25864896105)","ASTORIA BOULEVARD","102 Street","31 Avenue","EB"
"24392","Queens","2016","5","20","1","45","34","145368","POINT (1021094.7370307076 216745.25864896105)","ASTORIA BOULEVARD","102 Street","31 Avenue","EB"
"24392","Queens","2016","5","20","2","0","21","145368","POINT (1021094.7370307076 216745.25864896105)","ASTORIA BOULEVARD","102 Street","31 Avenue","EB"
"24392","Queens","2016","5","20","2","15","19","145368","POINT (1021094.7370307076 216745.25864896105)","ASTORIA BOULEVARD","102 Street","31 Avenue","EB"
"24392","Queens","2016","5","20","2","30","25","145368","POINT (1021094.7370307076 216745.25864896105)","ASTORIA BOULEVARD","102 Street","31 Avenue","EB"
"24392","Queens","2016","5","20","2","45","23","145368","POINT (1021094.7370307076 216745.25864896105)","ASTORIA BOULEVARD","102 Street","31 Avenue","EB"
"24392","Queens","2016","5","20","3","0","24","145368","POINT (1021094.7370307076 216745.25864896105)","ASTORIA BOULEVARD","102 Street","31 Avenue","EB"
"24392","Queens","2016","5","20","3","15","22","145368","POINT (1021094.7370307076 216745.25864896105)","ASTORIA BOULEVARD","102 Street","31 Avenue","EB"
"24392","Queens","2016","5","20","3","30","28","145368","POINT (1021094.7370307076 216745.25864896105)","ASTORIA BOULEVARD","102 Street","31 Avenue","EB"
"24392","Queens","2016","5","20","3","45","20","145368","POINT (1021094.7370307076 216745.25864896105)","ASTORIA BOULEVARD","102 Street","31 Avenue","EB"
"24392","Queens","2016","5","20","4","0","18","145368","POINT (1021094.7370307076 216745.25864896105)","ASTORIA BOULEVARD","102 Street","31 Avenue","EB"
"24392","Queens","2016","5","20","4","15","31","145368","POINT (1021094.7370307076 216745.25864896105)","ASTORIA BOULEVARD","102 Street","31 Avenue","EB"
"24392","Queens","2016","5","20","4","30","31","145368","POINT (1021094.7370307076 216745.25864896105)","ASTORIA BOULEVARD","102 Street","31 Avenue","EB"
"24392","Queens","2016","5","20","4","45","32","145368","POINT (1021094.7370307076 216745.25864896105)","ASTORIA BOULEVARD","102 Street","31 Avenue","EB"
"24392","Queens","2016","5","20","5","0","46","145368","POINT (1021094.7370307076 216745.25864896105)","ASTORIA BOULEVARD","102 Street","31 Avenue","EB"
"24392","Queens","2016","5","20","5","15","41","145368","POINT (1021094.7370307076 216745.25864896105)","ASTORIA BOULEVARD","102 Street","31 Avenue","EB"
"11650","Queens","2013","4","18","1","30","59","149701","POINT (997416.7 208658.5)","PULASKI BR","BOROUGH BOUNDARY","BODY OF WATER","NB"
"11650","Queens","2013","4","18","1","45","60","149701","POINT (997416.7 208658.5)","PULASKI BR","BOROUGH BOUNDARY","BODY OF WATER","NB"
"11650","Queens","2013","4","18","2","0","43","149701","POINT (997416.7 208658.5)","PULASKI BR","BOROUGH BOUNDARY","BODY OF WATER","NB"
"11650","Queens","2013","4","18","2","15","59","149701","POINT (997416.7 208658.5)","PULASKI BR","BOROUGH BOUNDARY","BODY OF WATER","NB"
"11650","Queens","2013","4","18","2","30","57","149701","POINT (997416.7 208658.5)","PULASKI BR","BOROUGH BOUNDARY","BODY OF WATER","NB"
"11650","Queens","2013","4","18","2","45","48","149701","POINT (997416.7 208658.5)","PULASKI BR","BOROUGH BOUNDARY","BODY OF WATER","NB"
"11650","Queens","2013","4","18","3","0","43","149701","POINT (997416.7 208658.5)","PULASKI BR","BOROUGH BOUNDARY","BODY OF WATER","NB"
"11650","Queens","2013","4","18","3","15","51","149701","POINT (997416.7 208658.5)","PULASKI BR","BOROUGH BOUNDARY","BODY OF WATER","NB"
"11650","Queens","2013","4","18","3","30","64","149701","POINT (997416.7 208658.5)","PULASKI BR","BOROUGH BOUNDARY","BODY OF WATER","NB"
"11650","Queens","2013","4","18","3","45","64","149701","POINT (997416.7 208658.5)","PULASKI BR","BOROUGH BOUNDARY","BODY OF WATER","NB"
"11650","Queens","2013","4","18","4","0","72","149701","POINT (997416.7 208658.5)","PULASKI BR","BOROUGH BOUNDARY","BODY OF WATER","NB"
"11650","Queens","2013","4","18","4","15","76","149701","POINT (997416.7 208658.5)","PULASKI BR","BOROUGH BOUNDARY","BODY OF WATER","NB"
"11650","Queens","2013","4","18","4","30","80","149701","POINT (997416.7 208658.5)","PULASKI BR","BOROUGH BOUNDARY","BODY OF WATER","NB"
"11650","Queens","2013","4","18","4","45","102","149701","POINT (997416.7 208658.5)","PULASKI BR","BOROUGH BOUNDARY","BODY OF WATER","NB"
"11650","Queens","2013","4","18","5","0","117","149701","POINT (997416.7 208658.5)","PULASKI BR","BOROUGH BOUNDARY","BODY OF WATER","NB"
"11650","Queens","2013","4","18","5","15","130","149701","POINT (997416.7 208658.5)","PULASKI BR","BOROUGH BOUNDARY","BODY OF WATER","NB"
"11650","Queens","2013","4","18","5","30","171","149701","POINT (997416.7 208658.5)","PULASKI BR","BOROUGH BOUNDARY","BODY OF WATER","NB"
"11650","Queens","2013","4","18","5","45","221","149701","POINT (997416.7 208658.5)","PULASKI BR","BOROUGH BOUNDARY","BODY OF WATER","NB"
"11650","Queens","2013","4","18","6","0","247","149701","POINT (997416.7 208658.5)","PULASKI BR","BOROUGH BOUNDARY","BODY OF WATER","NB"
"11650","Queens","2013","4","18","6","15","319","149701","POINT (997416.7 208658.5)","PULASKI BR","BOROUGH BOUNDARY","BODY OF WATER","NB"
"11650","Queens","2013","4","18","6","30","316","149701","POINT (997416.7 208658.5)","PULASKI BR","BOROUGH BOUNDARY","BODY OF WATER","NB"
"11650","Queens","2013","4","18","6","45","366","149701","POINT (997416.7 208658.5)","PULASKI BR","BOROUGH BOUNDARY","BODY OF WATER","NB"
"11650","Queens","2013","4","18","7","0","303","149701","POINT (997416.7 208658.5)","PULASKI BR","BOROUGH BOUNDARY","BODY OF WATER","NB"
"11650","Queens","2013","4","18","7","15","389","149701","POINT (997416.7 208658.5)","PULASKI BR","BOROUGH BOUNDARY","BODY OF WATER","NB"
"11650","Queens","2013","4","18","7","30","410","149701","POINT (997416.7 208658.5)","PULASKI BR","BOROUGH BOUNDARY","BODY OF WATER","NB"
"11650","Queens","2013","4","18","7","45","387","149701","POINT (997416.7 208658.5)","PULASKI BR","BOROUGH BOUNDARY","BODY OF WATER","NB"
"11650","Queens","2013","4","18","8","0","362","149701","POINT (997416.7 208658.5)","PULASKI BR","BOROUGH BOUNDARY","BODY OF WATER","NB"
"11650","Queens","2013","4","18","8","15","427","149701","POINT (997416.7 208658.5)","PULASKI BR","BOROUGH BOUNDARY","BODY OF WATER","NB"
"11650","Queens","2013","4","18","8","30","380","149701","POINT (997416.7 208658.5)","PULASKI BR","BOROUGH BOUNDARY","BODY OF WATER","NB"
"11650","Queens","2013","4","18","8","45","443","149701","POINT (997416.7 208658.5)","PULASKI BR","BOROUGH BOUNDARY","BODY OF WATER","NB"
"11650","Queens","2013","4","18","9","0","347","149701","POINT (997416.7 208658.5)","PULASKI BR","BOROUGH BOUNDARY","BODY OF WATER","NB"
"11650","Queens","2013","4","18","9","15","363","149701","POINT (997416.7 208658.5)","PULASKI BR","BOROUGH BOUNDARY","BODY OF WATER","NB"
"11650","Queens","2013","4","18","9","30","308","149701","POINT (997416.7 208658.5)","PULASKI BR","BOROUGH BOUNDARY","BODY OF WATER","NB"
"11650","Queens","2013","4","18","9","45","288","149701","POINT (997416.7 208658.5)","PULASKI BR","BOROUGH BOUNDARY","BODY OF WATER","NB"
"11650","Queens","2013","4","18","10","0","263","149701","POINT (997416.7 208658.5)","PULASKI BR","BOROUGH BOUNDARY","BODY OF WATER","NB"
"11650","Queens","2013","4","18","10","15","219","149701","POINT (997416.7 208658.5)","PULASKI BR","BOROUGH BOUNDARY","BODY OF WATER","NB"
"11650","Queens","2013","4","18","10","30","212","149701","POINT (997416.7 208658.5)","PULASKI BR","BOROUGH BOUNDARY","BODY OF WATER","NB"
"11650","Queens","2013","4","18","10","45","228","149701","POINT (997416.7 208658.5)","PULASKI BR","BOROUGH BOUNDARY","BODY OF WATER","NB"
"11650","Queens","2013","4","18","11","0","208","149701","POINT (997416.7 208658.5)","PULASKI BR","BOROUGH BOUNDARY","BODY OF WATER","NB"
"11650","Queens","2013","4","18","11","15","257","149701","POINT (997416.7 208658.5)","PULASKI BR","BOROUGH BOUNDARY","BODY OF WATER","NB"
"11650","Queens","2013","4","18","11","30","240","149701","POINT (997416.7 208658.5)","PULASKI BR","BOROUGH BOUNDARY","BODY OF WATER","NB"
"11650","Queens","2013","4","18","11","45","280","149701","POINT (997416.7 208658.5)","PULASKI BR","BOROUGH BOUNDARY","BODY OF WATER","NB"
"11650","Queens","2013","4","18","12","0","256","149701","POINT (997416.7 208658.5)","PULASKI BR","BOROUGH BOUNDARY","BODY OF WATER","NB"
"11650","Queens","2013","4","18","12","15","268","149701","POINT (997416.7 208658.5)","PULASKI BR","BOROUGH BOUNDARY","BODY OF WATER","NB"
"11650","Queens","2013","4","18","12","30","245","149701","POINT (997416.7 208658.5)","PULASKI BR","BOROUGH BOUNDARY","BODY OF WATER","NB"
"11650","Queens","2013","4","18","12","45","276","149701","POINT (997416.7 208658.5)","PULASKI BR","BOROUGH BOUNDARY","BODY OF WATER","NB"
"11650","Queens","2013","4","18","13","0","246","149701","POINT (997416.7 208658.5)","PULASKI BR","BOROUGH BOUNDARY","BODY OF WATER","NB"
"11650","Queens","2013","4","18","13","15","313","149701","POINT (997416.7 208658.5)","PULASKI BR","BOROUGH BOUNDARY","BODY OF WATER","NB"
"11650","Queens","2013","4","18","13","30","238","149701","POINT (997416.7 208658.5)","PULASKI BR","BOROUGH BOUNDARY","BODY OF WATER","NB"
"11650","Queens","2013","4","18","13","45","275","149701","POINT (997416.7 208658.5)","PULASKI BR","BOROUGH BOUNDARY","BODY OF WATER","NB"
"11650","Queens","2013","4","18","14","0","246","149701","POINT (997416.7 208658.5)","PULASKI BR","BOROUGH BOUNDARY","BODY OF WATER","NB"
"11650","Queens","2013","4","18","14","15","253","149701","POINT (997416.7 208658.5)","PULASKI BR","BOROUGH BOUNDARY","BODY OF WATER","NB"
"11650","Queens","2013","4","18","14","30","280","149701","POINT (997416.7 208658.5)","PULASKI BR","BOROUGH BOUNDARY","BODY OF WATER","NB"
"11650","Queens","2013","4","18","14","45","239","149701","POINT (997416.7 208658.5)","PULASKI BR","BOROUGH BOUNDARY","BODY OF WATER","NB"
"11650","Queens","2013","4","18","15","0","330","149701","POINT (997416.7 208658.5)","PULASKI BR","BOROUGH BOUNDARY","BODY OF WATER","NB"
"11650","Queens","2013","4","18","15","15","300","149701","POINT (997416.7 208658.5)","PULASKI BR","BOROUGH BOUNDARY","BODY OF WATER","NB"
"11650","Queens","2013","4","18","15","30","315","149701","POINT (997416.7 208658.5)","PULASKI BR","BOROUGH BOUNDARY","BODY OF WATER","NB"
"11650","Queens","2013","4","18","15","45","303","149701","POINT (997416.7 208658.5)","PULASKI BR","BOROUGH BOUNDARY","BODY OF WATER","NB"
"11650","Queens","2013","4","18","16","0","308","149701","POINT (997416.7 208658.5)","PULASKI BR","BOROUGH BOUNDARY","BODY OF WATER","NB"
"11650","Queens","2013","4","18","16","15","311","149701","POINT (997416.7 208658.5)","PULASKI BR","BOROUGH BOUNDARY","BODY OF WATER","NB"
"11650","Queens","2013","4","18","16","30","337","149701","POINT (997416.7 208658.5)","PULASKI BR","BOROUGH BOUNDARY","BODY OF WATER","NB"
"11650","Queens","2013","4","18","16","45","298","149701","POINT (997416.7 208658.5)","PULASKI BR","BOROUGH BOUNDARY","BODY OF WATER","NB"
"11650","Queens","2013","4","18","17","0","310","149701","POINT (997416.7 208658.5)","PULASKI BR","BOROUGH BOUNDARY","BODY OF WATER","NB"
"11650","Queens","2013","4","18","17","15","318","149701","POINT (997416.7 208658.5)","PULASKI BR","BOROUGH BOUNDARY","BODY OF WATER","NB"
"11650","Queens","2013","4","18","17","30","302","149701","POINT (997416.7 208658.5)","PULASKI BR","BOROUGH BOUNDARY","BODY OF WATER","NB"
"11650","Queens","2013","4","18","17","45","282","149701","POINT (997416.7 208658.5)","PULASKI BR","BOROUGH BOUNDARY","BODY OF WATER","NB"
"11650","Queens","2013","4","18","18","0","275","149701","POINT (997416.7 208658.5)","PULASKI BR","BOROUGH BOUNDARY","BODY OF WATER","NB"
"11650","Queens","2013","4","18","18","15","255","149701","POINT (997416.7 208658.5)","PULASKI BR","BOROUGH BOUNDARY","BODY OF WATER","NB"
"11650","Queens","2013","4","18","18","30","216","149701","POINT (997416.7 208658.5)","PULASKI BR","BOROUGH BOUNDARY","BODY OF WATER","NB"
"11650","Queens","2013","4","18","18","45","200","149701","POINT (997416.7 208658.5)","PULASKI BR","BOROUGH BOUNDARY","BODY OF WATER","NB"
"11650","Queens","2013","4","18","19","0","203","149701","POINT (997416.7 208658.5)","PULASKI BR","BOROUGH BOUNDARY","BODY OF WATER","NB"
"11650","Queens","2013","4","18","19","15","203","149701","POINT (997416.7 208658.5)","PULASKI BR","BOROUGH BOUNDARY","BODY OF WATER","NB"
"11650","Queens","2013","4","18","19","30","198","149701","POINT (997416.7 208658.5)","PULASKI BR","BOROUGH BOUNDARY","BODY OF WATER","NB"
"11650","Queens","2013","4","18","19","45","161","149701","POINT (997416.7 208658.5)","PULASKI BR","BOROUGH BOUNDARY","BODY OF WATER","NB"
"11650","Queens","2013","4","18","20","0","156","149701","POINT (997416.7 208658.5)","PULASKI BR","BOROUGH BOUNDARY","BODY OF WATER","NB"
"11650","Queens","2013","4","18","20","15","165","149701","POINT (997416.7 208658.5)","PULASKI BR","BOROUGH BOUNDARY","BODY OF WATER","NB"
"11650","Queens","2013","4","18","20","30","134","149701","POINT (997416.7 208658.5)","PULASKI BR","BOROUGH BOUNDARY","BODY OF WATER","NB"
"11650","Queens","2013","4","18","20","45","142","149701","POINT (997416.7 208658.5)","PULASKI BR","BOROUGH BOUNDARY","BODY OF WATER","NB"
"11650","Queens","2013","4","18","21","0","143","149701","POINT (997416.7 208658.5)","PULASKI BR","BOROUGH BOUNDARY","BODY OF WATER","NB"
"11650","Queens","2013","4","18","21","15","144","149701","POINT (997416.7 208658.5)","PULASKI BR","BOROUGH BOUNDARY","BODY OF WATER","NB"
"11650","Queens","2013","4","18","21","30","129","149701","POINT (997416.7 208658.5)","PULASKI BR","BOROUGH BOUNDARY","BODY OF WATER","NB"
"11650","Queens","2013","4","18","21","45","124","149701","POINT (997416.7 208658.5)","PULASKI BR","BOROUGH BOUNDARY","BODY OF WATER","NB"
"11650","Queens","2013","4","18","22","0","95","149701","POINT (997416.7 208658.5)","PULASKI BR","BOROUGH BOUNDARY","BODY OF WATER","NB"
"11650","Queens","2013","4","18","22","15","129","149701","POINT (997416.7 208658.5)","PULASKI BR","BOROUGH BOUNDARY","BODY OF WATER","NB"
"11650","Queens","2013","4","18","22","30","121","149701","POINT (997416.7 208658.5)","PULASKI BR","BOROUGH BOUNDARY","BODY OF WATER","NB"
"11650","Queens","2013","4","18","22","45","121","149701","POINT (997416.7 208658.5)","PULASKI BR","BOROUGH BOUNDARY","BODY OF WATER","NB"
"11650","Queens","2013","4","18","23","0","99","149701","POINT (997416.7 208658.5)","PULASKI BR","BOROUGH BOUNDARY","BODY OF WATER","NB"
"11650","Queens","2013","4","18","23","15","120","149701","POINT (997416.7 208658.5)","PULASKI BR","BOROUGH BOUNDARY","BODY OF WATER","NB"
"11650","Queens","2013","4","18","23","30","101","149701","POINT (997416.7 208658.5)","PULASKI BR","BOROUGH BOUNDARY","BODY OF WATER","NB"
"11650","Queens","2013","4","18","23","45","91","149701","POINT (997416.7 208658.5)","PULASKI BR","BOROUGH BOUNDARY","BODY OF WATER","NB"
"11650","Queens","2013","4","19","0","0","97","149701","POINT (997416.7 208658.5)","PULASKI BR","BOROUGH BOUNDARY","BODY OF WATER","NB"
"11650","Queens","2013","4","19","0","15","75","149701","POINT (997416.7 208658.5)","PULASKI BR","BOROUGH BOUNDARY","BODY OF WATER","NB"
"11650","Queens","2013","4","19","0","30","77","149701","POINT (997416.7 208658.5)","PULASKI BR","BOROUGH BOUNDARY","BODY OF WATER","NB"
"11650","Queens","2013","4","19","0","45","69","149701","POINT (997416.7 208658.5)","PULASKI BR","BOROUGH BOUNDARY","BODY OF WATER","NB"
"11650","Queens","2013","4","19","1","0","67","149701","POINT (997416.7 208658.5)","PULASKI BR","BOROUGH BOUNDARY","BODY OF WATER","NB"
"11650","Queens","2013","4","19","1","15","76","149701","POINT (997416.7 208658.5)","PULASKI BR","BOROUGH BOUNDARY","BODY OF WATER","NB"
"11650","Queens","2013","4","19","1","30","69","149701","POINT (997416.7 208658.5)","PULASKI BR","BOROUGH BOUNDARY","BODY OF WATER","NB"
"11650","Queens","2013","4","19","1","45","47","149701","POINT (997416.7 208658.5)","PULASKI BR","BOROUGH BOUNDARY","BODY OF WATER","NB"
"11650","Queens","2013","4","19","2","0","46","149701","POINT (997416.7 208658.5)","PULASKI BR","BOROUGH BOUNDARY","BODY OF WATER","NB"
"11650","Queens","2013","4","19","2","15","55","149701","POINT (997416.7 208658.5)","PULASKI BR","BOROUGH BOUNDARY","BODY OF WATER","NB"
"11650","Queens","2013","4","19","2","30","38","149701","POINT (997416.7 208658.5)","PULASKI BR","BOROUGH BOUNDARY","BODY OF WATER","NB"
"11650","Queens","2013","4","19","2","45","51","149701","POINT (997416.7 208658.5)","PULASKI BR","BOROUGH BOUNDARY","BODY OF WATER","NB"
"11650","Queens","2013","4","19","3","0","55","149701","POINT (997416.7 208658.5)","PULASKI BR","BOROUGH BOUNDARY","BODY OF WATER","NB"
"11650","Queens","2013","4","19","3","15","58","149701","POINT (997416.7 208658.5)","PULASKI BR","BOROUGH BOUNDARY","BODY OF WATER","NB"
"11650","Queens","2013","4","19","3","30","61","149701","POINT (997416.7 208658.5)","PULASKI BR","BOROUGH BOUNDARY","BODY OF WATER","NB"
"35707","Brooklyn","2022","12","13","15","0","274","157614","POINT (1005680.4152715789 161508.0459776141)","FLATBUSH AVENUE","Dead End","Avenue U","SB"
"35707","Brooklyn","2022","12","13","15","15","214","157614","POINT (1005680.4152715789 161508.0459776141)","FLATBUSH AVENUE","Dead End","Avenue U","SB"
"35707","Brooklyn","2022","12","13","15","30","209","157614","POINT (1005680.4152715789 161508.0459776141)","FLATBUSH AVENUE","Dead End","Avenue U","SB"
"35707","Brooklyn","2022","12","13","15","45","191","157614","POINT (1005680.4152715789 161508.0459776141)","FLATBUSH AVENUE","Dead End","Avenue U","SB"
"35707","Brooklyn","2022","12","13","16","0","234","157614","POINT (1005680.4152715789 161508.0459776141)","FLATBUSH AVENUE","Dead End","Avenue U","SB"
"35707","Brooklyn","2022","12","13","16","15","234","157614","POINT (1005680.4152715789 161508.0459776141)","FLATBUSH AVENUE","Dead End","Avenue U","SB"
"35707","Brooklyn","2022","12","13","16","30","245","157614","POINT (1005680.4152715789 161508.0459776141)","FLATBUSH AVENUE","Dead End","Avenue U","SB"
"35707","Brooklyn","2022","12","13","16","45","242","157614","POINT (1005680.4152715789 161508.0459776141)","FLATBUSH AVENUE","Dead End","Avenue U","SB"
"35707","Brooklyn","2022","12","13","17","0","279","157614","POINT (1005680.4152715789 161508.0459776141)","FLATBUSH AVENUE","Dead End","Avenue U","SB"
"35707","Brooklyn","2022","12","13","17","15","251","157614","POINT (1005680.4152715789 161508.0459776141)","FLATBUSH AVENUE","Dead End","Avenue U","SB"
"35707","Brooklyn","2022","12","13","17","30","226","157614","POINT (1005680.4152715789 161508.0459776141)","FLATBUSH AVENUE","Dead End","Avenue U","SB"
"35707","Brooklyn","2022","12","13","17","45","236","157614","POINT (1005680.4152715789 161508.0459776141)","FLATBUSH AVENUE","Dead End","Avenue U","SB"
"35707","Brooklyn","2022","12","13","18","0","254","157614","POINT (1005680.4152715789 161508.0459776141)","FLATBUSH AVENUE","Dead End","Avenue U","SB"
"35707","Brooklyn","2022","12","13","18","15","222","157614","POINT (1005680.4152715789 161508.0459776141)","FLATBUSH AVENUE","Dead End","Avenue U","SB"
"35707","Brooklyn","2022","12","13","18","30","217","157614","POINT (1005680.4152715789 161508.0459776141)","FLATBUSH AVENUE","Dead End","Avenue U","SB"
"35707","Brooklyn","2022","12","13","18","45","292","157614","POINT (1005680.4152715789 161508.0459776141)","FLATBUSH AVENUE","Dead End","Avenue U","SB"
"35707","Brooklyn","2022","12","13","19","0","196","157614","POINT (1005680.4152715789 161508.0459776141)","FLATBUSH AVENUE","Dead End","Avenue U","SB"
"35707","Brooklyn","2022","12","13","19","15","224","157614","POINT (1005680.4152715789 161508.0459776141)","FLATBUSH AVENUE","Dead End","Avenue U","SB"
"35707","Brooklyn","2022","12","13","19","30","240","157614","POINT (1005680.4152715789 161508.0459776141)","FLATBUSH AVENUE","Dead End","Avenue U","SB"
"35707","Brooklyn","2022","12","13","19","45","244","157614","POINT (1005680.4152715789 161508.0459776141)","FLATBUSH AVENUE","Dead End","Avenue U","SB"
"35707","Brooklyn","2022","12","13","20","0","260","157614","POINT (1005680.4152715789 161508.0459776141)","FLATBUSH AVENUE","Dead End","Avenue U","SB"
"35707","Brooklyn","2022","12","13","20","15","197","157614","POINT (1005680.4152715789 161508.0459776141)","FLATBUSH AVENUE","Dead End","Avenue U","SB"
"35707","Brooklyn","2022","12","13","20","30","170","157614","POINT (1005680.4152715789 161508.0459776141)","FLATBUSH AVENUE","Dead End","Avenue U","SB"
"35707","Brooklyn","2022","12","13","20","45","183","157614","POINT (1005680.4152715789 161508.0459776141)","FLATBUSH AVENUE","Dead End","Avenue U","SB"
"35707","Brooklyn","2022","12","13","21","0","181","157614","POINT (1005680.4152715789 161508.0459776141)","FLATBUSH AVENUE","Dead End","Avenue U","SB"
"35707","Brooklyn","2022","12","13","21","15","162","157614","POINT (1005680.4152715789 161508.0459776141)","FLATBUSH AVENUE","Dead End","Avenue U","SB"
"35707","Brooklyn","2022","12","13","21","30","119","157614","POINT (1005680.4152715789 161508.0459776141)","FLATBUSH AVENUE","Dead End","Avenue U","SB"
"35707","Brooklyn","2022","12","13","21","45","131","157614","POINT (1005680.4152715789 161508.0459776141)","FLATBUSH AVENUE","Dead End","Avenue U","SB"
"35707","Brooklyn","2022","12","13","22","0","153","157614","POINT (1005680.4152715789 161508.0459776141)","FLATBUSH AVENUE","Dead End","Avenue U","SB"
"35707","Brooklyn","2022","12","13","22","15","148","157614","POINT (1005680.4152715789 161508.0459776141)","FLATBUSH AVENUE","Dead End","Avenue U","SB"
"35707","Brooklyn","2022","12","13","22","30","128","157614","POINT (1005680.4152715789 161508.0459776141)","FLATBUSH AVENUE","Dead End","Avenue U","SB"
"35707","Brooklyn","2022","12","13","22","45","88","157614","POINT (1005680.4152715789 161508.0459776141)","FLATBUSH AVENUE","Dead End","Avenue U","SB"
"35707","Brooklyn","2022","12","13","23","0","101","157614","POINT (1005680.4152715789 161508.0459776141)","FLATBUSH AVENUE","Dead End","Avenue U","SB"
"35707","Brooklyn","2022","12","13","23","15","82","157614","POINT (1005680.4152715789 161508.0459776141)","FLATBUSH AVENUE","Dead End","Avenue U","SB"
"35707","Brooklyn","2022","12","13","23","30","96","157614","POINT (1005680.4152715789 161508.0459776141)","FLATBUSH AVENUE","Dead End","Avenue U","SB"
"35707","Brooklyn","2022","12","13","23","45","87","157614","POINT (1005680.4152715789 161508.0459776141)","FLATBUSH AVENUE","Dead End","Avenue U","SB"
"11859","Brooklyn","2010","7","3","0","0","130","157632","POINT (984744.1 179783.1)","4TH AVE APPROACHING 25TH ST","26 ST","25 ST","NB"
"11859","Brooklyn","2010","7","3","0","15","92","157632","POINT (984744.1 179783.1)","4TH AVE APPROACHING 25TH ST","26 ST","25 ST","NB"
"11662","Brooklyn","2013","4","4","8","30","165","157643","POINT (1021215.9 188138.2)","ATLANTIC AV","GRANT AV","ELDERT LA","EB"
"11662","Brooklyn","2013","4","4","8","45","154","157643","POINT (1021215.9 188138.2)","ATLANTIC AV","GRANT AV","ELDERT LA","EB"
"22605","Brooklyn","2016","3","29","8","45","15","157643","POINT (1021241.8955229608 188147.76915900593)","ATLANTIC AVENUE","Grant Avenue","Eldert Lane","EB"
"22605","Brooklyn","2016","3","29","9","0","111","157643","POINT (1021241.8955229608 188147.76915900593)","ATLANTIC AVENUE","Grant Avenue","Eldert Lane","EB"
"32970","Brooklyn","2021","5","17","6","45","71","157643","POINT (1021229.0437736813 188143.03079901385)","ATLANTIC AVENUE","Grant Avenue","Eldert Lane","EB"
"23910","Brooklyn","2016","7","11","0","0","82","157647","POINT (998656.497974607 151955.2757842087)","EMMONS AVENUE","East 21 Street","Dead End","WB"
"23910","Brooklyn","2016","7","11","0","15","90","157647","POINT (998656.497974607 151955.2757842087)","EMMONS AVENUE","East 21 Street","Dead End","WB"
"23910","Brooklyn","2016","7","11","0","30","58","157647","POINT (998656.497974607 151955.2757842087)","EMMONS AVENUE","East 21 Street","Dead End","WB"
"23910","Brooklyn","2016","7","11","0","45","44","157647","POINT (998656.497974607 151955.2757842087)","EMMONS AVENUE","East 21 Street","Dead End","WB"
"23910","Brooklyn","2016","7","11","1","0","63","157647","POINT (998656.497974607 151955.2757842087)","EMMONS AVENUE","East 21 Street","Dead End","WB"
"23910","Brooklyn","2016","7","11","1","15","56","157647","POINT (998656.497974607 151955.2757842087)","EMMONS AVENUE","East 21 Street","Dead End","WB"
"23910","Brooklyn","2016","7","11","1","30","51","157647","POINT (998656.497974607 151955.2757842087)","EMMONS AVENUE","East 21 Street","Dead End","WB"
"23910","Brooklyn","2016","7","11","1","45","39","157647","POINT (998656.497974607 151955.2757842087)","EMMONS AVENUE","East 21 Street","Dead End","WB"
"23910","Brooklyn","2016","7","11","2","0","28","157647","POINT (998656.497974607 151955.2757842087)","EMMONS AVENUE","East 21 Street","Dead End","WB"
"23910","Brooklyn","2016","7","11","2","15","40","157647","POINT (998656.497974607 151955.2757842087)","EMMONS AVENUE","East 21 Street","Dead End","WB"
"23910","Brooklyn","2016","7","11","2","30","12","157647","POINT (998656.497974607 151955.2757842087)","EMMONS AVENUE","East 21 Street","Dead End","WB"
"23910","Brooklyn","2016","7","11","2","45","10","157647","POINT (998656.497974607 151955.2757842087)","EMMONS AVENUE","East 21 Street","Dead End","WB"
"23910","Brooklyn","2016","7","11","3","0","14","157647","POINT (998656.497974607 151955.2757842087)","EMMONS AVENUE","East 21 Street","Dead End","WB"
"23910","Brooklyn","2016","7","11","3","15","12","157647","POINT (998656.497974607 151955.2757842087)","EMMONS AVENUE","East 21 Street","Dead End","WB"
"23910","Brooklyn","2016","7","11","3","30","9","157647","POINT (998656.497974607 151955.2757842087)","EMMONS AVENUE","East 21 Street","Dead End","WB"
"23910","Brooklyn","2016","7","11","3","45","10","157647","POINT (998656.497974607 151955.2757842087)","EMMONS AVENUE","East 21 Street","Dead End","WB"
"23910","Brooklyn","2016","7","11","4","0","12","157647","POINT (998656.497974607 151955.2757842087)","EMMONS AVENUE","East 21 Street","Dead End","WB"
"23910","Brooklyn","2016","7","11","4","15","13","157647","POINT (998656.497974607 151955.2757842087)","EMMONS AVENUE","East 21 Street","Dead End","WB"
"23910","Brooklyn","2016","7","11","4","30","7","157647","POINT (998656.497974607 151955.2757842087)","EMMONS AVENUE","East 21 Street","Dead End","WB"
"23910","Brooklyn","2016","7","11","4","45","5","157647","POINT (998656.497974607 151955.2757842087)","EMMONS AVENUE","East 21 Street","Dead End","WB"
"23910","Brooklyn","2016","7","11","5","0","4","157647","POINT (998656.497974607 151955.2757842087)","EMMONS AVENUE","East 21 Street","Dead End","WB"
"23910","Brooklyn","2016","7","11","5","15","15","157647","POINT (998656.497974607 151955.2757842087)","EMMONS AVENUE","East 21 Street","Dead End","WB"
"23910","Brooklyn","2016","7","11","5","30","27","157647","POINT (998656.497974607 151955.2757842087)","EMMONS AVENUE","East 21 Street","Dead End","WB"
"23910","Brooklyn","2016","7","11","5","45","24","157647","POINT (998656.497974607 151955.2757842087)","EMMONS AVENUE","East 21 Street","Dead End","WB"
"23910","Brooklyn","2016","7","11","6","0","37","157647","POINT (998656.497974607 151955.2757842087)","EMMONS AVENUE","East 21 Street","Dead End","WB"
"23910","Brooklyn","2016","7","11","6","15","45","157647","POINT (998656.497974607 151955.2757842087)","EMMONS AVENUE","East 21 Street","Dead End","WB"
"23910","Brooklyn","2016","7","11","6","30","56","157647","POINT (998656.497974607 151955.2757842087)","EMMONS AVENUE","East 21 Street","Dead End","WB"
"23910","Brooklyn","2016","7","15","7","45","80","157647","POINT (998656.497974607 151955.2757842087)","EMMONS AVENUE","East 21 Street","Dead End","WB"
"23910","Brooklyn","2016","7","15","8","0","124","157647","POINT (998656.497974607 151955.2757842087)","EMMONS AVENUE","East 21 Street","Dead End","WB"
"23910","Brooklyn","2016","7","15","8","15","101","157647","POINT (998656.497974607 151955.2757842087)","EMMONS AVENUE","East 21 Street","Dead End","WB"
"23910","Brooklyn","2016","7","15","8","30","143","157647","POINT (998656.497974607 151955.2757842087)","EMMONS AVENUE","East 21 Street","Dead End","WB"
"23910","Brooklyn","2016","7","15","8","45","168","157647","POINT (998656.497974607 151955.2757842087)","EMMONS AVENUE","East 21 Street","Dead End","WB"
"23910","Brooklyn","2016","7","15","9","0","139","157647","POINT (998656.497974607 151955.2757842087)","EMMONS AVENUE","East 21 Street","Dead End","WB"
"23910","Brooklyn","2016","7","15","9","15","115","157647","POINT (998656.497974607 151955.2757842087)","EMMONS AVENUE","East 21 Street","Dead End","WB"
"23910","Brooklyn","2016","7","15","9","30","102","157647","POINT (998656.497974607 151955.2757842087)","EMMONS AVENUE","East 21 Street","Dead End","WB"
"23910","Brooklyn","2016","7","15","9","45","106","157647","POINT (998656.497974607 151955.2757842087)","EMMONS AVENUE","East 21 Street","Dead End","WB"
"23910","Brooklyn","2016","7","15","10","0","97","157647","POINT (998656.497974607 151955.2757842087)","EMMONS AVENUE","East 21 Street","Dead End","WB"
"23910","Brooklyn","2016","7","15","10","15","110","157647","POINT (998656.497974607 151955.2757842087)","EMMONS AVENUE","East 21 Street","Dead End","WB"
"23910","Brooklyn","2016","7","15","10","30","86","157647","POINT (998656.497974607 151955.2757842087)","EMMONS AVENUE","East 21 Street","Dead End","WB"
"23910","Brooklyn","2016","7","15","10","45","102","157647","POINT (998656.497974607 151955.2757842087)","EMMONS AVENUE","East 21 Street","Dead End","WB"
"23910","Brooklyn","2016","7","15","11","0","95","157647","POINT (998656.497974607 151955.2757842087)","EMMONS AVENUE","East 21 Street","Dead End","WB"
"23910","Brooklyn","2016","7","15","11","15","102","157647","POINT (998656.497974607 151955.2757842087)","EMMONS AVENUE","East 21 Street","Dead End","WB"
"23910","Brooklyn","2016","7","15","11","30","95","157647","POINT (998656.497974607 151955.2757842087)","EMMONS AVENUE","East 21 Street","Dead End","WB"
"23910","Brooklyn","2016","7","15","11","45","140","157647","POINT (998656.497974607 151955.2757842087)","EMMONS AVENUE","East 21 Street","Dead End","WB"
"23910","Brooklyn","2016","7","15","12","0","154","157647","POINT (998656.497974607 151955.2757842087)","EMMONS AVENUE","East 21 Street","Dead End","WB"
"23910","Brooklyn","2016","7","15","12","15","168","157647","POINT (998656.497974607 151955.2757842087)","EMMONS AVENUE","East 21 Street","Dead End","WB"
"23910","Brooklyn","2016","7","15","12","30","184","157647","POINT (998656.497974607 151955.2757842087)","EMMONS AVENUE","East 21 Street","Dead End","WB"
"23910","Brooklyn","2016","7","15","12","45","156","157647","POINT (998656.497974607 151955.2757842087)","EMMONS AVENUE","East 21 Street","Dead End","WB"
"23910","Brooklyn","2016","7","15","13","0","158","157647","POINT (998656.497974607 151955.2757842087)","EMMONS AVENUE","East 21 Street","Dead End","WB"
"23910","Brooklyn","2016","7","15","13","15","136","157647","POINT (998656.497974607 151955.2757842087)","EMMONS AVENUE","East 21 Street","Dead End","WB"
"23910","Brooklyn","2016","7","15","13","30","153","157647","POINT (998656.497974607 151955.2757842087)","EMMONS AVENUE","East 21 Street","Dead End","WB"
"23910","Brooklyn","2016","7","15","13","45","168","157647","POINT (998656.497974607 151955.2757842087)","EMMONS AVENUE","East 21 Street","Dead End","WB"
"23910","Brooklyn","2016","7","15","14","0","155","157647","POINT (998656.497974607 151955.2757842087)","EMMONS AVENUE","East 21 Street","Dead End","WB"
"23910","Brooklyn","2016","7","15","14","15","182","157647","POINT (998656.497974607 151955.2757842087)","EMMONS AVENUE","East 21 Street","Dead End","WB"
"23910","Brooklyn","2016","7","15","14","30","149","157647","POINT (998656.497974607 151955.2757842087)","EMMONS AVENUE","East 21 Street","Dead End","WB"
"23910","Brooklyn","2016","7","15","14","45","177","157647","POINT (998656.497974607 151955.2757842087)","EMMONS AVENUE","East 21 Street","Dead End","WB"
"23910","Brooklyn","2016","7","15","15","0","157","157647","POINT (998656.497974607 151955.2757842087)","EMMONS AVENUE","East 21 Street","Dead End","WB"
"23910","Brooklyn","2016","7","15","15","15","180","157647","POINT (998656.497974607 151955.2757842087)","EMMONS AVENUE","East 21 Street","Dead End","WB"
"23910","Brooklyn","2016","7","15","15","30","151","157647","POINT (998656.497974607 151955.2757842087)","EMMONS AVENUE","East 21 Street","Dead End","WB"
"23910","Brooklyn","2016","7","15","15","45","141","157647","POINT (998656.497974607 151955.2757842087)","EMMONS AVENUE","East 21 Street","Dead End","WB"
"23910","Brooklyn","2016","7","15","16","0","163","157647","POINT (998656.497974607 151955.2757842087)","EMMONS AVENUE","East 21 Street","Dead End","WB"
"23910","Brooklyn","2016","7","15","16","15","167","157647","POINT (998656.497974607 151955.2757842087)","EMMONS AVENUE","East 21 Street","Dead End","WB"
"26734","Manhattan","2017","10","23","7","30","341","9009102","POINT (986830.0567133147 196995.61336815002)","MANHATTAN BRIDGE","Dead End","Dead end","EW"
"26734","Manhattan","2017","10","23","7","45","372","9009102","POINT (986830.0567133147 196995.61336815002)","MANHATTAN BRIDGE","Dead End","Dead end","EW"
"26734","Manhattan","2017","10","23","8","0","329","9009102","POINT (986830.0567133147 196995.61336815002)","MANHATTAN BRIDGE","Dead End","Dead end","EW"
"26734","Manhattan","2017","10","23","8","15","356","9009102","POINT (986830.0567133147 196995.61336815002)","MANHATTAN BRIDGE","Dead End","Dead end","EW"
"26734","Manhattan","2017","10","23","8","30","304","9009102","POINT (986830.0567133147 196995.61336815002)","MANHATTAN BRIDGE","Dead End","Dead end","EW"
"26734","Manhattan","2017","10","23","8","45","353","9009102","POINT (986830.0567133147 196995.61336815002)","MANHATTAN BRIDGE","Dead End","Dead end","EW"
"26734","Manhattan","2017","10","23","9","0","313","9009102","POINT (986830.0567133147 196995.61336815002)","MANHATTAN BRIDGE","Dead End","Dead end","EW"
"26734","Manhattan","2017","10","23","9","15","377","9009102","POINT (986830.0567133147 196995.61336815002)","MANHATTAN BRIDGE","Dead End","Dead end","EW"
"26734","Manhattan","2017","10","23","9","30","296","9009102","POINT (986830.0567133147 196995.61336815002)","MANHATTAN BRIDGE","Dead End","Dead end","EW"
"26734","Manhattan","2017","10","23","9","45","326","9009102","POINT (986830.0567133147 196995.61336815002)","MANHATTAN BRIDGE","Dead End","Dead end","EW"
"26734","Manhattan","2017","10","23","10","0","333","9009102","POINT (986830.0567133147 196995.61336815002)","MANHATTAN BRIDGE","Dead End","Dead end","EW"
"26734","Manhattan","2017","10","23","10","15","331","9009102","POINT (986830.0567133147 196995.61336815002)","MANHATTAN BRIDGE","Dead End","Dead end","EW"
"26734","Manhattan","2017","10","23","10","30","256","9009102","POINT (986830.0567133147 196995.61336815002)","MANHATTAN BRIDGE","Dead End","Dead end","EW"
"26734","Manhattan","2017","10","23","10","45","256","9009102","POINT (986830.0567133147 196995.61336815002)","MANHATTAN BRIDGE","Dead End","Dead end","EW"
"26734","Manhattan","2017","10","23","11","0","213","9009102","POINT (986830.0567133147 196995.61336815002)","MANHATTAN BRIDGE","Dead End","Dead end","EW"
"26734","Manhattan","2017","10","23","11","15","252","9009102","POINT (986830.0567133147 196995.61336815002)","MANHATTAN BRIDGE","Dead End","Dead end","EW"
"26734","Manhattan","2017","10","23","11","30","278","9009102","POINT (986830.0567133147 196995.61336815002)","MANHATTAN BRIDGE","Dead End","Dead end","EW"
"26734","Manhattan","2017","10","23","11","45","279","9009102","POINT (986830.0567133147 196995.61336815002)","MANHATTAN BRIDGE","Dead End","Dead end","EW"
"26734","Manhattan","2017","10","23","12","0","307","9009102","POINT (986830.0567133147 196995.61336815002)","MANHATTAN BRIDGE","Dead End","Dead end","EW"
"26734","Manhattan","2017","10","23","12","15","277","9009102","POINT (986830.0567133147 196995.61336815002)","MANHATTAN BRIDGE","Dead End","Dead end","EW"
"26734","Manhattan","2017","10","23","12","30","240","9009102","POINT (986830.0567133147 196995.61336815002)","MANHATTAN BRIDGE","Dead End","Dead end","EW"
"26734","Manhattan","2017","10","23","12","45","222","9009102","POINT (986830.0567133147 196995.61336815002)","MANHATTAN BRIDGE","Dead End","Dead end","EW"
"26734","Manhattan","2017","10","23","13","0","188","9009102","POINT (986830.0567133147 196995.61336815002)","MANHATTAN BRIDGE","Dead End","Dead end","EW"
"26734","Manhattan","2017","10","23","13","15","194","9009102","POINT (986830.0567133147 196995.61336815002)","MANHATTAN BRIDGE","Dead End","Dead end","EW"
"26734","Manhattan","2017","10","23","13","30","229","9009102","POINT (986830.0567133147 196995.61336815002)","MANHATTAN BRIDGE","Dead End","Dead end","EW"
"26734","Manhattan","2017","10","23","13","45","221","9009102","POINT (986830.0567133147 196995.61336815002)","MANHATTAN BRIDGE","Dead End","Dead end","EW"
"26734","Manhattan","2017","10","23","14","0","206","9009102","POINT (986830.0567133147 196995.61336815002)","MANHATTAN BRIDGE","Dead End","Dead end","EW"
"26734","Manhattan","2017","10","23","14","15","210","9009102","POINT (986830.0567133147 196995.61336815002)","MANHATTAN BRIDGE","Dead End","Dead end","EW"
"26734","Manhattan","2017","10","23","14","30","194","9009102","POINT (986830.0567133147 196995.61336815002)","MANHATTAN BRIDGE","Dead End","Dead end","EW"
"26734","Manhattan","2017","10","23","14","45","169","9009102","POINT (986830.0567133147 196995.61336815002)","MANHATTAN BRIDGE","Dead End","Dead end","EW"
"26734","Manhattan","2017","10","23","15","0","188","9009102","POINT (986830.0567133147 196995.61336815002)","MANHATTAN BRIDGE","Dead End","Dead end","EW"
"26734","Manhattan","2017","10","23","15","15","184","9009102","POINT (986830.0567133147 196995.61336815002)","MANHATTAN BRIDGE","Dead End","Dead end","EW"
"26734","Manhattan","2017","10","23","15","30","208","9009102","POINT (986830.0567133147 196995.61336815002)","MANHATTAN BRIDGE","Dead End","Dead end","EW"
"26734","Manhattan","2017","10","23","15","45","157","9009102","POINT (986830.0567133147 196995.61336815002)","MANHATTAN BRIDGE","Dead End","Dead end","EW"
"26734","Manhattan","2017","10","23","16","0","171","9009102","POINT (986830.0567133147 196995.61336815002)","MANHATTAN BRIDGE","Dead End","Dead end","EW"
"26734","Manhattan","2017","10","23","16","15","140","9009102","POINT (986830.0567133147 196995.61336815002)","MANHATTAN BRIDGE","Dead End","Dead end","EW"
"26734","Manhattan","2017","10","23","16","30","158","9009102","POINT (986830.0567133147 196995.61336815002)","MANHATTAN BRIDGE","Dead End","Dead end","EW"
"26734","Manhattan","2017","10","23","16","45","150","9009102","POINT (986830.0567133147 196995.61336815002)","MANHATTAN BRIDGE","Dead End","Dead end","EW"
"26734","Manhattan","2017","10","23","17","0","177","9009102","POINT (986830.0567133147 196995.61336815002)","MANHATTAN BRIDGE","Dead End","Dead end","EW"
"26734","Manhattan","2017","10","23","17","15","128","9009102","POINT (986830.0567133147 196995.61336815002)","MANHATTAN BRIDGE","Dead End","Dead end","EW"
"26734","Manhattan","2017","10","23","17","30","166","9009102","POINT (986830.0567133147 196995.61336815002)","MANHATTAN BRIDGE","Dead End","Dead end","EW"
"26734","Manhattan","2017","10","23","17","45","137","9009102","POINT (986830.0567133147 196995.61336815002)","MANHATTAN BRIDGE","Dead End","Dead end","EW"
"26734","Manhattan","2017","10","23","18","0","173","9009102","POINT (986830.0567133147 196995.61336815002)","MANHATTAN BRIDGE","Dead End","Dead end","EW"
"26734","Manhattan","2017","10","23","18","15","146","9009102","POINT (986830.0567133147 196995.61336815002)","MANHATTAN BRIDGE","Dead End","Dead end","EW"
"26734","Manhattan","2017","10","23","18","30","168","9009102","POINT (986830.0567133147 196995.61336815002)","MANHATTAN BRIDGE","Dead End","Dead end","EW"
"26734","Manhattan","2017","10","23","18","45","139","9009102","POINT (986830.0567133147 196995.61336815002)","MANHATTAN BRIDGE","Dead End","Dead end","EW"
"26734","Manhattan","2017","10","23","19","0","146","9009102","POINT (986830.0567133147 196995.61336815002)","MANHATTAN BRIDGE","Dead End","Dead end","EW"
"26734","Manhattan","2017","10","23","19","15","162","9009102","POINT (986830.0567133147 196995.61336815002)","MANHATTAN BRIDGE","Dead End","Dead end","EW"
"26734","Manhattan","2017","10","23","19","30","163","9009102","POINT (986830.0567133147 196995.61336815002)","MANHATTAN BRIDGE","Dead End","Dead end","EW"
"26734","Manhattan","2017","10","23","19","45","187","9009102","POINT (986830.0567133147 196995.61336815002)","MANHATTAN BRIDGE","Dead End","Dead end","EW"
"26734","Manhattan","2017","10","23","20","0","190","9009102","POINT (986830.0567133147 196995.61336815002)","MANHATTAN BRIDGE","Dead End","Dead end","EW"
"26734","Manhattan","2017","10","23","20","15","160","9009102","POINT (986830.0567133147 196995.61336815002)","MANHATTAN BRIDGE","Dead End","Dead end","EW"
"26734","Manhattan","2017","10","23","20","30","229","9009102","POINT (986830.0567133147 196995.61336815002)","MANHATTAN BRIDGE","Dead End","Dead end","EW"
"26734","Manhattan","2017","10","23","20","45","245","9009102","POINT (986830.0567133147 196995.61336815002)","MANHATTAN BRIDGE","Dead End","Dead end","EW"
"26734","Manhattan","2017","10","23","21","0","220","9009102","POINT (986830.0567133147 196995.61336815002)","MANHATTAN BRIDGE","Dead End","Dead end","EW"
"26734","Manhattan","2017","10","23","21","15","271","9009102","POINT (986830.0567133147 196995.61336815002)","MANHATTAN BRIDGE","Dead End","Dead end","EW"
"26734","Manhattan","2017","10","23","21","30","211","9009102","POINT (986830.0567133147 196995.61336815002)","MANHATTAN BRIDGE","Dead End","Dead end","EW"
"26734","Manhattan","2017","10","23","21","45","233","9009102","POINT (986830.0567133147 196995.61336815002)","MANHATTAN BRIDGE","Dead End","Dead end","EW"
"26734","Manhattan","2017","10","23","22","0","221","9009102","POINT (986830.0567133147 196995.61336815002)","MANHATTAN BRIDGE","Dead End","Dead end","EW"
"26734","Manhattan","2017","10","23","22","15","225","9009102","POINT (986830.0567133147 196995.61336815002)","MANHATTAN BRIDGE","Dead End","Dead end","EW"
"26734","Manhattan","2017","10","23","22","30","220","9009102","POINT (986830.0567133147 196995.61336815002)","MANHATTAN BRIDGE","Dead End","Dead end","EW"
"26734","Manhattan","2017","10","23","22","45","224","9009102","POINT (986830.0567133147 196995.61336815002)","MANHATTAN BRIDGE","Dead End","Dead end","EW"
"26734","Manhattan","2017","10","23","23","0","201","9009102","POINT (986830.0567133147 196995.61336815002)","MANHATTAN BRIDGE","Dead End","Dead end","EW"
"26734","Manhattan","2017","10","23","23","15","216","9009102","POINT (986830.0567133147 196995.61336815002)","MANHATTAN BRIDGE","Dead End","Dead end","EW"
"26734","Manhattan","2017","10","23","23","30","148","9009102","POINT (986830.0567133147 196995.61336815002)","MANHATTAN BRIDGE","Dead End","Dead end","EW"
"26734","Manhattan","2017","10","23","23","45","196","9009102","POINT (986830.0567133147 196995.61336815002)","MANHATTAN BRIDGE","Dead End","Dead end","EW"
"26734","Manhattan","2017","10","24","0","0","201","9009102","POINT (986830.0567133147 196995.61336815002)","MANHATTAN BRIDGE","Dead End","Dead end","EW"
"26734","Manhattan","2017","10","24","0","15","111","9009102","POINT (986830.0567133147 196995.61336815002)","MANHATTAN BRIDGE","Dead End","Dead end","EW"
"26734","Manhattan","2017","10","24","0","30","123","9009102","POINT (986830.0567133147 196995.61336815002)","MANHATTAN BRIDGE","Dead End","Dead end","EW"
"26734","Manhattan","2017","10","24","0","45","102","9009102","POINT (986830.0567133147 196995.61336815002)","MANHATTAN BRIDGE","Dead End","Dead end","EW"
"26734","Manhattan","2017","10","24","1","0","80","9009102","POINT (986830.0567133147 196995.61336815002)","MANHATTAN BRIDGE","Dead End","Dead end","EW"
"26734","Manhattan","2017","10","24","1","15","76","9009102","POINT (986830.0567133147 196995.61336815002)","MANHATTAN BRIDGE","Dead End","Dead end","EW"
"26734","Manhattan","2017","10","24","1","30","77","9009102","POINT (986830.0567133147 196995.61336815002)","MANHATTAN BRIDGE","Dead End","Dead end","EW"
"26734","Manhattan","2017","10","24","1","45","96","9009102","POINT (986830.0567133147 196995.61336815002)","MANHATTAN BRIDGE","Dead End","Dead end","EW"
"26734","Manhattan","2017","10","24","2","0","68","9009102","POINT (986830.0567133147 196995.61336815002)","MANHATTAN BRIDGE","Dead End","Dead end","EW"
"26734","Manhattan","2017","10","24","2","15","77","9009102","POINT (986830.0567133147 196995.61336815002)","MANHATTAN BRIDGE","Dead End","Dead end","EW"
"26734","Manhattan","2017","10","24","2","30","60","9009102","POINT (986830.0567133147 196995.61336815002)","MANHATTAN BRIDGE","Dead End","Dead end","EW"
"26734","Manhattan","2017","10","24","2","45","57","9009102","POINT (986830.0567133147 196995.61336815002)","MANHATTAN BRIDGE","Dead End","Dead end","EW"
"26734","Manhattan","2017","10","24","3","0","79","9009102","POINT (986830.0567133147 196995.61336815002)","MANHATTAN BRIDGE","Dead End","Dead end","EW"
"26734","Manhattan","2017","10","24","3","15","64","9009102","POINT (986830.0567133147 196995.61336815002)","MANHATTAN BRIDGE","Dead End","Dead end","EW"
"26734","Manhattan","2017","10","24","3","30","65","9009102","POINT (986830.0567133147 196995.61336815002)","MANHATTAN BRIDGE","Dead End","Dead end","EW"
"26734","Manhattan","2017","10","24","3","45","72","9009102","POINT (986830.0567133147 196995.61336815002)","MANHATTAN BRIDGE","Dead End","Dead end","EW"
"26734","Manhattan","2017","10","24","4","0","94","9009102","POINT (986830.0567133147 196995.61336815002)","MANHATTAN BRIDGE","Dead End","Dead end","EW"
"26734","Manhattan","2017","10","24","4","15","101","9009102","POINT (986830.0567133147 196995.61336815002)","MANHATTAN BRIDGE","Dead End","Dead end","EW"
"26734","Manhattan","2017","10","24","4","30","123","9009102","POINT (986830.0567133147 196995.61336815002)","MANHATTAN BRIDGE","Dead End","Dead end","EW"
"26734","Manhattan","2017","10","24","4","45","151","9009102","POINT (986830.0567133147 196995.61336815002)","MANHATTAN BRIDGE","Dead End","Dead end","EW"
"26734","Manhattan","2017","10","24","5","0","166","9009102","POINT (986830.0567133147 196995.61336815002)","MANHATTAN BRIDGE","Dead End","Dead end","EW"
"26734","Manhattan","2017","10","24","5","15","206","9009102","POINT (986830.0567133147 196995.61336815002)","MANHATTAN BRIDGE","Dead End","Dead end","EW"
"26734","Manhattan","2017","10","24","5","30","305","9009102","POINT (986830.0567133147 196995.61336815002)","MANHATTAN BRIDGE","Dead End","Dead end","EW"
"26734","Manhattan","2017","10","24","5","45","323","9009102","POINT (986830.0567133147 196995.61336815002)","MANHATTAN BRIDGE","Dead End","Dead end","EW"
"26734","Manhattan","2017","10","24","6","0","319","9009102","POINT (986830.0567133147 196995.61336815002)","MANHATTAN BRIDGE","Dead End","Dead end","EW"
"26734","Manhattan","2017","10","24","6","15","404","9009102","POINT (986830.0567133147 196995.61336815002)","MANHATTAN BRIDGE","Dead End","Dead end","EW"
"26734","Manhattan","2017","10","24","6","30","357","9009102","POINT (986830.0567133147 196995.61336815002)","MANHATTAN BRIDGE","Dead End","Dead end","EW"
"26734","Manhattan","2017","10","24","6","45","384","9009102","POINT (986830.0567133147 196995.61336815002)","MANHATTAN BRIDGE","Dead End","Dead end","EW"
"26734","Manhattan","2017","10","24","7","0","347","9009102","POINT (986830.0567133147 196995.61336815002)","MANHATTAN BRIDGE","Dead End","Dead end","EW"
"26734","Manhattan","2017","10","24","7","15","392","9009102","POINT (986830.0567133147 196995.61336815002)","MANHATTAN BRIDGE","Dead End","Dead end","EW"
"26734","Manhattan","2017","10","24","7","30","331","9009102","POINT (986830.0567133147 196995.61336815002)","MANHATTAN BRIDGE","Dead End","Dead end","EW"
"26734","Manhattan","2017","10","24","7","45","358","9009102","POINT (986830.0567133147 196995.61336815002)","MANHATTAN BRIDGE","Dead End","Dead end","EW"
"26734","Manhattan","2017","10","24","8","0","339","9009102","POINT (986830.0567133147 196995.61336815002)","MANHATTAN BRIDGE","Dead End","Dead end","EW"
"26734","Manhattan","2017","10","24","8","15","345","9009102","POINT (986830.0567133147 196995.61336815002)","MANHATTAN BRIDGE","Dead End","Dead end","EW"
"26734","Manhattan","2017","10","24","8","30","302","9009102","POINT (986830.0567133147 196995.61336815002)","MANHATTAN BRIDGE","Dead End","Dead end","EW"
"26734","Manhattan","2017","10","24","8","45","363","9009102","POINT (986830.0567133147 196995.61336815002)","MANHATTAN BRIDGE","Dead End","Dead end","EW"
"26734","Manhattan","2017","10","24","9","0","331","9009102","POINT (986830.0567133147 196995.61336815002)","MANHATTAN BRIDGE","Dead End","Dead end","EW"
"26734","Manhattan","2017","10","24","9","15","348","9009102","POINT (986830.0567133147 196995.61336815002)","MANHATTAN BRIDGE","Dead End","Dead end","EW"
"26734","Manhattan","2017","10","24","9","30","343","9009102","POINT (986830.0567133147 196995.61336815002)","MANHATTAN BRIDGE","Dead End","Dead end","EW"
"11557","Manhattan","2012","12","10","18","15","351","142396","POINT (979722.1 196384.8)","BATTERY PARK VIADUCT","BATTERY PLACE","BEND","SB"
"11557","Manhattan","2012","12","10","18","30","306","142396","POINT (979722.1 196384.8)","BATTERY PARK VIADUCT","BATTERY PLACE","BEND","SB"
"11557","Manhattan","2012","12","10","18","45","334","142396","POINT (979722.1 196384.8)","BATTERY PARK VIADUCT","BATTERY PLACE","BEND","SB"
"11557","Manhattan","2012","12","10","19","0","289","142396","POINT (979722.1 196384.8)","BATTERY PARK VIADUCT","BATTERY PLACE","BEND","SB"
"11557","Manhattan","2012","12","10","19","15","273","142396","POINT (979722.1 196384.8)","BATTERY PARK VIADUCT","BATTERY PLACE","BEND","SB"
"11557","Manhattan","2012","12","10","19","30","238","142396","POINT (979722.1 196384.8)","BATTERY PARK VIADUCT","BATTERY PLACE","BEND","SB"
"11557","Manhattan","2012","12","10","19","45","219","142396","POINT (979722.1 196384.8)","BATTERY PARK VIADUCT","BATTERY PLACE","BEND","SB"
"11557","Manhattan","2012","12","10","20","0","214","142396","POINT (979722.1 196384.8)","BATTERY PARK VIADUCT","BATTERY PLACE","BEND","SB"
"11557","Manhattan","2012","12","10","20","15","221","142396","POINT (979722.1 196384.8)","BATTERY PARK VIADUCT","BATTERY PLACE","BEND","SB"
"11557","Manhattan","2012","12","10","20","30","207","142396","POINT (979722.1 196384.8)","BATTERY PARK VIADUCT","BATTERY PLACE","BEND","SB"
"11557","Manhattan","2012","12","10","20","45","200","142396","POINT (979722.1 196384.8)","BATTERY PARK VIADUCT","BATTERY PLACE","BEND","SB"
"11557","Manhattan","2012","12","10","21","0","183","142396","POINT (979722.1 196384.8)","BATTERY PARK VIADUCT","BATTERY PLACE","BEND","SB"
"11557","Manhattan","2012","12","10","21","15","153","142396","POINT (979722.1 196384.8)","BATTERY PARK VIADUCT","BATTERY PLACE","BEND","SB"
"11557","Manhattan","2012","12","10","21","30","185","142396","POINT (979722.1 196384.8)","BATTERY PARK VIADUCT","BATTERY PLACE","BEND","SB"
"11557","Manhattan","2012","12","10","21","45","175","142396","POINT (979722.1 196384.8)","BATTERY PARK VIADUCT","BATTERY PLACE","BEND","SB"
"11557","Manhattan","2012","12","10","22","0","216","142396","POINT (979722.1 196384.8)","BATTERY PARK VIADUCT","BATTERY PLACE","BEND","SB"
"11557","Manhattan","2012","12","10","22","15","172","142396","POINT (979722.1 196384.8)","BATTERY PARK VIADUCT","BATTERY PLACE","BEND","SB"
"11557","Manhattan","2012","12","10","22","30","145","142396","POINT (979722.1 196384.8)","BATTERY PARK VIADUCT","BATTERY PLACE","BEND","SB"
"11557","Manhattan","2012","12","10","22","45","138","142396","POINT (979722.1 196384.8)","BATTERY PARK VIADUCT","BATTERY PLACE","BEND","SB"
"11557","Manhattan","2012","12","10","23","0","143","142396","POINT (979722.1 196384.8)","BATTERY PARK VIADUCT","BATTERY PLACE","BEND","SB"
"11557","Manhattan","2012","12","10","23","15","124","142396","POINT (979722.1 196384.8)","BATTERY PARK VIADUCT","BATTERY PLACE","BEND","SB"
"11557","Manhattan","2012","12","10","23","30","128","142396","POINT (979722.1 196384.8)","BATTERY PARK VIADUCT","BATTERY PLACE","BEND","SB"
"11557","Manhattan","2012","12","10","23","45","88","142396","POINT (979722.1 196384.8)","BATTERY PARK VIADUCT","BATTERY PLACE","BEND","SB"
"11557","Manhattan","2012","12","11","0","0","99","142396","POINT (979722.1 196384.8)","BATTERY PARK VIADUCT","BATTERY PLACE","BEND","SB"
"11557","Manhattan","2012","12","11","0","15","88","142396","POINT (979722.1 196384.8)","BATTERY PARK VIADUCT","BATTERY PLACE","BEND","SB"
"11557","Manhattan","2012","12","11","0","30","97","142396","POINT (979722.1 196384.8)","BATTERY PARK VIADUCT","BATTERY PLACE","BEND","SB"
"11557","Manhattan","2012","12","11","0","45","60","142396","POINT (979722.1 196384.8)","BATTERY PARK VIADUCT","BATTERY PLACE","BEND","SB"
"11557","Manhattan","2012","12","11","1","0","36","142396","POINT (979722.1 196384.8)","BATTERY PARK VIADUCT","BATTERY PLACE","BEND","SB"
"11557","Manhattan","2012","12","11","1","15","26","142396","POINT (979722.1 196384.8)","BATTERY PARK VIADUCT","BATTERY PLACE","BEND","SB"
"11557","Manhattan","2012","12","11","1","30","47","142396","POINT (979722.1 196384.8)","BATTERY PARK VIADUCT","BATTERY PLACE","BEND","SB"
"11557","Manhattan","2012","12","11","1","45","26","142396","POINT (979722.1 196384.8)","BATTERY PARK VIADUCT","BATTERY PLACE","BEND","SB"
"11557","Manhattan","2012","12","11","2","0","15","142396","POINT (979722.1 196384.8)","BATTERY PARK VIADUCT","BATTERY PLACE","BEND","SB"
"11557","Manhattan","2012","12","11","2","15","27","142396","POINT (979722.1 196384.8)","BATTERY PARK VIADUCT","BATTERY PLACE","BEND","SB"
"11557","Manhattan","2012","12","11","2","30","15","142396","POINT (979722.1 196384.8)","BATTERY PARK VIADUCT","BATTERY PLACE","BEND","SB"
"11557","Manhattan","2012","12","11","2","45","10","142396","POINT (979722.1 196384.8)","BATTERY PARK VIADUCT","BATTERY PLACE","BEND","SB"
"11557","Manhattan","2012","12","11","3","0","14","142396","POINT (979722.1 196384.8)","BATTERY PARK VIADUCT","BATTERY PLACE","BEND","SB"
"11557","Manhattan","2012","12","11","3","15","12","142396","POINT (979722.1 196384.8)","BATTERY PARK VIADUCT","BATTERY PLACE","BEND","SB"
"11557","Manhattan","2012","12","11","3","30","16","142396","POINT (979722.1 196384.8)","BATTERY PARK VIADUCT","BATTERY PLACE","BEND","SB"
"11557","Manhattan","2012","12","11","3","45","23","142396","POINT (979722.1 196384.8)","BATTERY PARK VIADUCT","BATTERY PLACE","BEND","SB"
"11557","Manhattan","2012","12","11","4","0","16","142396","POINT (979722.1 196384.8)","BATTERY PARK VIADUCT","BATTERY PLACE","BEND","SB"
"11557","Manhattan","2012","12","11","4","15","16","142396","POINT (979722.1 196384.8)","BATTERY PARK VIADUCT","BATTERY PLACE","BEND","SB"
"11557","Manhattan","2012","12","11","4","30","40","142396","POINT (979722.1 196384.8)","BATTERY PARK VIADUCT","BATTERY PLACE","BEND","SB"
"11557","Manhattan","2012","12","11","4","45","37","142396","POINT (979722.1 196384.8)","BATTERY PARK VIADUCT","BATTERY PLACE","BEND","SB"
"11557","Manhattan","2012","12","11","5","0","57","142396","POINT (979722.1 196384.8)","BATTERY PARK VIADUCT","BATTERY PLACE","BEND","SB"
"11557","Manhattan","2012","12","11","5","15","97","142396","POINT (979722.1 196384.8)","BATTERY PARK VIADUCT","BATTERY PLACE","BEND","SB"
"11557","Manhattan","2012","12","11","5","30","132","142396","POINT (979722.1 196384.8)","BATTERY PARK VIADUCT","BATTERY PLACE","BEND","SB"
"11557","Manhattan","2012","12","11","5","45","177","142396","POINT (979722.1 196384.8)","BATTERY PARK VIADUCT","BATTERY PLACE","BEND","SB"
"11557","Manhattan","2012","12","11","6","0","233","142396","POINT (979722.1 196384.8)","BATTERY PARK VIADUCT","BATTERY PLACE","BEND","SB"
"11557","Manhattan","2012","12","11","6","15","306","142396","POINT (979722.1 196384.8)","BATTERY PARK VIADUCT","BATTERY PLACE","BEND","SB"
"11557","Manhattan","2012","12","11","6","30","341","142396","POINT (979722.1 196384.8)","BATTERY PARK VIADUCT","BATTERY PLACE","BEND","SB"
"11557","Manhattan","2012","12","11","6","45","413","142396","POINT (979722.1 196384.8)","BATTERY PARK VIADUCT","BATTERY PLACE","BEND","SB"
"11557","Manhattan","2012","12","11","7","0","425","142396","POINT (979722.1 196384.8)","BATTERY PARK VIADUCT","BATTERY PLACE","BEND","SB"
"11557","Manhattan","2012","12","11","7","15","485","142396","POINT (979722.1 196384.8)","BATTERY PARK VIADUCT","BATTERY PLACE","BEND","SB"
"11557","Manhattan","2012","12","11","7","30","584","142396","POINT (979722.1 196384.8)","BATTERY PARK VIADUCT","BATTERY PLACE","BEND","SB"
"11557","Manhattan","2012","12","11","7","45","507","142396","POINT (979722.1 196384.8)","BATTERY PARK VIADUCT","BATTERY PLACE","BEND","SB"
"11557","Manhattan","2012","12","11","8","0","548","142396","POINT (979722.1 196384.8)","BATTERY PARK VIADUCT","BATTERY PLACE","BEND","SB"
"11557","Manhattan","2012","12","11","8","15","567","142396","POINT (979722.1 196384.8)","BATTERY PARK VIADUCT","BATTERY PLACE","BEND","SB"
"11557","Manhattan","2012","12","11","8","30","452","142396","POINT (979722.1 196384.8)","BATTERY PARK VIADUCT","BATTERY PLACE","BEND","SB"
"11557","Manhattan","2012","12","11","8","45","588","142396","POINT (979722.1 196384.8)","BATTERY PARK VIADUCT","BATTERY PLACE","BEND","SB"
"11557","Manhattan","2012","12","11","9","0","572","142396","POINT (979722.1 196384.8)","BATTERY PARK VIADUCT","BATTERY PLACE","BEND","SB"
"11557","Manhattan","2012","12","11","9","15","466","142396","POINT (979722.1 196384.8)","BATTERY PARK VIADUCT","BATTERY PLACE","BEND","SB"
"11557","Manhattan","2012","12","11","9","30","518","142396","POINT (979722.1 196384.8)","BATTERY PARK VIADUCT","BATTERY PLACE","BEND","SB"
"11557","Manhattan","2012","12","11","9","45","463","142396","POINT (979722.1 196384.8)","BATTERY PARK VIADUCT","BATTERY PLACE","BEND","SB"
"11557","Manhattan","2012","12","11","10","0","224","142396","POINT (979722.1 196384.8)","BATTERY PARK VIADUCT","BATTERY PLACE","BEND","SB"
"11557","Manhattan","2012","12","11","10","15","307","142396","POINT (979722.1 196384.8)","BATTERY PARK VIADUCT","BATTERY PLACE","BEND","SB"
"11557","Manhattan","2012","12","11","10","30","227","142396","POINT (979722.1 196384.8)","BATTERY PARK VIADUCT","BATTERY PLACE","BEND","SB"
"11557","Manhattan","2012","12","11","10","45","367","142396","POINT (979722.1 196384.8)","BATTERY PARK VIADUCT","BATTERY PLACE","BEND","SB"
"11557","Manhattan","2012","12","11","11","0","249","142396","POINT (979722.1 196384.8)","BATTERY PARK VIADUCT","BATTERY PLACE","BEND","SB"
"11557","Manhattan","2012","12","11","11","15","378","142396","POINT (979722.1 196384.8)","BATTERY PARK VIADUCT","BATTERY PLACE","BEND","SB"
"11557","Manhattan","2012","12","11","11","30","303","142396","POINT (979722.1 196384.8)","BATTERY PARK VIADUCT","BATTERY PLACE","BEND","SB"
"11557","Manhattan","2012","12","11","11","45","289","142396","POINT (979722.1 196384.8)","BATTERY PARK VIADUCT","BATTERY PLACE","BEND","SB"
"11557","Manhattan","2012","12","11","12","0","337","142396","POINT (979722.1 196384.8)","BATTERY PARK VIADUCT","BATTERY PLACE","BEND","SB"
"11557","Manhattan","2012","12","11","12","15","295","142396","POINT (979722.1 196384.8)","BATTERY PARK VIADUCT","BATTERY PLACE","BEND","SB"
"11557","Manhattan","2012","12","11","12","30","327","142396","POINT (979722.1 196384.8)","BATTERY PARK VIADUCT","BATTERY PLACE","BEND","SB"
"11557","Manhattan","2012","12","11","12","45","272","142396","POINT (979722.1 196384.8)","BATTERY PARK VIADUCT","BATTERY PLACE","BEND","SB"
"11557","Manhattan","2012","12","11","13","0","338","142396","POINT (979722.1 196384.8)","BATTERY PARK VIADUCT","BATTERY PLACE","BEND","SB"
"11557","Manhattan","2012","12","11","13","15","320","142396","POINT (979722.1 196384.8)","BATTERY PARK VIADUCT","BATTERY PLACE","BEND","SB"
"11557","Manhattan","2012","12","11","13","30","344","142396","POINT (979722.1 196384.8)","BATTERY PARK VIADUCT","BATTERY PLACE","BEND","SB"
"11557","Manhattan","2012","12","11","13","45","359","142396","POINT (979722.1 196384.8)","BATTERY PARK VIADUCT","BATTERY PLACE","BEND","SB"
"11557","Manhattan","2012","12","11","14","0","398","142396","POINT (979722.1 196384.8)","BATTERY PARK VIADUCT","BATTERY PLACE","BEND","SB"
"11557","Manhattan","2012","12","11","14","15","393","142396","POINT (979722.1 196384.8)","BATTERY PARK VIADUCT","BATTERY PLACE","BEND","SB"
"11557","Manhattan","2012","12","11","14","30","388","142396","POINT (979722.1 196384.8)","BATTERY PARK VIADUCT","BATTERY PLACE","BEND","SB"
"11557","Manhattan","2012","12","11","14","45","341","142396","POINT (979722.1 196384.8)","BATTERY PARK VIADUCT","BATTERY PLACE","BEND","SB"
"11557","Manhattan","2012","12","11","15","0","399","142396","POINT (979722.1 196384.8)","BATTERY PARK VIADUCT","BATTERY PLACE","BEND","SB"
"11557","Manhattan","2012","12","11","15","15","372","142396","POINT (979722.1 196384.8)","BATTERY PARK VIADUCT","BATTERY PLACE","BEND","SB"
"11557","Manhattan","2012","12","11","15","30","399","142396","POINT (979722.1 196384.8)","BATTERY PARK VIADUCT","BATTERY PLACE","BEND","SB"
"11557","Manhattan","2012","12","11","15","45","349","142396","POINT (979722.1 196384.8)","BATTERY PARK VIADUCT","BATTERY PLACE","BEND","SB"
"11557","Manhattan","2012","12","11","16","0","356","142396","POINT (979722.1 196384.8)","BATTERY PARK VIADUCT","BATTERY PLACE","BEND","SB"
"11557","Manhattan","2012","12","11","16","15","345","142396","POINT (979722.1 196384.8)","BATTERY PARK VIADUCT","BATTERY PLACE","BEND","SB"
"11557","Manhattan","2012","12","11","16","30","336","142396","POINT (979722.1 196384.8)","BATTERY PARK VIADUCT","BATTERY PLACE","BEND","SB"
"11557","Manhattan","2012","12","11","16","45","346","142396","POINT (979722.1 196384.8)","BATTERY PARK VIADUCT","BATTERY PLACE","BEND","SB"
"11557","Manhattan","2012","12","11","17","0","382","142396","POINT (979722.1 196384.8)","BATTERY PARK VIADUCT","BATTERY PLACE","BEND","SB"
"11557","Manhattan","2012","12","11","17","15","400","142396","POINT (979722.1 196384.8)","BATTERY PARK VIADUCT","BATTERY PLACE","BEND","SB"
"11557","Manhattan","2012","12","11","17","30","393","142396","POINT (979722.1 196384.8)","BATTERY PARK VIADUCT","BATTERY PLACE","BEND","SB"
"11557","Manhattan","2012","12","11","17","45","373","142396","POINT (979722.1 196384.8)","BATTERY PARK VIADUCT","BATTERY PLACE","BEND","SB"
"11557","Manhattan","2012","12","11","18","0","370","142396","POINT (979722.1 196384.8)","BATTERY PARK VIADUCT","BATTERY PLACE","BEND","SB"
"11557","Manhattan","2012","12","11","18","15","370","142396","POINT (979722.1 196384.8)","BATTERY PARK VIADUCT","BATTERY PLACE","BEND","SB"
"11557","Manhattan","2012","12","11","18","30","324","142396","POINT (979722.1 196384.8)","BATTERY PARK VIADUCT","BATTERY PLACE","BEND","SB"
"11557","Manhattan","2012","12","11","18","45","321","142396","POINT (979722.1 196384.8)","BATTERY PARK VIADUCT","BATTERY PLACE","BEND","SB"
"11557","Manhattan","2012","12","11","19","0","333","142396","POINT (979722.1 196384.8)","BATTERY PARK VIADUCT","BATTERY PLACE","BEND","SB"
"11557","Manhattan","2012","12","11","19","15","292","142396","POINT (979722.1 196384.8)","BATTERY PARK VIADUCT","BATTERY PLACE","BEND","SB"
"11557","Manhattan","2012","12","11","19","30","280","142396","POINT (979722.1 196384.8)","BATTERY PARK VIADUCT","BATTERY PLACE","BEND","SB"
"11557","Manhattan","2012","12","11","19","45","254","142396","POINT (979722.1 196384.8)","BATTERY PARK VIADUCT","BATTERY PLACE","BEND","SB"
"11557","Manhattan","2012","12","11","20","0","249","142396","POINT (979722.1 196384.8)","BATTERY PARK VIADUCT","BATTERY PLACE","BEND","SB"
"11557","Manhattan","2012","12","11","20","15","236","142396","POINT (979722.1 196384.8)","BATTERY PARK VIADUCT","BATTERY PLACE","BEND","SB"
"36643","Staten Island","2023","9","19","10","30","52","159808","POINT (934809.8187338817 166982.50661650137)","MEEKER AVENUE","Gulf Avenue","Staten Island Expressway","EB"
"36643","Staten Island","2023","9","19","10","45","37","159808","POINT (934809.8187338817 166982.50661650137)","MEEKER AVENUE","Gulf Avenue","Staten Island Expressway","EB"
"36643","Staten Island","2023","9","19","11","0","43","159808","POINT (934809.8187338817 166982.50661650137)","MEEKER AVENUE","Gulf Avenue","Staten Island Expressway","EB"
"36643","Staten Island","2023","9","19","11","15","45","159808","POINT (934809.8187338817 166982.50661650137)","MEEKER AVENUE","Gulf Avenue","Staten Island Expressway","EB"
"36643","Staten Island","2023","9","19","11","30","40","159808","POINT (934809.8187338817 166982.50661650137)","MEEKER AVENUE","Gulf Avenue","Staten Island Expressway","EB"
"36643","Staten Island","2023","9","19","11","45","45","159808","POINT (934809.8187338817 166982.50661650137)","MEEKER AVENUE","Gulf Avenue","Staten Island Expressway","EB"
"36643","Staten Island","2023","9","19","12","0","44","159808","POINT (934809.8187338817 166982.50661650137)","MEEKER AVENUE","Gulf Avenue","Staten Island Expressway","EB"
"36643","Staten Island","2023","9","19","12","15","53","159808","POINT (934809.8187338817 166982.50661650137)","MEEKER AVENUE","Gulf Avenue","Staten Island Expressway","EB"
"36643","Staten Island","2023","9","19","12","30","49","159808","POINT (934809.8187338817 166982.50661650137)","MEEKER AVENUE","Gulf Avenue","Staten Island Expressway","EB"
"36643","Staten Island","2023","9","19","12","45","52","159808","POINT (934809.8187338817 166982.50661650137)","MEEKER AVENUE","Gulf Avenue","Staten Island Expressway","EB"
"36643","Staten Island","2023","9","19","13","0","40","159808","POINT (934809.8187338817 166982.50661650137)","MEEKER AVENUE","Gulf Avenue","Staten Island Expressway","EB"
"36643","Staten Island","2023","9","19","13","15","53","159808","POINT (934809.8187338817 166982.50661650137)","MEEKER AVENUE","Gulf Avenue","Staten Island Expressway","EB"
"36643","Staten Island","2023","9","19","13","30","46","159808","POINT (934809.8187338817 166982.50661650137)","MEEKER AVENUE","Gulf Avenue","Staten Island Expressway","EB"
"36643","Staten Island","2023","9","19","13","45","45","159808","POINT (934809.8187338817 166982.50661650137)","MEEKER AVENUE","Gulf Avenue","Staten Island Expressway","EB"
"36643","Staten Island","2023","9","19","14","0","42","159808","POINT (934809.8187338817 166982.50661650137)","MEEKER AVENUE","Gulf Avenue","Staten Island Expressway","EB"
"36643","Staten Island","2023","9","19","14","15","35","159808","POINT (934809.8187338817 166982.50661650137)","MEEKER AVENUE","Gulf Avenue","Staten Island Expressway","EB"
"36643","Staten Island","2023","9","19","14","30","42","159808","POINT (934809.8187338817 166982.50661650137)","MEEKER AVENUE","Gulf Avenue","Staten Island Expressway","EB"
"36643","Staten Island","2023","9","19","14","45","37","159808","POINT (934809.8187338817 166982.50661650137)","MEEKER AVENUE","Gulf Avenue","Staten Island Expressway","EB"
"36643","Staten Island","2023","9","19","15","0","46","159808","POINT (934809.8187338817 166982.50661650137)","MEEKER AVENUE","Gulf Avenue","Staten Island Expressway","EB"
"36643","Staten Island","2023","9","19","15","15","46","159808","POINT (934809.8187338817 166982.50661650137)","MEEKER AVENUE","Gulf Avenue","Staten Island Expressway","EB"
"36643","Staten Island","2023","9","19","15","30","33","159808","POINT (934809.8187338817 166982.50661650137)","MEEKER AVENUE","Gulf Avenue","Staten Island Expressway","EB"
"36643","Staten Island","2023","9","19","15","45","44","159808","POINT (934809.8187338817 166982.50661650137)","MEEKER AVENUE","Gulf Avenue","Staten Island Expressway","EB"
"36643","Staten Island","2023","9","19","16","0","42","159808","POINT (934809.8187338817 166982.50661650137)","MEEKER AVENUE","Gulf Avenue","Staten Island Expressway","EB"
"36643","Staten Island","2023","9","19","16","15","50","159808","POINT (934809.8187338817 166982.50661650137)","MEEKER AVENUE","Gulf Avenue","Staten Island Expressway","EB"
"36643","Staten Island","2023","9","19","16","30","40","159808","POINT (934809.8187338817 166982.50661650137)","MEEKER AVENUE","Gulf Avenue","Staten Island Expressway","EB"
"36643","Staten Island","2023","9","19","16","45","29","159808","POINT (934809.8187338817 166982.50661650137)","MEEKER AVENUE","Gulf Avenue","Staten Island Expressway","EB"
"36643","Staten Island","2023","9","19","17","0","51","159808","POINT (934809.8187338817 166982.50661650137)","MEEKER AVENUE","Gulf Avenue","Staten Island Expressway","EB"
"36643","Staten Island","2023","9","19","17","15","47","159808","POINT (934809.8187338817 166982.50661650137)","MEEKER AVENUE","Gulf Avenue","Staten Island Expressway","EB"
"36643","Staten Island","2023","9","19","17","30","46","159808","POINT (934809.8187338817 166982.50661650137)","MEEKER AVENUE","Gulf Avenue","Staten Island Expressway","EB"
"36643","Staten Island","2023","9","19","17","45","47","159808","POINT (934809.8187338817 166982.50661650137)","MEEKER AVENUE","Gulf Avenue","Staten Island Expressway","EB"
"36643","Staten Island","2023","9","19","18","0","50","159808","POINT (934809.8187338817 166982.50661650137)","MEEKER AVENUE","Gulf Avenue","Staten Island Expressway","EB"
"36643","Staten Island","2023","9","19","18","15","47","159808","POINT (934809.8187338817 166982.50661650137)","MEEKER AVENUE","Gulf Avenue","Staten Island Expressway","EB"
"36643","Staten Island","2023","9","19","18","30","43","159808","POINT (934809.8187338817 166982.50661650137)","MEEKER AVENUE","Gulf Avenue","Staten Island Expressway","EB"
"36643","Staten Island","2023","9","19","18","45","43","159808","POINT (934809.8187338817 166982.50661650137)","MEEKER AVENUE","Gulf Avenue","Staten Island Expressway","EB"
"36643","Staten Island","2023","9","19","19","0","24","159808","POINT (934809.8187338817 166982.50661650137)","MEEKER AVENUE","Gulf Avenue","Staten Island Expressway","EB"
"36643","Staten Island","2023","9","19","19","15","25","159808","POINT (934809.8187338817 166982.50661650137)","MEEKER AVENUE","Gulf Avenue","Staten Island Expressway","EB"
"36643","Staten Island","2023","9","19","19","30","34","159808","POINT (934809.8187338817 166982.50661650137)","MEEKER AVENUE","Gulf Avenue","Staten Island Expressway","EB"
"36643","Staten Island","2023","9","19","19","45","29","159808","POINT (934809.8187338817 166982.50661650137)","MEEKER AVENUE","Gulf Avenue","Staten Island Expressway","EB"
"36643","Staten Island","2023","9","19","20","0","23","159808","POINT (934809.8187338817 166982.50661650137)","MEEKER AVENUE","Gulf Avenue","Staten Island Expressway","EB"
"36643","Staten Island","2023","9","19","20","15","20","159808","POINT (934809.8187338817 166982.50661650137)","MEEKER AVENUE","Gulf Avenue","Staten Island Expressway","EB"
"36643","Staten Island","2023","9","19","20","30","28","159808","POINT (934809.8187338817 166982.50661650137)","MEEKER AVENUE","Gulf Avenue","Staten Island Expressway","EB"
"36643","Staten Island","2023","9","19","20","45","17","159808","POINT (934809.8187338817 166982.50661650137)","MEEKER AVENUE","Gulf Avenue","Staten Island Expressway","EB"
"36643","Staten Island","2023","9","19","21","0","15","159808","POINT (934809.8187338817 166982.50661650137)","MEEKER AVENUE","Gulf Avenue","Staten Island Expressway","EB"
"36643","Staten Island","2023","9","19","21","15","22","159808","POINT (934809.8187338817 166982.50661650137)","MEEKER AVENUE","Gulf Avenue","Staten Island Expressway","EB"
"36643","Staten Island","2023","9","19","21","30","25","159808","POINT (934809.8187338817 166982.50661650137)","MEEKER AVENUE","Gulf Avenue","Staten Island Expressway","EB"
"36643","Staten Island","2023","9","19","21","45","14","159808","POINT (934809.8187338817 166982.50661650137)","MEEKER AVENUE","Gulf Avenue","Staten Island Expressway","EB"
"36643","Staten Island","2023","9","19","22","0","17","159808","POINT (934809.8187338817 166982.50661650137)","MEEKER AVENUE","Gulf Avenue","Staten Island Expressway","EB"
"36643","Staten Island","2023","9","19","22","15","25","159808","POINT (934809.8187338817 166982.50661650137)","MEEKER AVENUE","Gulf Avenue","Staten Island Expressway","EB"
"36643","Staten Island","2023","9","19","22","30","11","159808","POINT (934809.8187338817 166982.50661650137)","MEEKER AVENUE","Gulf Avenue","Staten Island Expressway","EB"
"36643","Staten Island","2023","9","19","22","45","13","159808","POINT (934809.8187338817 166982.50661650137)","MEEKER AVENUE","Gulf Avenue","Staten Island Expressway","EB"
"36643","Staten Island","2023","9","19","23","0","8","159808","POINT (934809.8187338817 166982.50661650137)","MEEKER AVENUE","Gulf Avenue","Staten Island Expressway","EB"
"36643","Staten Island","2023","9","19","23","15","18","159808","POINT (934809.8187338817 166982.50661650137)","MEEKER AVENUE","Gulf Avenue","Staten Island Expressway","EB"
"36643","Staten Island","2023","9","19","23","30","3","159808","POINT (934809.8187338817 166982.50661650137)","MEEKER AVENUE","Gulf Avenue","Staten Island Expressway","EB"
"36643","Staten Island","2023","9","19","23","45","15","159808","POINT (934809.8187338817 166982.50661650137)","MEEKER AVENUE","Gulf Avenue","Staten Island Expressway","EB"
"36643","Staten Island","2023","9","20","0","0","7","159808","POINT (934809.8187338817 166982.50661650137)","MEEKER AVENUE","Gulf Avenue","Staten Island Expressway","EB"
"36643","Staten Island","2023","9","20","0","15","4","159808","POINT (934809.8187338817 166982.50661650137)","MEEKER AVENUE","Gulf Avenue","Staten Island Expressway","EB"
"36643","Staten Island","2023","9","20","0","30","5","159808","POINT (934809.8187338817 166982.50661650137)","MEEKER AVENUE","Gulf Avenue","Staten Island Expressway","EB"
"36643","Staten Island","2023","9","20","0","45","4","159808","POINT (934809.8187338817 166982.50661650137)","MEEKER AVENUE","Gulf Avenue","Staten Island Expressway","EB"
"36643","Staten Island","2023","9","20","1","0","4","159808","POINT (934809.8187338817 166982.50661650137)","MEEKER AVENUE","Gulf Avenue","Staten Island Expressway","EB"
"36643","Staten Island","2023","9","20","1","15","1","159808","POINT (934809.8187338817 166982.50661650137)","MEEKER AVENUE","Gulf Avenue","Staten Island Expressway","EB"
"36643","Staten Island","2023","9","20","1","30","2","159808","POINT (934809.8187338817 166982.50661650137)","MEEKER AVENUE","Gulf Avenue","Staten Island Expressway","EB"
"36643","Staten Island","2023","9","20","1","45","9","159808","POINT (934809.8187338817 166982.50661650137)","MEEKER AVENUE","Gulf Avenue","Staten Island Expressway","EB"
"36643","Staten Island","2023","9","20","2","0","16","159808","POINT (934809.8187338817 166982.50661650137)","MEEKER AVENUE","Gulf Avenue","Staten Island Expressway","EB"
"36643","Staten Island","2023","9","20","2","15","8","159808","POINT (934809.8187338817 166982.50661650137)","MEEKER AVENUE","Gulf Avenue","Staten Island Expressway","EB"
"36643","Staten Island","2023","9","20","2","30","5","159808","POINT (934809.8187338817 166982.50661650137)","MEEKER AVENUE","Gulf Avenue","Staten Island Expressway","EB"
"36643","Staten Island","2023","9","20","2","45","3","159808","POINT (934809.8187338817 166982.50661650137)","MEEKER AVENUE","Gulf Avenue","Staten Island Expressway","EB"
"36643","Staten Island","2023","9","20","3","0","0","159808","POINT (934809.8187338817 166982.50661650137)","MEEKER AVENUE","Gulf Avenue","Staten Island Expressway","EB"
"36643","Staten Island","2023","9","20","3","15","9","159808","POINT (934809.8187338817 166982.50661650137)","MEEKER AVENUE","Gulf Avenue","Staten Island Expressway","EB"
"36643","Staten Island","2023","9","20","3","30","6","159808","POINT (934809.8187338817 166982.50661650137)","MEEKER AVENUE","Gulf Avenue","Staten Island Expressway","EB"
"36643","Staten Island","2023","9","20","3","45","6","159808","POINT (934809.8187338817 166982.50661650137)","MEEKER AVENUE","Gulf Avenue","Staten Island Expressway","EB"
"36643","Staten Island","2023","9","20","4","0","1","159808","POINT (934809.8187338817 166982.50661650137)","MEEKER AVENUE","Gulf Avenue","Staten Island Expressway","EB"
"36643","Staten Island","2023","9","20","4","15","9","159808","POINT (934809.8187338817 166982.50661650137)","MEEKER AVENUE","Gulf Avenue","Staten Island Expressway","EB"
"36643","Staten Island","2023","9","20","4","30","6","159808","POINT (934809.8187338817 166982.50661650137)","MEEKER AVENUE","Gulf Avenue","Staten Island Expressway","EB"
"36643","Staten Island","2023","9","20","4","45","15","159808","POINT (934809.8187338817 166982.50661650137)","MEEKER AVENUE","Gulf Avenue","Staten Island Expressway","EB"
"36643","Staten Island","2023","9","20","5","0","13","159808","POINT (934809.8187338817 166982.50661650137)","MEEKER AVENUE","Gulf Avenue","Staten Island Expressway","EB"
"36643","Staten Island","2023","9","20","5","15","30","159808","POINT (934809.8187338817 166982.50661650137)","MEEKER AVENUE","Gulf Avenue","Staten Island Expressway","EB"
"36643","Staten Island","2023","9","20","5","30","30","159808","POINT (934809.8187338817 166982.50661650137)","MEEKER AVENUE","Gulf Avenue","Staten Island Expressway","EB"
"36643","Staten Island","2023","9","20","5","45","60","159808","POINT (934809.8187338817 166982.50661650137)","MEEKER AVENUE","Gulf Avenue","Staten Island Expressway","EB"
"36643","Staten Island","2023","9","20","6","0","58","159808","POINT (934809.8187338817 166982.50661650137)","MEEKER AVENUE","Gulf Avenue","Staten Island Expressway","EB"
"36643","Staten Island","2023","9","20","6","15","126","159808","POINT (934809.8187338817 166982.50661650137)","MEEKER AVENUE","Gulf Avenue","Staten Island Expressway","EB"
"36643","Staten Island","2023","9","20","6","30","144","159808","POINT (934809.8187338817 166982.50661650137)","MEEKER AVENUE","Gulf Avenue","Staten Island Expressway","EB"
"36643","Staten Island","2023","9","20","6","45","146","159808","POINT (934809.8187338817 166982.50661650137)","MEEKER AVENUE","Gulf Avenue","Staten Island Expressway","EB"
"36643","Staten Island","2023","9","20","7","0","133","159808","POINT (934809.8187338817 166982.50661650137)","MEEKER AVENUE","Gulf Avenue","Staten Island Expressway","EB"
"36643","Staten Island","2023","9","20","7","15","140","159808","POINT (934809.8187338817 166982.50661650137)","MEEKER AVENUE","Gulf Avenue","Staten Island Expressway","EB"
"36643","Staten Island","2023","9","20","7","30","141","159808","POINT (934809.8187338817 166982.50661650137)","MEEKER AVENUE","Gulf Avenue","Staten Island Expressway","EB"
"36643","Staten Island","2023","9","20","7","45","114","159808","POINT (934809.8187338817 166982.50661650137)","MEEKER AVENUE","Gulf Avenue","Staten Island Expressway","EB"
"36643","Staten Island","2023","9","20","8","0","109","159808","POINT (934809.8187338817 166982.50661650137)","MEEKER AVENUE","Gulf Avenue","Staten Island Expressway","EB"
"36643","Staten Island","2023","9","20","8","15","109","159808","POINT (934809.8187338817 166982.50661650137)","MEEKER AVENUE","Gulf Avenue","Staten Island Expressway","EB"
"36643","Staten Island","2023","9","20","8","30","84","159808","POINT (934809.8187338817 166982.50661650137)","MEEKER AVENUE","Gulf Avenue","Staten Island Expressway","EB"
"36643","Staten Island","2023","9","20","8","45","76","159808","POINT (934809.8187338817 166982.50661650137)","MEEKER AVENUE","Gulf Avenue","Staten Island Expressway","EB"
"36643","Staten Island","2023","9","20","9","0","79","159808","POINT (934809.8187338817 166982.50661650137)","MEEKER AVENUE","Gulf Avenue","Staten Island Expressway","EB"
"36643","Staten Island","2023","9","20","9","15","104","159808","POINT (934809.8187338817 166982.50661650137)","MEEKER AVENUE","Gulf Avenue","Staten Island Expressway","EB"
"36643","Staten Island","2023","9","20","9","30","73","159808","POINT (934809.8187338817 166982.50661650137)","MEEKER AVENUE","Gulf Avenue","Staten Island Expressway","EB"
"36643","Staten Island","2023","9","20","9","45","50","159808","POINT (934809.8187338817 166982.50661650137)","MEEKER AVENUE","Gulf Avenue","Staten Island Expressway","EB"
"36643","Staten Island","2023","9","20","10","0","42","159808","POINT (934809.8187338817 166982.50661650137)","MEEKER AVENUE","Gulf Avenue","Staten Island Expressway","EB"
"36643","Staten Island","2023","9","20","10","15","46","159808","POINT (934809.8187338817 166982.50661650137)","MEEKER AVENUE","Gulf Avenue","Staten Island Expressway","EB"
"36643","Staten Island","2023","9","20","10","30","45","159808","POINT (934809.8187338817 166982.50661650137)","MEEKER AVENUE","Gulf Avenue","Staten Island Expressway","EB"
"36643","Staten Island","2023","9","20","10","45","38","159808","POINT (934809.8187338817 166982.50661650137)","MEEKER AVENUE","Gulf Avenue","Staten Island Expressway","EB"
"36643","Staten Island","2023","9","20","11","0","41","159808","POINT (934809.8187338817 166982.50661650137)","MEEKER AVENUE","Gulf Avenue","Staten Island Expressway","EB"
"36643","Staten Island","2023","9","20","11","15","47","159808","POINT (934809.8187338817 166982.50661650137)","MEEKER AVENUE","Gulf Avenue","Staten Island Expressway","EB"
"36643","Staten Island","2023","9","20","11","30","47","159808","POINT (934809.8187338817 166982.50661650137)","MEEKER AVENUE","Gulf Avenue","Staten Island Expressway","EB"
"36643","Staten Island","2023","9","20","11","45","45","159808","POINT (934809.8187338817 166982.50661650137)","MEEKER AVENUE","Gulf Avenue","Staten Island Expressway","EB"
"36643","Staten Island","2023","9","20","12","0","39","159808","POINT (934809.8187338817 166982.50661650137)","MEEKER AVENUE","Gulf Avenue","Staten Island Expressway","EB"
"36643","Staten Island","2023","9","20","12","15","42","159808","POINT (934809.8187338817 166982.50661650137)","MEEKER AVENUE","Gulf Avenue","Staten Island Expressway","EB"
"36643","Staten Island","2023","9","20","12","30","47","159808","POINT (934809.8187338817 166982.50661650137)","MEEKER AVENUE","Gulf Avenue","Staten Island Expressway","EB"
"36190","Brooklyn","2023","5","2","17","30","83","9003591","POINT (999725.6730184525 192836.2813155484)","MYRTLE AVENUE","Throop Avenue","Tompkins Houses Pedestrian Path","EB"
"36190","Brooklyn","2023","5","2","17","45","100","9003591","POINT (999725.6730184525 192836.2813155484)","MYRTLE AVENUE","Throop Avenue","Tompkins Houses Pedestrian Path","EB"
"36190","Brooklyn","2023","5","2","18","0","82","9003591","POINT (999725.6730184525 192836.2813155484)","MYRTLE AVENUE","Throop Avenue","Tompkins Houses Pedestrian Path","EB"
"36190","Brooklyn","2023","5","2","18","15","83","9003591","POINT (999725.6730184525 192836.2813155484)","MYRTLE AVENUE","Throop Avenue","Tompkins Houses Pedestrian Path","EB"
"36190","Brooklyn","2023","5","2","18","30","75","9003591","POINT (999725.6730184525 192836.2813155484)","MYRTLE AVENUE","Throop Avenue","Tompkins Houses Pedestrian Path","EB"
"36190","Brooklyn","2023","5","2","18","45","65","9003591","POINT (999725.6730184525 192836.2813155484)","MYRTLE AVENUE","Throop Avenue","Tompkins Houses Pedestrian Path","EB"
"36190","Brooklyn","2023","5","2","19","0","68","9003591","POINT (999725.6730184525 192836.2813155484)","MYRTLE AVENUE","Throop Avenue","Tompkins Houses Pedestrian Path","EB"
"36190","Brooklyn","2023","5","2","19","15","79","9003591","POINT (999725.6730184525 192836.2813155484)","MYRTLE AVENUE","Throop Avenue","Tompkins Houses Pedestrian Path","EB"
"36190","Brooklyn","2023","5","2","19","30","63","9003591","POINT (999725.6730184525 192836.2813155484)","MYRTLE AVENUE","Throop Avenue","Tompkins Houses Pedestrian Path","EB"
"36190","Brooklyn","2023","5","2","19","45","70","9003591","POINT (999725.6730184525 192836.2813155484)","MYRTLE AVENUE","Throop Avenue","Tompkins Houses Pedestrian Path","EB"
"36190","Brooklyn","2023","5","2","20","0","48","9003591","POINT (999725.6730184525 192836.2813155484)","MYRTLE AVENUE","Throop Avenue","Tompkins Houses Pedestrian Path","EB"
"36190","Brooklyn","2023","5","2","20","15","54","9003591","POINT (999725.6730184525 192836.2813155484)","MYRTLE AVENUE","Throop Avenue","Tompkins Houses Pedestrian Path","EB"
"36190","Brooklyn","2023","5","2","20","30","45","9003591","POINT (999725.6730184525 192836.2813155484)","MYRTLE AVENUE","Throop Avenue","Tompkins Houses Pedestrian Path","EB"
"36190","Brooklyn","2023","5","2","20","45","62","9003591","POINT (999725.6730184525 192836.2813155484)","MYRTLE AVENUE","Throop Avenue","Tompkins Houses Pedestrian Path","EB"
"36190","Brooklyn","2023","5","2","21","0","37","9003591","POINT (999725.6730184525 192836.2813155484)","MYRTLE AVENUE","Throop Avenue","Tompkins Houses Pedestrian Path","EB"
"36190","Brooklyn","2023","5","2","21","15","45","9003591","POINT (999725.6730184525 192836.2813155484)","MYRTLE AVENUE","Throop Avenue","Tompkins Houses Pedestrian Path","EB"
"36190","Brooklyn","2023","5","2","21","30","34","9003591","POINT (999725.6730184525 192836.2813155484)","MYRTLE AVENUE","Throop Avenue","Tompkins Houses Pedestrian Path","EB"
"36190","Brooklyn","2023","5","2","21","45","41","9003591","POINT (999725.6730184525 192836.2813155484)","MYRTLE AVENUE","Throop Avenue","Tompkins Houses Pedestrian Path","EB"
"36190","Brooklyn","2023","5","2","22","0","45","9003591","POINT (999725.6730184525 192836.2813155484)","MYRTLE AVENUE","Throop Avenue","Tompkins Houses Pedestrian Path","EB"
"36190","Brooklyn","2023","5","2","22","15","45","9003591","POINT (999725.6730184525 192836.2813155484)","MYRTLE AVENUE","Throop Avenue","Tompkins Houses Pedestrian Path","EB"
"36190","Brooklyn","2023","5","2","22","30","28","9003591","POINT (999725.6730184525 192836.2813155484)","MYRTLE AVENUE","Throop Avenue","Tompkins Houses Pedestrian Path","EB"
"36190","Brooklyn","2023","5","2","22","45","36","9003591","POINT (999725.6730184525 192836.2813155484)","MYRTLE AVENUE","Throop Avenue","Tompkins Houses Pedestrian Path","EB"
"36190","Brooklyn","2023","5","2","23","0","28","9003591","POINT (999725.6730184525 192836.2813155484)","MYRTLE AVENUE","Throop Avenue","Tompkins Houses Pedestrian Path","EB"
"36190","Brooklyn","2023","5","2","23","15","31","9003591","POINT (999725.6730184525 192836.2813155484)","MYRTLE AVENUE","Throop Avenue","Tompkins Houses Pedestrian Path","EB"
"36190","Brooklyn","2023","5","2","23","30","47","9003591","POINT (999725.6730184525 192836.2813155484)","MYRTLE AVENUE","Throop Avenue","Tompkins Houses Pedestrian Path","EB"
"36190","Brooklyn","2023","5","2","23","45","30","9003591","POINT (999725.6730184525 192836.2813155484)","MYRTLE AVENUE","Throop Avenue","Tompkins Houses Pedestrian Path","EB"
"36190","Brooklyn","2023","5","3","0","0","29","9003591","POINT (999725.6730184525 192836.2813155484)","MYRTLE AVENUE","Throop Avenue","Tompkins Houses Pedestrian Path","EB"
"36190","Brooklyn","2023","5","3","0","15","23","9003591","POINT (999725.6730184525 192836.2813155484)","MYRTLE AVENUE","Throop Avenue","Tompkins Houses Pedestrian Path","EB"
"36190","Brooklyn","2023","5","3","0","30","25","9003591","POINT (999725.6730184525 192836.2813155484)","MYRTLE AVENUE","Throop Avenue","Tompkins Houses Pedestrian Path","EB"
"36190","Brooklyn","2023","5","3","0","45","14","9003591","POINT (999725.6730184525 192836.2813155484)","MYRTLE AVENUE","Throop Avenue","Tompkins Houses Pedestrian Path","EB"
"36190","Brooklyn","2023","5","3","1","0","15","9003591","POINT (999725.6730184525 192836.2813155484)","MYRTLE AVENUE","Throop Avenue","Tompkins Houses Pedestrian Path","EB"
"36190","Brooklyn","2023","5","3","1","15","9","9003591","POINT (999725.6730184525 192836.2813155484)","MYRTLE AVENUE","Throop Avenue","Tompkins Houses Pedestrian Path","EB"
"36190","Brooklyn","2023","5","3","1","30","9","9003591","POINT (999725.6730184525 192836.2813155484)","MYRTLE AVENUE","Throop Avenue","Tompkins Houses Pedestrian Path","EB"
"36190","Brooklyn","2023","5","3","1","45","15","9003591","POINT (999725.6730184525 192836.2813155484)","MYRTLE AVENUE","Throop Avenue","Tompkins Houses Pedestrian Path","EB"
"36190","Brooklyn","2023","5","3","2","0","9","9003591","POINT (999725.6730184525 192836.2813155484)","MYRTLE AVENUE","Throop Avenue","Tompkins Houses Pedestrian Path","EB"
"36190","Brooklyn","2023","5","3","2","15","7","9003591","POINT (999725.6730184525 192836.2813155484)","MYRTLE AVENUE","Throop Avenue","Tompkins Houses Pedestrian Path","EB"
"36190","Brooklyn","2023","5","3","2","30","12","9003591","POINT (999725.6730184525 192836.2813155484)","MYRTLE AVENUE","Throop Avenue","Tompkins Houses Pedestrian Path","EB"
"36190","Brooklyn","2023","5","3","2","45","6","9003591","POINT (999725.6730184525 192836.2813155484)","MYRTLE AVENUE","Throop Avenue","Tompkins Houses Pedestrian Path","EB"
"36190","Brooklyn","2023","5","3","3","0","6","9003591","POINT (999725.6730184525 192836.2813155484)","MYRTLE AVENUE","Throop Avenue","Tompkins Houses Pedestrian Path","EB"
"36190","Brooklyn","2023","5","3","3","15","6","9003591","POINT (999725.6730184525 192836.2813155484)","MYRTLE AVENUE","Throop Avenue","Tompkins Houses Pedestrian Path","EB"
"36190","Brooklyn","2023","5","3","3","30","6","9003591","POINT (999725.6730184525 192836.2813155484)","MYRTLE AVENUE","Throop Avenue","Tompkins Houses Pedestrian Path","EB"
"36190","Brooklyn","2023","5","3","3","45","3","9003591","POINT (999725.6730184525 192836.2813155484)","MYRTLE AVENUE","Throop Avenue","Tompkins Houses Pedestrian Path","EB"
"36190","Brooklyn","2023","5","3","4","0","1","9003591","POINT (999725.6730184525 192836.2813155484)","MYRTLE AVENUE","Throop Avenue","Tompkins Houses Pedestrian Path","EB"
"36190","Brooklyn","2023","5","3","4","15","6","9003591","POINT (999725.6730184525 192836.2813155484)","MYRTLE AVENUE","Throop Avenue","Tompkins Houses Pedestrian Path","EB"
"36190","Brooklyn","2023","5","3","4","30","10","9003591","POINT (999725.6730184525 192836.2813155484)","MYRTLE AVENUE","Throop Avenue","Tompkins Houses Pedestrian Path","EB"
"36190","Brooklyn","2023","5","3","4","45","7","9003591","POINT (999725.6730184525 192836.2813155484)","MYRTLE AVENUE","Throop Avenue","Tompkins Houses Pedestrian Path","EB"
"36190","Brooklyn","2023","5","3","5","0","13","9003591","POINT (999725.6730184525 192836.2813155484)","MYRTLE AVENUE","Throop Avenue","Tompkins Houses Pedestrian Path","EB"
"36190","Brooklyn","2023","5","3","5","15","8","9003591","POINT (999725.6730184525 192836.2813155484)","MYRTLE AVENUE","Throop Avenue","Tompkins Houses Pedestrian Path","EB"
"36190","Brooklyn","2023","5","3","5","30","7","9003591","POINT (999725.6730184525 192836.2813155484)","MYRTLE AVENUE","Throop Avenue","Tompkins Houses Pedestrian Path","EB"
"36190","Brooklyn","2023","5","3","5","45","21","9003591","POINT (999725.6730184525 192836.2813155484)","MYRTLE AVENUE","Throop Avenue","Tompkins Houses Pedestrian Path","EB"
"36190","Brooklyn","2023","5","3","6","0","12","9003591","POINT (999725.6730184525 192836.2813155484)","MYRTLE AVENUE","Throop Avenue","Tompkins Houses Pedestrian Path","EB"
"36190","Brooklyn","2023","5","3","6","15","22","9003591","POINT (999725.6730184525 192836.2813155484)","MYRTLE AVENUE","Throop Avenue","Tompkins Houses Pedestrian Path","EB"
"36190","Brooklyn","2023","5","3","6","30","32","9003591","POINT (999725.6730184525 192836.2813155484)","MYRTLE AVENUE","Throop Avenue","Tompkins Houses Pedestrian Path","EB"
"36190","Brooklyn","2023","5","3","6","45","40","9003591","POINT (999725.6730184525 192836.2813155484)","MYRTLE AVENUE","Throop Avenue","Tompkins Houses Pedestrian Path","EB"
"36190","Brooklyn","2023","5","3","7","0","54","9003591","POINT (999725.6730184525 192836.2813155484)","MYRTLE AVENUE","Throop Avenue","Tompkins Houses Pedestrian Path","EB"
"36190","Brooklyn","2023","5","3","7","15","45","9003591","POINT (999725.6730184525 192836.2813155484)","MYRTLE AVENUE","Throop Avenue","Tompkins Houses Pedestrian Path","EB"
"36190","Brooklyn","2023","5","3","7","30","56","9003591","POINT (999725.6730184525 192836.2813155484)","MYRTLE AVENUE","Throop Avenue","Tompkins Houses Pedestrian Path","EB"
"36190","Brooklyn","2023","5","3","7","45","69","9003591","POINT (999725.6730184525 192836.2813155484)","MYRTLE AVENUE","Throop Avenue","Tompkins Houses Pedestrian Path","EB"
"36190","Brooklyn","2023","5","3","8","0","47","9003591","POINT (999725.6730184525 192836.2813155484)","MYRTLE AVENUE","Throop Avenue","Tompkins Houses Pedestrian Path","EB"
"36190","Brooklyn","2023","5","3","8","15","39","9003591","POINT (999725.6730184525 192836.2813155484)","MYRTLE AVENUE","Throop Avenue","Tompkins Houses Pedestrian Path","EB"
"36190","Brooklyn","2023","5","3","8","30","39","9003591","POINT (999725.6730184525 192836.2813155484)","MYRTLE AVENUE","Throop Avenue","Tompkins Houses Pedestrian Path","EB"
"36190","Brooklyn","2023","5","3","8","45","36","9003591","POINT (999725.6730184525 192836.2813155484)","MYRTLE AVENUE","Throop Avenue","Tompkins Houses Pedestrian Path","EB"
"36190","Brooklyn","2023","5","3","9","0","37","9003591","POINT (999725.6730184525 192836.2813155484)","MYRTLE AVENUE","Throop Avenue","Tompkins Houses Pedestrian Path","EB"
"36190","Brooklyn","2023","5","3","9","15","50","9003591","POINT (999725.6730184525 192836.2813155484)","MYRTLE AVENUE","Throop Avenue","Tompkins Houses Pedestrian Path","EB"
"36190","Brooklyn","2023","5","3","9","30","57","9003591","POINT (999725.6730184525 192836.2813155484)","MYRTLE AVENUE","Throop Avenue","Tompkins Houses Pedestrian Path","EB"
"36190","Brooklyn","2023","5","3","9","45","54","9003591","POINT (999725.6730184525 192836.2813155484)","MYRTLE AVENUE","Throop Avenue","Tompkins Houses Pedestrian Path","EB"
"36190","Brooklyn","2023","5","3","10","0","55","9003591","POINT (999725.6730184525 192836.2813155484)","MYRTLE AVENUE","Throop Avenue","Tompkins Houses Pedestrian Path","EB"
"36190","Brooklyn","2023","5","3","10","15","49","9003591","POINT (999725.6730184525 192836.2813155484)","MYRTLE AVENUE","Throop Avenue","Tompkins Houses Pedestrian Path","EB"
"36190","Brooklyn","2023","5","3","10","30","43","9003591","POINT (999725.6730184525 192836.2813155484)","MYRTLE AVENUE","Throop Avenue","Tompkins Houses Pedestrian Path","EB"
"36190","Brooklyn","2023","5","3","10","45","56","9003591","POINT (999725.6730184525 192836.2813155484)","MYRTLE AVENUE","Throop Avenue","Tompkins Houses Pedestrian Path","EB"
"36190","Brooklyn","2023","5","3","11","0","50","9003591","POINT (999725.6730184525 192836.2813155484)","MYRTLE AVENUE","Throop Avenue","Tompkins Houses Pedestrian Path","EB"
"36190","Brooklyn","2023","5","3","11","15","76","9003591","POINT (999725.6730184525 192836.2813155484)","MYRTLE AVENUE","Throop Avenue","Tompkins Houses Pedestrian Path","EB"
"36190","Brooklyn","2023","5","3","11","30","48","9003591","POINT (999725.6730184525 192836.2813155484)","MYRTLE AVENUE","Throop Avenue","Tompkins Houses Pedestrian Path","EB"
"36190","Brooklyn","2023","5","3","11","45","57","9003591","POINT (999725.6730184525 192836.2813155484)","MYRTLE AVENUE","Throop Avenue","Tompkins Houses Pedestrian Path","EB"
"36190","Brooklyn","2023","5","3","12","0","76","9003591","POINT (999725.6730184525 192836.2813155484)","MYRTLE AVENUE","Throop Avenue","Tompkins Houses Pedestrian Path","EB"
"36190","Brooklyn","2023","5","3","12","15","56","9003591","POINT (999725.6730184525 192836.2813155484)","MYRTLE AVENUE","Throop Avenue","Tompkins Houses Pedestrian Path","EB"
"36190","Brooklyn","2023","5","3","12","30","60","9003591","POINT (999725.6730184525 192836.2813155484)","MYRTLE AVENUE","Throop Avenue","Tompkins Houses Pedestrian Path","EB"
"36190","Brooklyn","2023","5","3","12","45","62","9003591","POINT (999725.6730184525 192836.2813155484)","MYRTLE AVENUE","Throop Avenue","Tompkins Houses Pedestrian Path","EB"
"36190","Brooklyn","2023","5","3","13","0","87","9003591","POINT (999725.6730184525 192836.2813155484)","MYRTLE AVENUE","Throop Avenue","Tompkins Houses Pedestrian Path","EB"
"36190","Brooklyn","2023","5","3","13","15","55","9003591","POINT (999725.6730184525 192836.2813155484)","MYRTLE AVENUE","Throop Avenue","Tompkins Houses Pedestrian Path","EB"
"36190","Brooklyn","2023","5","3","13","30","45","9003591","POINT (999725.6730184525 192836.2813155484)","MYRTLE AVENUE","Throop Avenue","Tompkins Houses Pedestrian Path","EB"
"36190","Brooklyn","2023","5","3","13","45","70","9003591","POINT (999725.6730184525 192836.2813155484)","MYRTLE AVENUE","Throop Avenue","Tompkins Houses Pedestrian Path","EB"
"36190","Brooklyn","2023","5","3","14","0","59","9003591","POINT (999725.6730184525 192836.2813155484)","MYRTLE AVENUE","Throop Avenue","Tompkins Houses Pedestrian Path","EB"
"36190","Brooklyn","2023","5","3","14","15","67","9003591","POINT (999725.6730184525 192836.2813155484)","MYRTLE AVENUE","Throop Avenue","Tompkins Houses Pedestrian Path","EB"
"36190","Brooklyn","2023","5","3","14","30","62","9003591","POINT (999725.6730184525 192836.2813155484)","MYRTLE AVENUE","Throop Avenue","Tompkins Houses Pedestrian Path","EB"
"36190","Brooklyn","2023","5","3","14","45","63","9003591","POINT (999725.6730184525 192836.2813155484)","MYRTLE AVENUE","Throop Avenue","Tompkins Houses Pedestrian Path","EB"
"36190","Brooklyn","2023","5","3","15","0","66","9003591","POINT (999725.6730184525 192836.2813155484)","MYRTLE AVENUE","Throop Avenue","Tompkins Houses Pedestrian Path","EB"
"36190","Brooklyn","2023","5","3","15","15","85","9003591","POINT (999725.6730184525 192836.2813155484)","MYRTLE AVENUE","Throop Avenue","Tompkins Houses Pedestrian Path","EB"
"36190","Brooklyn","2023","5","3","15","30","71","9003591","POINT (999725.6730184525 192836.2813155484)","MYRTLE AVENUE","Throop Avenue","Tompkins Houses Pedestrian Path","EB"
"36190","Brooklyn","2023","5","3","15","45","74","9003591","POINT (999725.6730184525 192836.2813155484)","MYRTLE AVENUE","Throop Avenue","Tompkins Houses Pedestrian Path","EB"
"36190","Brooklyn","2023","5","3","16","0","91","9003591","POINT (999725.6730184525 192836.2813155484)","MYRTLE AVENUE","Throop Avenue","Tompkins Houses Pedestrian Path","EB"
"36190","Brooklyn","2023","5","3","16","15","88","9003591","POINT (999725.6730184525 192836.2813155484)","MYRTLE AVENUE","Throop Avenue","Tompkins Houses Pedestrian Path","EB"
"36190","Brooklyn","2023","5","3","16","30","95","9003591","POINT (999725.6730184525 192836.2813155484)","MYRTLE AVENUE","Throop Avenue","Tompkins Houses Pedestrian Path","EB"
"36190","Brooklyn","2023","5","3","16","45","80","9003591","POINT (999725.6730184525 192836.2813155484)","MYRTLE AVENUE","Throop Avenue","Tompkins Houses Pedestrian Path","EB"
"36190","Brooklyn","2023","5","3","17","0","107","9003591","POINT (999725.6730184525 192836.2813155484)","MYRTLE AVENUE","Throop Avenue","Tompkins Houses Pedestrian Path","EB"
"36190","Brooklyn","2023","5","3","17","15","101","9003591","POINT (999725.6730184525 192836.2813155484)","MYRTLE AVENUE","Throop Avenue","Tompkins Houses Pedestrian Path","EB"
"36190","Brooklyn","2023","5","3","17","30","93","9003591","POINT (999725.6730184525 192836.2813155484)","MYRTLE AVENUE","Throop Avenue","Tompkins Houses Pedestrian Path","EB"
"36190","Brooklyn","2023","5","3","17","45","95","9003591","POINT (999725.6730184525 192836.2813155484)","MYRTLE AVENUE","Throop Avenue","Tompkins Houses Pedestrian Path","EB"
"36190","Brooklyn","2023","5","3","18","0","114","9003591","POINT (999725.6730184525 192836.2813155484)","MYRTLE AVENUE","Throop Avenue","Tompkins Houses Pedestrian Path","EB"
"36190","Brooklyn","2023","5","3","18","15","101","9003591","POINT (999725.6730184525 192836.2813155484)","MYRTLE AVENUE","Throop Avenue","Tompkins Houses Pedestrian Path","EB"
"36190","Brooklyn","2023","5","3","18","30","95","9003591","POINT (999725.6730184525 192836.2813155484)","MYRTLE AVENUE","Throop Avenue","Tompkins Houses Pedestrian Path","EB"
"36190","Brooklyn","2023","5","3","18","45","72","9003591","POINT (999725.6730184525 192836.2813155484)","MYRTLE AVENUE","Throop Avenue","Tompkins Houses Pedestrian Path","EB"
"36190","Brooklyn","2023","5","3","19","0","84","9003591","POINT (999725.6730184525 192836.2813155484)","MYRTLE AVENUE","Throop Avenue","Tompkins Houses Pedestrian Path","EB"
"36190","Brooklyn","2023","5","3","19","15","70","9003591","POINT (999725.6730184525 192836.2813155484)","MYRTLE AVENUE","Throop Avenue","Tompkins Houses Pedestrian Path","EB"
"36190","Brooklyn","2023","5","3","19","30","54","9003591","POINT (999725.6730184525 192836.2813155484)","MYRTLE AVENUE","Throop Avenue","Tompkins Houses Pedestrian Path","EB"
"7201","Queens","2010","8","4","12","30","107","148834","POINT (1051427.2 199299.9)","E/B JAMAICA AVE @ 202 ST","201 ST","202 ST","EB"
"7201","Queens","2010","8","4","12","45","146","148834","POINT (1051427.2 199299.9)","E/B JAMAICA AVE @ 202 ST","201 ST","202 ST","EB"
"7201","Queens","2010","8","4","13","0","144","148834","POINT (1051427.2 199299.9)","E/B JAMAICA AVE @ 202 ST","201 ST","202 ST","EB"
"7201","Queens","2010","8","4","13","15","113","148834","POINT (1051427.2 199299.9)","E/B JAMAICA AVE @ 202 ST","201 ST","202 ST","EB"
"7201","Queens","2010","8","4","13","30","110","148834","POINT (1051427.2 199299.9)","E/B JAMAICA AVE @ 202 ST","201 ST","202 ST","EB"
"7201","Queens","2010","8","4","13","45","116","148834","POINT (1051427.2 199299.9)","E/B JAMAICA AVE @ 202 ST","201 ST","202 ST","EB"
"7201","Queens","2010","8","4","14","0","117","148834","POINT (1051427.2 199299.9)","E/B JAMAICA AVE @ 202 ST","201 ST","202 ST","EB"
"7201","Queens","2010","8","4","14","15","127","148834","POINT (1051427.2 199299.9)","E/B JAMAICA AVE @ 202 ST","201 ST","202 ST","EB"
"7201","Queens","2010","8","4","14","30","125","148834","POINT (1051427.2 199299.9)","E/B JAMAICA AVE @ 202 ST","201 ST","202 ST","EB"
"7201","Queens","2010","8","4","14","45","149","148834","POINT (1051427.2 199299.9)","E/B JAMAICA AVE @ 202 ST","201 ST","202 ST","EB"
"7201","Queens","2010","8","4","15","0","124","148834","POINT (1051427.2 199299.9)","E/B JAMAICA AVE @ 202 ST","201 ST","202 ST","EB"
"7201","Queens","2010","8","4","15","15","152","148834","POINT (1051427.2 199299.9)","E/B JAMAICA AVE @ 202 ST","201 ST","202 ST","EB"
"7201","Queens","2010","8","4","15","30","164","148834","POINT (1051427.2 199299.9)","E/B JAMAICA AVE @ 202 ST","201 ST","202 ST","EB"
"7201","Queens","2010","8","4","15","45","152","148834","POINT (1051427.2 199299.9)","E/B JAMAICA AVE @ 202 ST","201 ST","202 ST","EB"
"7201","Queens","2010","8","4","16","0","141","148834","POINT (1051427.2 199299.9)","E/B JAMAICA AVE @ 202 ST","201 ST","202 ST","EB"
"7201","Queens","2010","8","4","16","15","172","148834","POINT (1051427.2 199299.9)","E/B JAMAICA AVE @ 202 ST","201 ST","202 ST","EB"
"7201","Queens","2010","8","4","16","30","172","148834","POINT (1051427.2 199299.9)","E/B JAMAICA AVE @ 202 ST","201 ST","202 ST","EB"
"7201","Queens","2010","8","4","16","45","161","148834","POINT (1051427.2 199299.9)","E/B JAMAICA AVE @ 202 ST","201 ST","202 ST","EB"
"7201","Queens","2010","8","4","17","0","184","148834","POINT (1051427.2 199299.9)","E/B JAMAICA AVE @ 202 ST","201 ST","202 ST","EB"
"7201","Queens","2010","8","4","17","15","201","148834","POINT (1051427.2 199299.9)","E/B JAMAICA AVE @ 202 ST","201 ST","202 ST","EB"
"7201","Queens","2010","8","4","17","30","173","148834","POINT (1051427.2 199299.9)","E/B JAMAICA AVE @ 202 ST","201 ST","202 ST","EB"
"7201","Queens","2010","8","4","17","45","167","148834","POINT (1051427.2 199299.9)","E/B JAMAICA AVE @ 202 ST","201 ST","202 ST","EB"
"7201","Queens","2010","8","4","18","0","189","148834","POINT (1051427.2 199299.9)","E/B JAMAICA AVE @ 202 ST","201 ST","202 ST","EB"
"7201","Queens","2010","8","4","18","15","179","148834","POINT (1051427.2 199299.9)","E/B JAMAICA AVE @ 202 ST","201 ST","202 ST","EB"
"7201","Queens","2010","8","4","18","30","169","148834","POINT (1051427.2 199299.9)","E/B JAMAICA AVE @ 202 ST","201 ST","202 ST","EB"
"7201","Queens","2010","8","4","18","45","159","148834","POINT (1051427.2 199299.9)","E/B JAMAICA AVE @ 202 ST","201 ST","202 ST","EB"
"7201","Queens","2010","8","4","19","0","127","148834","POINT (1051427.2 199299.9)","E/B JAMAICA AVE @ 202 ST","201 ST","202 ST","EB"
"7201","Queens","2010","8","4","19","15","149","148834","POINT (1051427.2 199299.9)","E/B JAMAICA AVE @ 202 ST","201 ST","202 ST","EB"
"7201","Queens","2010","8","4","19","30","133","148834","POINT (1051427.2 199299.9)","E/B JAMAICA AVE @ 202 ST","201 ST","202 ST","EB"
"7201","Queens","2010","8","4","19","45","144","148834","POINT (1051427.2 199299.9)","E/B JAMAICA AVE @ 202 ST","201 ST","202 ST","EB"
"7201","Queens","2010","8","4","20","0","111","148834","POINT (1051427.2 199299.9)","E/B JAMAICA AVE @ 202 ST","201 ST","202 ST","EB"
"7201","Queens","2010","8","4","20","15","89","148834","POINT (1051427.2 199299.9)","E/B JAMAICA AVE @ 202 ST","201 ST","202 ST","EB"
"7201","Queens","2010","8","4","20","30","80","148834","POINT (1051427.2 199299.9)","E/B JAMAICA AVE @ 202 ST","201 ST","202 ST","EB"
"7201","Queens","2010","8","4","20","45","90","148834","POINT (1051427.2 199299.9)","E/B JAMAICA AVE @ 202 ST","201 ST","202 ST","EB"
"7201","Queens","2010","8","4","21","0","93","148834","POINT (1051427.2 199299.9)","E/B JAMAICA AVE @ 202 ST","201 ST","202 ST","EB"
"7201","Queens","2010","8","4","21","15","81","148834","POINT (1051427.2 199299.9)","E/B JAMAICA AVE @ 202 ST","201 ST","202 ST","EB"
"7201","Queens","2010","8","4","21","30","75","148834","POINT (1051427.2 199299.9)","E/B JAMAICA AVE @ 202 ST","201 ST","202 ST","EB"
"7201","Queens","2010","8","4","21","45","67","148834","POINT (1051427.2 199299.9)","E/B JAMAICA AVE @ 202 ST","201 ST","202 ST","EB"
"7201","Queens","2010","8","4","22","0","82","148834","POINT (1051427.2 199299.9)","E/B JAMAICA AVE @ 202 ST","201 ST","202 ST","EB"
"7201","Queens","2010","8","4","22","15","72","148834","POINT (1051427.2 199299.9)","E/B JAMAICA AVE @ 202 ST","201 ST","202 ST","EB"
"7201","Queens","2010","8","4","22","30","48","148834","POINT (1051427.2 199299.9)","E/B JAMAICA AVE @ 202 ST","201 ST","202 ST","EB"
"7201","Queens","2010","8","4","22","45","44","148834","POINT (1051427.2 199299.9)","E/B JAMAICA AVE @ 202 ST","201 ST","202 ST","EB"
"7201","Queens","2010","8","4","23","0","53","148834","POINT (1051427.2 199299.9)","E/B JAMAICA AVE @ 202 ST","201 ST","202 ST","EB"
"7201","Queens","2010","8","4","23","15","34","148834","POINT (1051427.2 199299.9)","E/B JAMAICA AVE @ 202 ST","201 ST","202 ST","EB"
"7201","Queens","2010","8","4","23","30","41","148834","POINT (1051427.2 199299.9)","E/B JAMAICA AVE @ 202 ST","201 ST","202 ST","EB"
"7201","Queens","2010","8","4","23","45","36","148834","POINT (1051427.2 199299.9)","E/B JAMAICA AVE @ 202 ST","201 ST","202 ST","EB"
"7201","Queens","2010","8","5","0","0","39","148834","POINT (1051427.2 199299.9)","E/B JAMAICA AVE @ 202 ST","201 ST","202 ST","EB"
"7201","Queens","2010","8","5","0","15","37","148834","POINT (1051427.2 199299.9)","E/B JAMAICA AVE @ 202 ST","201 ST","202 ST","EB"
"7201","Queens","2010","8","5","0","30","40","148834","POINT (1051427.2 199299.9)","E/B JAMAICA AVE @ 202 ST","201 ST","202 ST","EB"
"7201","Queens","2010","8","5","0","45","28","148834","POINT (1051427.2 199299.9)","E/B JAMAICA AVE @ 202 ST","201 ST","202 ST","EB"
"7201","Queens","2010","8","5","1","0","24","148834","POINT (1051427.2 199299.9)","E/B JAMAICA AVE @ 202 ST","201 ST","202 ST","EB"
"7201","Queens","2010","8","5","1","15","20","148834","POINT (1051427.2 199299.9)","E/B JAMAICA AVE @ 202 ST","201 ST","202 ST","EB"
"7201","Queens","2010","8","5","1","30","24","148834","POINT (1051427.2 199299.9)","E/B JAMAICA AVE @ 202 ST","201 ST","202 ST","EB"
"7201","Queens","2010","8","5","1","45","10","148834","POINT (1051427.2 199299.9)","E/B JAMAICA AVE @ 202 ST","201 ST","202 ST","EB"
"7201","Queens","2010","8","5","2","0","20","148834","POINT (1051427.2 199299.9)","E/B JAMAICA AVE @ 202 ST","201 ST","202 ST","EB"
"7201","Queens","2010","8","5","2","15","15","148834","POINT (1051427.2 199299.9)","E/B JAMAICA AVE @ 202 ST","201 ST","202 ST","EB"
"7201","Queens","2010","8","5","2","30","15","148834","POINT (1051427.2 199299.9)","E/B JAMAICA AVE @ 202 ST","201 ST","202 ST","EB"
"7201","Queens","2010","8","5","2","45","16","148834","POINT (1051427.2 199299.9)","E/B JAMAICA AVE @ 202 ST","201 ST","202 ST","EB"
"7201","Queens","2010","8","5","3","0","17","148834","POINT (1051427.2 199299.9)","E/B JAMAICA AVE @ 202 ST","201 ST","202 ST","EB"
"7201","Queens","2010","8","5","3","15","10","148834","POINT (1051427.2 199299.9)","E/B JAMAICA AVE @ 202 ST","201 ST","202 ST","EB"
"7201","Queens","2010","8","5","3","30","14","148834","POINT (1051427.2 199299.9)","E/B JAMAICA AVE @ 202 ST","201 ST","202 ST","EB"
"7201","Queens","2010","8","5","3","45","10","148834","POINT (1051427.2 199299.9)","E/B JAMAICA AVE @ 202 ST","201 ST","202 ST","EB"
"7201","Queens","2010","8","5","4","0","6","148834","POINT (1051427.2 199299.9)","E/B JAMAICA AVE @ 202 ST","201 ST","202 ST","EB"
"7201","Queens","2010","8","5","4","15","17","148834","POINT (1051427.2 199299.9)","E/B JAMAICA AVE @ 202 ST","201 ST","202 ST","EB"
"7201","Queens","2010","8","5","4","30","19","148834","POINT (1051427.2 199299.9)","E/B JAMAICA AVE @ 202 ST","201 ST","202 ST","EB"
"7201","Queens","2010","8","5","4","45","13","148834","POINT (1051427.2 199299.9)","E/B JAMAICA AVE @ 202 ST","201 ST","202 ST","EB"
"7201","Queens","2010","8","5","5","0","19","148834","POINT (1051427.2 199299.9)","E/B JAMAICA AVE @ 202 ST","201 ST","202 ST","EB"
"7201","Queens","2010","8","5","5","15","28","148834","POINT (1051427.2 199299.9)","E/B JAMAICA AVE @ 202 ST","201 ST","202 ST","EB"
"7201","Queens","2010","8","5","5","30","40","148834","POINT (1051427.2 199299.9)","E/B JAMAICA AVE @ 202 ST","201 ST","202 ST","EB"
"7201","Queens","2010","8","5","5","45","28","148834","POINT (1051427.2 199299.9)","E/B JAMAICA AVE @ 202 ST","201 ST","202 ST","EB"
"7201","Queens","2010","8","5","6","0","49","148834","POINT (1051427.2 199299.9)","E/B JAMAICA AVE @ 202 ST","201 ST","202 ST","EB"
"7201","Queens","2010","8","5","6","15","61","148834","POINT (1051427.2 199299.9)","E/B JAMAICA AVE @ 202 ST","201 ST","202 ST","EB"
"7201","Queens","2010","8","5","6","30","72","148834","POINT (1051427.2 199299.9)","E/B JAMAICA AVE @ 202 ST","201 ST","202 ST","EB"
"7201","Queens","2010","8","5","6","45","68","148834","POINT (1051427.2 199299.9)","E/B JAMAICA AVE @ 202 ST","201 ST","202 ST","EB"
"7201","Queens","2010","8","5","7","0","100","148834","POINT (1051427.2 199299.9)","E/B JAMAICA AVE @ 202 ST","201 ST","202 ST","EB"
"7201","Queens","2010","8","5","7","15","100","148834","POINT (1051427.2 199299.9)","E/B JAMAICA AVE @ 202 ST","201 ST","202 ST","EB"
"7201","Queens","2010","8","5","7","30","124","148834","POINT (1051427.2 199299.9)","E/B JAMAICA AVE @ 202 ST","201 ST","202 ST","EB"
"7201","Queens","2010","8","5","7","45","107","148834","POINT (1051427.2 199299.9)","E/B JAMAICA AVE @ 202 ST","201 ST","202 ST","EB"
"7201","Queens","2010","8","5","8","0","136","148834","POINT (1051427.2 199299.9)","E/B JAMAICA AVE @ 202 ST","201 ST","202 ST","EB"
"7201","Queens","2010","8","5","8","15","109","148834","POINT (1051427.2 199299.9)","E/B JAMAICA AVE @ 202 ST","201 ST","202 ST","EB"
"7201","Queens","2010","8","5","8","30","115","148834","POINT (1051427.2 199299.9)","E/B JAMAICA AVE @ 202 ST","201 ST","202 ST","EB"
"7201","Queens","2010","8","5","8","45","121","148834","POINT (1051427.2 199299.9)","E/B JAMAICA AVE @ 202 ST","201 ST","202 ST","EB"
"7201","Queens","2010","8","5","9","0","124","148834","POINT (1051427.2 199299.9)","E/B JAMAICA AVE @ 202 ST","201 ST","202 ST","EB"
"7201","Queens","2010","8","5","9","15","110","148834","POINT (1051427.2 199299.9)","E/B JAMAICA AVE @ 202 ST","201 ST","202 ST","EB"
"7201","Queens","2010","8","5","9","30","111","148834","POINT (1051427.2 199299.9)","E/B JAMAICA AVE @ 202 ST","201 ST","202 ST","EB"
"7201","Queens","2010","8","5","9","45","99","148834","POINT (1051427.2 199299.9)","E/B JAMAICA AVE @ 202 ST","201 ST","202 ST","EB"
"7201","Queens","2010","8","5","10","0","104","148834","POINT (1051427.2 199299.9)","E/B JAMAICA AVE @ 202 ST","201 ST","202 ST","EB"
"7201","Queens","2010","8","5","10","15","118","148834","POINT (1051427.2 199299.9)","E/B JAMAICA AVE @ 202 ST","201 ST","202 ST","EB"
"7201","Queens","2010","8","5","10","30","124","148834","POINT (1051427.2 199299.9)","E/B JAMAICA AVE @ 202 ST","201 ST","202 ST","EB"
"7201","Queens","2010","8","5","10","45","106","148834","POINT (1051427.2 199299.9)","E/B JAMAICA AVE @ 202 ST","201 ST","202 ST","EB"
"7201","Queens","2010","8","5","11","0","112","148834","POINT (1051427.2 199299.9)","E/B JAMAICA AVE @ 202 ST","201 ST","202 ST","EB"
"7201","Queens","2010","8","5","11","15","109","148834","POINT (1051427.2 199299.9)","E/B JAMAICA AVE @ 202 ST","201 ST","202 ST","EB"
"7201","Queens","2010","8","5","11","30","83","148834","POINT (1051427.2 199299.9)","E/B JAMAICA AVE @ 202 ST","201 ST","202 ST","EB"
"7201","Queens","2010","8","5","11","45","128","148834","POINT (1051427.2 199299.9)","E/B JAMAICA AVE @ 202 ST","201 ST","202 ST","EB"
"7201","Queens","2010","8","5","12","0","126","148834","POINT (1051427.2 199299.9)","E/B JAMAICA AVE @ 202 ST","201 ST","202 ST","EB"
"7201","Queens","2010","8","5","12","15","128","148834","POINT (1051427.2 199299.9)","E/B JAMAICA AVE @ 202 ST","201 ST","202 ST","EB"
"7201","Queens","2010","8","5","12","30","116","148834","POINT (1051427.2 199299.9)","E/B JAMAICA AVE @ 202 ST","201 ST","202 ST","EB"
"7201","Queens","2010","8","5","12","45","133","148834","POINT (1051427.2 199299.9)","E/B JAMAICA AVE @ 202 ST","201 ST","202 ST","EB"
"7201","Queens","2010","8","5","13","0","130","148834","POINT (1051427.2 199299.9)","E/B JAMAICA AVE @ 202 ST","201 ST","202 ST","EB"
"7201","Queens","2010","8","5","13","15","140","148834","POINT (1051427.2 199299.9)","E/B JAMAICA AVE @ 202 ST","201 ST","202 ST","EB"
"7201","Queens","2010","8","5","13","30","157","148834","POINT (1051427.2 199299.9)","E/B JAMAICA AVE @ 202 ST","201 ST","202 ST","EB"
"7201","Queens","2010","8","5","13","45","114","148834","POINT (1051427.2 199299.9)","E/B JAMAICA AVE @ 202 ST","201 ST","202 ST","EB"
"7201","Queens","2010","8","5","14","0","137","148834","POINT (1051427.2 199299.9)","E/B JAMAICA AVE @ 202 ST","201 ST","202 ST","EB"
"7201","Queens","2010","8","5","14","15","139","148834","POINT (1051427.2 199299.9)","E/B JAMAICA AVE @ 202 ST","201 ST","202 ST","EB"
"7201","Queens","2010","8","5","14","30","153","148834","POINT (1051427.2 199299.9)","E/B JAMAICA AVE @ 202 ST","201 ST","202 ST","EB"
"9540","Queens","2012","2","23","19","0","218","133487","POINT (1027120 190346.7)","ATLANTIC AVENUE","97 STREET","98 STREET","EB"
"9540","Queens","2012","2","23","19","15","255","133487","POINT (1027120 190346.7)","ATLANTIC AVENUE","97 STREET","98 STREET","EB"
"9540","Queens","2012","2","23","19","30","180","133487","POINT (1027120 190346.7)","ATLANTIC AVENUE","97 STREET","98 STREET","EB"
"9540","Queens","2012","2","23","19","45","204","133487","POINT (1027120 190346.7)","ATLANTIC AVENUE","97 STREET","98 STREET","EB"
"9540","Queens","2012","2","23","20","0","197","133487","POINT (1027120 190346.7)","ATLANTIC AVENUE","97 STREET","98 STREET","EB"
"9540","Queens","2012","2","23","20","15","179","133487","POINT (1027120 190346.7)","ATLANTIC AVENUE","97 STREET","98 STREET","EB"
"9540","Queens","2012","2","23","20","30","136","133487","POINT (1027120 190346.7)","ATLANTIC AVENUE","97 STREET","98 STREET","EB"
"9540","Queens","2012","2","23","20","45","157","133487","POINT (1027120 190346.7)","ATLANTIC AVENUE","97 STREET","98 STREET","EB"
"9540","Queens","2012","2","23","21","0","141","133487","POINT (1027120 190346.7)","ATLANTIC AVENUE","97 STREET","98 STREET","EB"
"9540","Queens","2012","2","23","21","15","140","133487","POINT (1027120 190346.7)","ATLANTIC AVENUE","97 STREET","98 STREET","EB"
"9540","Queens","2012","2","23","21","30","125","133487","POINT (1027120 190346.7)","ATLANTIC AVENUE","97 STREET","98 STREET","EB"
"9540","Queens","2012","2","23","21","45","122","133487","POINT (1027120 190346.7)","ATLANTIC AVENUE","97 STREET","98 STREET","EB"
"9540","Queens","2012","2","23","22","0","123","133487","POINT (1027120 190346.7)","ATLANTIC AVENUE","97 STREET","98 STREET","EB"
"9540","Queens","2012","2","23","22","15","107","133487","POINT (1027120 190346.7)","ATLANTIC AVENUE","97 STREET","98 STREET","EB"
"9540","Queens","2012","2","23","22","30","100","133487","POINT (1027120 190346.7)","ATLANTIC AVENUE","97 STREET","98 STREET","EB"
"9540","Queens","2012","2","23","22","45","93","133487","POINT (1027120 190346.7)","ATLANTIC AVENUE","97 STREET","98 STREET","EB"
"9540","Queens","2012","2","23","23","0","60","133487","POINT (1027120 190346.7)","ATLANTIC AVENUE","97 STREET","98 STREET","EB"
"9540","Queens","2012","2","23","23","15","90","133487","POINT (1027120 190346.7)","ATLANTIC AVENUE","97 STREET","98 STREET","EB"
"9540","Queens","2012","2","23","23","30","91","133487","POINT (1027120 190346.7)","ATLANTIC AVENUE","97 STREET","98 STREET","EB"
"9540","Queens","2012","2","23","23","45","68","133487","POINT (1027120 190346.7)","ATLANTIC AVENUE","97 STREET","98 STREET","EB"
"9540","Queens","2012","2","24","0","0","71","133487","POINT (1027120 190346.7)","ATLANTIC AVENUE","97 STREET","98 STREET","EB"
"9540","Queens","2012","2","24","0","15","55","133487","POINT (1027120 190346.7)","ATLANTIC AVENUE","97 STREET","98 STREET","EB"
"9540","Queens","2012","2","24","0","30","52","133487","POINT (1027120 190346.7)","ATLANTIC AVENUE","97 STREET","98 STREET","EB"
"9540","Queens","2012","2","24","0","45","53","133487","POINT (1027120 190346.7)","ATLANTIC AVENUE","97 STREET","98 STREET","EB"
"9540","Queens","2012","2","24","1","0","32","133487","POINT (1027120 190346.7)","ATLANTIC AVENUE","97 STREET","98 STREET","EB"
"9540","Queens","2012","2","24","1","15","48","133487","POINT (1027120 190346.7)","ATLANTIC AVENUE","97 STREET","98 STREET","EB"
"9540","Queens","2012","2","24","1","30","44","133487","POINT (1027120 190346.7)","ATLANTIC AVENUE","97 STREET","98 STREET","EB"
"9540","Queens","2012","2","24","1","45","29","133487","POINT (1027120 190346.7)","ATLANTIC AVENUE","97 STREET","98 STREET","EB"
"9540","Queens","2012","2","24","2","0","23","133487","POINT (1027120 190346.7)","ATLANTIC AVENUE","97 STREET","98 STREET","EB"
"9540","Queens","2012","2","24","2","15","37","133487","POINT (1027120 190346.7)","ATLANTIC AVENUE","97 STREET","98 STREET","EB"
"9540","Queens","2012","2","24","2","30","22","133487","POINT (1027120 190346.7)","ATLANTIC AVENUE","97 STREET","98 STREET","EB"
"9540","Queens","2012","2","24","2","45","20","133487","POINT (1027120 190346.7)","ATLANTIC AVENUE","97 STREET","98 STREET","EB"
"9540","Queens","2012","2","24","3","0","18","133487","POINT (1027120 190346.7)","ATLANTIC AVENUE","97 STREET","98 STREET","EB"
"9540","Queens","2012","2","24","3","15","16","133487","POINT (1027120 190346.7)","ATLANTIC AVENUE","97 STREET","98 STREET","EB"
"9540","Queens","2012","2","24","3","30","17","133487","POINT (1027120 190346.7)","ATLANTIC AVENUE","97 STREET","98 STREET","EB"
"9540","Queens","2012","2","24","3","45","33","133487","POINT (1027120 190346.7)","ATLANTIC AVENUE","97 STREET","98 STREET","EB"
"9540","Queens","2012","2","24","4","0","23","133487","POINT (1027120 190346.7)","ATLANTIC AVENUE","97 STREET","98 STREET","EB"
"9540","Queens","2012","2","24","4","15","31","133487","POINT (1027120 190346.7)","ATLANTIC AVENUE","97 STREET","98 STREET","EB"
"9540","Queens","2012","2","24","4","30","28","133487","POINT (1027120 190346.7)","ATLANTIC AVENUE","97 STREET","98 STREET","EB"
"9540","Queens","2012","2","24","4","45","27","133487","POINT (1027120 190346.7)","ATLANTIC AVENUE","97 STREET","98 STREET","EB"
"9540","Queens","2012","2","24","5","0","29","133487","POINT (1027120 190346.7)","ATLANTIC AVENUE","97 STREET","98 STREET","EB"
"9540","Queens","2012","2","24","5","15","36","133487","POINT (1027120 190346.7)","ATLANTIC AVENUE","97 STREET","98 STREET","EB"
"9540","Queens","2012","2","24","5","30","42","133487","POINT (1027120 190346.7)","ATLANTIC AVENUE","97 STREET","98 STREET","EB"
"9540","Queens","2012","2","24","5","45","52","133487","POINT (1027120 190346.7)","ATLANTIC AVENUE","97 STREET","98 STREET","EB"
"9540","Queens","2012","2","24","6","0","81","133487","POINT (1027120 190346.7)","ATLANTIC AVENUE","97 STREET","98 STREET","EB"
"9540","Queens","2012","2","24","6","15","72","133487","POINT (1027120 190346.7)","ATLANTIC AVENUE","97 STREET","98 STREET","EB"
"9540","Queens","2012","2","24","6","30","105","133487","POINT (1027120 190346.7)","ATLANTIC AVENUE","97 STREET","98 STREET","EB"
"9540","Queens","2012","2","24","6","45","104","133487","POINT (1027120 190346.7)","ATLANTIC AVENUE","97 STREET","98 STREET","EB"
"9540","Queens","2012","2","24","7","0","140","133487","POINT (1027120 190346.7)","ATLANTIC AVENUE","97 STREET","98 STREET","EB"
"9540","Queens","2012","2","24","7","15","133","133487","POINT (1027120 190346.7)","ATLANTIC AVENUE","97 STREET","98 STREET","EB"
"9540","Queens","2012","2","24","7","30","158","133487","POINT (1027120 190346.7)","ATLANTIC AVENUE","97 STREET","98 STREET","EB"
"9540","Queens","2012","2","24","7","45","150","133487","POINT (1027120 190346.7)","ATLANTIC AVENUE","97 STREET","98 STREET","EB"
"9540","Queens","2012","2","24","8","0","190","133487","POINT (1027120 190346.7)","ATLANTIC AVENUE","97 STREET","98 STREET","EB"
"9540","Queens","2012","2","24","8","15","155","133487","POINT (1027120 190346.7)","ATLANTIC AVENUE","97 STREET","98 STREET","EB"
"9540","Queens","2012","2","24","8","30","178","133487","POINT (1027120 190346.7)","ATLANTIC AVENUE","97 STREET","98 STREET","EB"
"9540","Queens","2012","2","24","8","45","173","133487","POINT (1027120 190346.7)","ATLANTIC AVENUE","97 STREET","98 STREET","EB"
"9540","Queens","2012","2","24","9","0","186","133487","POINT (1027120 190346.7)","ATLANTIC AVENUE","97 STREET","98 STREET","EB"
"9540","Queens","2012","2","24","9","15","155","133487","POINT (1027120 190346.7)","ATLANTIC AVENUE","97 STREET","98 STREET","EB"
"9540","Queens","2012","2","24","9","30","178","133487","POINT (1027120 190346.7)","ATLANTIC AVENUE","97 STREET","98 STREET","EB"
"9540","Queens","2012","2","24","9","45","170","133487","POINT (1027120 190346.7)","ATLANTIC AVENUE","97 STREET","98 STREET","EB"
"9540","Queens","2012","2","24","10","0","146","133487","POINT (1027120 190346.7)","ATLANTIC AVENUE","97 STREET","98 STREET","EB"
"9540","Queens","2012","2","24","10","15","201","133487","POINT (1027120 190346.7)","ATLANTIC AVENUE","97 STREET","98 STREET","EB"
"9540","Queens","2012","2","24","10","30","193","133487","POINT (1027120 190346.7)","ATLANTIC AVENUE","97 STREET","98 STREET","EB"
"9540","Queens","2012","2","24","10","45","179","133487","POINT (1027120 190346.7)","ATLANTIC AVENUE","97 STREET","98 STREET","EB"
"9540","Queens","2012","2","24","11","0","201","133487","POINT (1027120 190346.7)","ATLANTIC AVENUE","97 STREET","98 STREET","EB"
"9540","Queens","2012","2","24","11","15","191","133487","POINT (1027120 190346.7)","ATLANTIC AVENUE","97 STREET","98 STREET","EB"
"9540","Queens","2012","2","24","11","30","182","133487","POINT (1027120 190346.7)","ATLANTIC AVENUE","97 STREET","98 STREET","EB"
"9540","Queens","2012","2","24","11","45","228","133487","POINT (1027120 190346.7)","ATLANTIC AVENUE","97 STREET","98 STREET","EB"
"9540","Queens","2012","2","24","12","0","202","133487","POINT (1027120 190346.7)","ATLANTIC AVENUE","97 STREET","98 STREET","EB"
"9540","Queens","2012","2","24","12","15","217","133487","POINT (1027120 190346.7)","ATLANTIC AVENUE","97 STREET","98 STREET","EB"
"9540","Queens","2012","2","24","12","30","206","133487","POINT (1027120 190346.7)","ATLANTIC AVENUE","97 STREET","98 STREET","EB"
"9540","Queens","2012","2","24","12","45","191","133487","POINT (1027120 190346.7)","ATLANTIC AVENUE","97 STREET","98 STREET","EB"
"9540","Queens","2012","2","24","13","0","224","133487","POINT (1027120 190346.7)","ATLANTIC AVENUE","97 STREET","98 STREET","EB"
"9540","Queens","2012","2","24","13","15","200","133487","POINT (1027120 190346.7)","ATLANTIC AVENUE","97 STREET","98 STREET","EB"
"9540","Queens","2012","2","24","13","30","214","133487","POINT (1027120 190346.7)","ATLANTIC AVENUE","97 STREET","98 STREET","EB"
"9540","Queens","2012","2","24","13","45","215","133487","POINT (1027120 190346.7)","ATLANTIC AVENUE","97 STREET","98 STREET","EB"
"9540","Queens","2012","2","24","14","0","221","133487","POINT (1027120 190346.7)","ATLANTIC AVENUE","97 STREET","98 STREET","EB"
"9540","Queens","2012","2","24","14","15","204","133487","POINT (1027120 190346.7)","ATLANTIC AVENUE","97 STREET","98 STREET","EB"
"9540","Queens","2012","2","24","14","30","213","133487","POINT (1027120 190346.7)","ATLANTIC AVENUE","97 STREET","98 STREET","EB"
"9540","Queens","2012","2","24","14","45","226","133487","POINT (1027120 190346.7)","ATLANTIC AVENUE","97 STREET","98 STREET","EB"
"9540","Queens","2012","2","24","15","0","212","133487","POINT (1027120 190346.7)","ATLANTIC AVENUE","97 STREET","98 STREET","EB"
"9540","Queens","2012","2","24","15","15","264","133487","POINT (1027120 190346.7)","ATLANTIC AVENUE","97 STREET","98 STREET","EB"
"9540","Queens","2012","2","24","15","30","257","133487","POINT (1027120 190346.7)","ATLANTIC AVENUE","97 STREET","98 STREET","EB"
"9540","Queens","2012","2","24","15","45","262","133487","POINT (1027120 190346.7)","ATLANTIC AVENUE","97 STREET","98 STREET","EB"
"9540","Queens","2012","2","24","16","0","245","133487","POINT (1027120 190346.7)","ATLANTIC AVENUE","97 STREET","98 STREET","EB"
"9540","Queens","2012","2","24","16","15","265","133487","POINT (1027120 190346.7)","ATLANTIC AVENUE","97 STREET","98 STREET","EB"
"9540","Queens","2012","2","24","16","30","278","133487","POINT (1027120 190346.7)","ATLANTIC AVENUE","97 STREET","98 STREET","EB"
"9540","Queens","2012","2","24","16","45","261","133487","POINT (1027120 190346.7)","ATLANTIC AVENUE","97 STREET","98 STREET","EB"
"9540","Queens","2012","2","24","17","0","264","133487","POINT (1027120 190346.7)","ATLANTIC AVENUE","97 STREET","98 STREET","EB"
"9540","Queens","2012","2","24","17","15","309","133487","POINT (1027120 190346.7)","ATLANTIC AVENUE","97 STREET","98 STREET","EB"
"9540","Queens","2012","2","24","17","30","262","133487","POINT (1027120 190346.7)","ATLANTIC AVENUE","97 STREET","98 STREET","EB"
"9540","Queens","2012","2","24","17","45","254","133487","POINT (1027120 190346.7)","ATLANTIC AVENUE","97 STREET","98 STREET","EB"
"9540","Queens","2012","2","24","18","0","275","133487","POINT (1027120 190346.7)","ATLANTIC AVENUE","97 STREET","98 STREET","EB"
"9540","Queens","2012","2","24","18","15","302","133487","POINT (1027120 190346.7)","ATLANTIC AVENUE","97 STREET","98 STREET","EB"
"9540","Queens","2012","2","24","18","30","229","133487","POINT (1027120 190346.7)","ATLANTIC AVENUE","97 STREET","98 STREET","EB"
"9540","Queens","2012","2","24","18","45","253","133487","POINT (1027120 190346.7)","ATLANTIC AVENUE","97 STREET","98 STREET","EB"
"9540","Queens","2012","2","24","19","0","246","133487","POINT (1027120 190346.7)","ATLANTIC AVENUE","97 STREET","98 STREET","EB"
"9540","Queens","2012","2","24","19","15","232","133487","POINT (1027120 190346.7)","ATLANTIC AVENUE","97 STREET","98 STREET","EB"
"9540","Queens","2012","2","24","19","30","214","133487","POINT (1027120 190346.7)","ATLANTIC AVENUE","97 STREET","98 STREET","EB"
"9540","Queens","2012","2","24","19","45","199","133487","POINT (1027120 190346.7)","ATLANTIC AVENUE","97 STREET","98 STREET","EB"
"9540","Queens","2012","2","24","20","0","202","133487","POINT (1027120 190346.7)","ATLANTIC AVENUE","97 STREET","98 STREET","EB"
"9540","Queens","2012","2","24","20","15","179","133487","POINT (1027120 190346.7)","ATLANTIC AVENUE","97 STREET","98 STREET","EB"
"9540","Queens","2012","2","24","20","30","165","133487","POINT (1027120 190346.7)","ATLANTIC AVENUE","97 STREET","98 STREET","EB"
"9540","Queens","2012","2","24","20","45","146","133487","POINT (1027120 190346.7)","ATLANTIC AVENUE","97 STREET","98 STREET","EB"
"9540","Queens","2012","2","24","21","0","189","133487","POINT (1027120 190346.7)","ATLANTIC AVENUE","97 STREET","98 STREET","EB"
"36179","Bronx","2023","3","28","18","0","1220","154912","POINT (1016664.2492639996 244818.1278910884)","CROSS BRONX EXPRESSWAY","Cross Bronx Expwy Et 4 A Eb","Dead end","EB"
"36179","Bronx","2023","3","28","18","15","1220","154912","POINT (1016664.2492639996 244818.1278910884)","CROSS BRONX EXPRESSWAY","Cross Bronx Expwy Et 4 A Eb","Dead end","EB"
"36179","Bronx","2023","3","28","18","30","1208","154912","POINT (1016664.2492639996 244818.1278910884)","CROSS BRONX EXPRESSWAY","Cross Bronx Expwy Et 4 A Eb","Dead end","EB"
"36179","Bronx","2023","3","28","18","45","1204","154912","POINT (1016664.2492639996 244818.1278910884)","CROSS BRONX EXPRESSWAY","Cross Bronx Expwy Et 4 A Eb","Dead end","EB"
"36179","Bronx","2023","3","28","19","0","1208","154912","POINT (1016664.2492639996 244818.1278910884)","CROSS BRONX EXPRESSWAY","Cross Bronx Expwy Et 4 A Eb","Dead end","EB"
"36179","Bronx","2023","3","28","19","15","1175","154912","POINT (1016664.2492639996 244818.1278910884)","CROSS BRONX EXPRESSWAY","Cross Bronx Expwy Et 4 A Eb","Dead end","EB"
"36179","Bronx","2023","3","28","19","30","1027","154912","POINT (1016664.2492639996 244818.1278910884)","CROSS BRONX EXPRESSWAY","Cross Bronx Expwy Et 4 A Eb","Dead end","EB"
"36179","Bronx","2023","3","28","19","45","1051","154912","POINT (1016664.2492639996 244818.1278910884)","CROSS BRONX EXPRESSWAY","Cross Bronx Expwy Et 4 A Eb","Dead end","EB"
"36179","Bronx","2023","3","28","20","0","1126","154912","POINT (1016664.2492639996 244818.1278910884)","CROSS BRONX EXPRESSWAY","Cross Bronx Expwy Et 4 A Eb","Dead end","EB"
"36179","Bronx","2023","3","28","20","15","1036","154912","POINT (1016664.2492639996 244818.1278910884)","CROSS BRONX EXPRESSWAY","Cross Bronx Expwy Et 4 A Eb","Dead end","EB"
"36179","Bronx","2023","3","28","20","30","967","154912","POINT (1016664.2492639996 244818.1278910884)","CROSS BRONX EXPRESSWAY","Cross Bronx Expwy Et 4 A Eb","Dead end","EB"
"36179","Bronx","2023","3","28","20","45","1049","154912","POINT (1016664.2492639996 244818.1278910884)","CROSS BRONX EXPRESSWAY","Cross Bronx Expwy Et 4 A Eb","Dead end","EB"
"36179","Bronx","2023","3","28","21","0","923","154912","POINT (1016664.2492639996 244818.1278910884)","CROSS BRONX EXPRESSWAY","Cross Bronx Expwy Et 4 A Eb","Dead end","EB"
"36179","Bronx","2023","3","28","21","15","907","154912","POINT (1016664.2492639996 244818.1278910884)","CROSS BRONX EXPRESSWAY","Cross Bronx Expwy Et 4 A Eb","Dead end","EB"
"36179","Bronx","2023","3","28","21","30","891","154912","POINT (1016664.2492639996 244818.1278910884)","CROSS BRONX EXPRESSWAY","Cross Bronx Expwy Et 4 A Eb","Dead end","EB"
"36179","Bronx","2023","3","28","21","45","841","154912","POINT (1016664.2492639996 244818.1278910884)","CROSS BRONX EXPRESSWAY","Cross Bronx Expwy Et 4 A Eb","Dead end","EB"
"36179","Bronx","2023","3","28","22","0","836","154912","POINT (1016664.2492639996 244818.1278910884)","CROSS BRONX EXPRESSWAY","Cross Bronx Expwy Et 4 A Eb","Dead end","EB"
"36179","Bronx","2023","3","28","22","15","804","154912","POINT (1016664.2492639996 244818.1278910884)","CROSS BRONX EXPRESSWAY","Cross Bronx Expwy Et 4 A Eb","Dead end","EB"
"36179","Bronx","2023","3","28","22","30","691","154912","POINT (1016664.2492639996 244818.1278910884)","CROSS BRONX EXPRESSWAY","Cross Bronx Expwy Et 4 A Eb","Dead end","EB"
"36179","Bronx","2023","3","28","22","45","760","154912","POINT (1016664.2492639996 244818.1278910884)","CROSS BRONX EXPRESSWAY","Cross Bronx Expwy Et 4 A Eb","Dead end","EB"
"36179","Bronx","2023","3","28","23","0","728","154912","POINT (1016664.2492639996 244818.1278910884)","CROSS BRONX EXPRESSWAY","Cross Bronx Expwy Et 4 A Eb","Dead end","EB"
"36179","Bronx","2023","3","28","23","15","679","154912","POINT (1016664.2492639996 244818.1278910884)","CROSS BRONX EXPRESSWAY","Cross Bronx Expwy Et 4 A Eb","Dead end","EB"
"36179","Bronx","2023","3","28","23","30","625","154912","POINT (1016664.2492639996 244818.1278910884)","CROSS BRONX EXPRESSWAY","Cross Bronx Expwy Et 4 A Eb","Dead end","EB"
"36179","Bronx","2023","3","28","23","45","588","154912","POINT (1016664.2492639996 244818.1278910884)","CROSS BRONX EXPRESSWAY","Cross Bronx Expwy Et 4 A Eb","Dead end","EB"
"36179","Bronx","2023","3","29","0","0","603","154912","POINT (1016664.2492639996 244818.1278910884)","CROSS BRONX EXPRESSWAY","Cross Bronx Expwy Et 4 A Eb","Dead end","EB"
"36179","Bronx","2023","3","29","0","15","481","154912","POINT (1016664.2492639996 244818.1278910884)","CROSS BRONX EXPRESSWAY","Cross Bronx Expwy Et 4 A Eb","Dead end","EB"
"36179","Bronx","2023","3","29","0","30","520","154912","POINT (1016664.2492639996 244818.1278910884)","CROSS BRONX EXPRESSWAY","Cross Bronx Expwy Et 4 A Eb","Dead end","EB"
"36179","Bronx","2023","3","29","0","45","443","154912","POINT (1016664.2492639996 244818.1278910884)","CROSS BRONX EXPRESSWAY","Cross Bronx Expwy Et 4 A Eb","Dead end","EB"
"36179","Bronx","2023","3","29","1","0","379","154912","POINT (1016664.2492639996 244818.1278910884)","CROSS BRONX EXPRESSWAY","Cross Bronx Expwy Et 4 A Eb","Dead end","EB"
"36179","Bronx","2023","3","29","1","15","372","154912","POINT (1016664.2492639996 244818.1278910884)","CROSS BRONX EXPRESSWAY","Cross Bronx Expwy Et 4 A Eb","Dead end","EB"
"36179","Bronx","2023","3","29","1","30","329","154912","POINT (1016664.2492639996 244818.1278910884)","CROSS BRONX EXPRESSWAY","Cross Bronx Expwy Et 4 A Eb","Dead end","EB"
"36179","Bronx","2023","3","29","1","45","272","154912","POINT (1016664.2492639996 244818.1278910884)","CROSS BRONX EXPRESSWAY","Cross Bronx Expwy Et 4 A Eb","Dead end","EB"
"36179","Bronx","2023","3","29","2","0","303","154912","POINT (1016664.2492639996 244818.1278910884)","CROSS BRONX EXPRESSWAY","Cross Bronx Expwy Et 4 A Eb","Dead end","EB"
"36179","Bronx","2023","3","29","2","15","297","154912","POINT (1016664.2492639996 244818.1278910884)","CROSS BRONX EXPRESSWAY","Cross Bronx Expwy Et 4 A Eb","Dead end","EB"
"36179","Bronx","2023","3","29","2","30","288","154912","POINT (1016664.2492639996 244818.1278910884)","CROSS BRONX EXPRESSWAY","Cross Bronx Expwy Et 4 A Eb","Dead end","EB"
"36179","Bronx","2023","3","29","2","45","258","154912","POINT (1016664.2492639996 244818.1278910884)","CROSS BRONX EXPRESSWAY","Cross Bronx Expwy Et 4 A Eb","Dead end","EB"
"36179","Bronx","2023","3","29","3","0","287","154912","POINT (1016664.2492639996 244818.1278910884)","CROSS BRONX EXPRESSWAY","Cross Bronx Expwy Et 4 A Eb","Dead end","EB"
"36179","Bronx","2023","3","29","3","15","283","154912","POINT (1016664.2492639996 244818.1278910884)","CROSS BRONX EXPRESSWAY","Cross Bronx Expwy Et 4 A Eb","Dead end","EB"
"36179","Bronx","2023","3","29","3","30","302","154912","POINT (1016664.2492639996 244818.1278910884)","CROSS BRONX EXPRESSWAY","Cross Bronx Expwy Et 4 A Eb","Dead end","EB"
"36179","Bronx","2023","3","29","3","45","295","154912","POINT (1016664.2492639996 244818.1278910884)","CROSS BRONX EXPRESSWAY","Cross Bronx Expwy Et 4 A Eb","Dead end","EB"
"36179","Bronx","2023","3","29","4","0","320","154912","POINT (1016664.2492639996 244818.1278910884)","CROSS BRONX EXPRESSWAY","Cross Bronx Expwy Et 4 A Eb","Dead end","EB"
"36179","Bronx","2023","3","29","4","15","334","154912","POINT (1016664.2492639996 244818.1278910884)","CROSS BRONX EXPRESSWAY","Cross Bronx Expwy Et 4 A Eb","Dead end","EB"
"36179","Bronx","2023","3","29","4","30","500","154912","POINT (1016664.2492639996 244818.1278910884)","CROSS BRONX EXPRESSWAY","Cross Bronx Expwy Et 4 A Eb","Dead end","EB"
"36179","Bronx","2023","3","29","4","45","608","154912","POINT (1016664.2492639996 244818.1278910884)","CROSS BRONX EXPRESSWAY","Cross Bronx Expwy Et 4 A Eb","Dead end","EB"
"36179","Bronx","2023","3","29","5","0","664","154912","POINT (1016664.2492639996 244818.1278910884)","CROSS BRONX EXPRESSWAY","Cross Bronx Expwy Et 4 A Eb","Dead end","EB"
"36179","Bronx","2023","3","29","5","15","719","154912","POINT (1016664.2492639996 244818.1278910884)","CROSS BRONX EXPRESSWAY","Cross Bronx Expwy Et 4 A Eb","Dead end","EB"
"36179","Bronx","2023","3","29","5","30","819","154912","POINT (1016664.2492639996 244818.1278910884)","CROSS BRONX EXPRESSWAY","Cross Bronx Expwy Et 4 A Eb","Dead end","EB"
"36179","Bronx","2023","3","29","5","45","938","154912","POINT (1016664.2492639996 244818.1278910884)","CROSS BRONX EXPRESSWAY","Cross Bronx Expwy Et 4 A Eb","Dead end","EB"
"36179","Bronx","2023","3","29","6","0","1003","154912","POINT (1016664.2492639996 244818.1278910884)","CROSS BRONX EXPRESSWAY","Cross Bronx Expwy Et 4 A Eb","Dead end","EB"
"36179","Bronx","2023","3","29","6","15","996","154912","POINT (1016664.2492639996 244818.1278910884)","CROSS BRONX EXPRESSWAY","Cross Bronx Expwy Et 4 A Eb","Dead end","EB"
"36179","Bronx","2023","3","29","6","30","1046","154912","POINT (1016664.2492639996 244818.1278910884)","CROSS BRONX EXPRESSWAY","Cross Bronx Expwy Et 4 A Eb","Dead end","EB"
"36179","Bronx","2023","3","29","6","45","1072","154912","POINT (1016664.2492639996 244818.1278910884)","CROSS BRONX EXPRESSWAY","Cross Bronx Expwy Et 4 A Eb","Dead end","EB"
"36179","Bronx","2023","3","29","7","0","1035","154912","POINT (1016664.2492639996 244818.1278910884)","CROSS BRONX EXPRESSWAY","Cross Bronx Expwy Et 4 A Eb","Dead end","EB"
"36179","Bronx","2023","3","29","7","15","1043","154912","POINT (1016664.2492639996 244818.1278910884)","CROSS BRONX EXPRESSWAY","Cross Bronx Expwy Et 4 A Eb","Dead end","EB"
"36179","Bronx","2023","3","29","7","30","1117","154912","POINT (1016664.2492639996 244818.1278910884)","CROSS BRONX EXPRESSWAY","Cross Bronx Expwy Et 4 A Eb","Dead end","EB"
"36179","Bronx","2023","3","29","7","45","1165","154912","POINT (1016664.2492639996 244818.1278910884)","CROSS BRONX EXPRESSWAY","Cross Bronx Expwy Et 4 A Eb","Dead end","EB"
"36179","Bronx","2023","3","29","8","0","1052","154912","POINT (1016664.2492639996 244818.1278910884)","CROSS BRONX EXPRESSWAY","Cross Bronx Expwy Et 4 A Eb","Dead end","EB"
"36179","Bronx","2023","3","29","8","15","1128","154912","POINT (1016664.2492639996 244818.1278910884)","CROSS BRONX EXPRESSWAY","Cross Bronx Expwy Et 4 A Eb","Dead end","EB"
"36179","Bronx","2023","3","29","8","30","1087","154912","POINT (1016664.2492639996 244818.1278910884)","CROSS BRONX EXPRESSWAY","Cross Bronx Expwy Et 4 A Eb","Dead end","EB"
"36179","Bronx","2023","3","29","8","45","1084","154912","POINT (1016664.2492639996 244818.1278910884)","CROSS BRONX EXPRESSWAY","Cross Bronx Expwy Et 4 A Eb","Dead end","EB"
"36179","Bronx","2023","3","29","9","0","1071","154912","POINT (1016664.2492639996 244818.1278910884)","CROSS BRONX EXPRESSWAY","Cross Bronx Expwy Et 4 A Eb","Dead end","EB"
"36179","Bronx","2023","3","29","9","15","1052","154912","POINT (1016664.2492639996 244818.1278910884)","CROSS BRONX EXPRESSWAY","Cross Bronx Expwy Et 4 A Eb","Dead end","EB"
"36179","Bronx","2023","3","29","9","30","1024","154912","POINT (1016664.2492639996 244818.1278910884)","CROSS BRONX EXPRESSWAY","Cross Bronx Expwy Et 4 A Eb","Dead end","EB"
"36179","Bronx","2023","3","29","9","45","1049","154912","POINT (1016664.2492639996 244818.1278910884)","CROSS BRONX EXPRESSWAY","Cross Bronx Expwy Et 4 A Eb","Dead end","EB"
"36179","Bronx","2023","3","29","10","0","940","154912","POINT (1016664.2492639996 244818.1278910884)","CROSS BRONX EXPRESSWAY","Cross Bronx Expwy Et 4 A Eb","Dead end","EB"
"36179","Bronx","2023","3","29","10","15","864","154912","POINT (1016664.2492639996 244818.1278910884)","CROSS BRONX EXPRESSWAY","Cross Bronx Expwy Et 4 A Eb","Dead end","EB"
"36179","Bronx","2023","3","29","10","30","1083","154912","POINT (1016664.2492639996 244818.1278910884)","CROSS BRONX EXPRESSWAY","Cross Bronx Expwy Et 4 A Eb","Dead end","EB"
"36179","Bronx","2023","3","29","10","45","1056","154912","POINT (1016664.2492639996 244818.1278910884)","CROSS BRONX EXPRESSWAY","Cross Bronx Expwy Et 4 A Eb","Dead end","EB"
"36179","Bronx","2023","3","29","11","0","1065","154912","POINT (1016664.2492639996 244818.1278910884)","CROSS BRONX EXPRESSWAY","Cross Bronx Expwy Et 4 A Eb","Dead end","EB"
"36179","Bronx","2023","3","29","11","15","1032","154912","POINT (1016664.2492639996 244818.1278910884)","CROSS BRONX EXPRESSWAY","Cross Bronx Expwy Et 4 A Eb","Dead end","EB"
"36179","Bronx","2023","3","29","11","30","1103","154912","POINT (1016664.2492639996 244818.1278910884)","CROSS BRONX EXPRESSWAY","Cross Bronx Expwy Et 4 A Eb","Dead end","EB"
"36179","Bronx","2023","3","29","11","45","959","154912","POINT (1016664.2492639996 244818.1278910884)","CROSS BRONX EXPRESSWAY","Cross Bronx Expwy Et 4 A Eb","Dead end","EB"
"36179","Bronx","2023","3","29","12","0","995","154912","POINT (1016664.2492639996 244818.1278910884)","CROSS BRONX EXPRESSWAY","Cross Bronx Expwy Et 4 A Eb","Dead end","EB"
"36179","Bronx","2023","3","29","12","15","1028","154912","POINT (1016664.2492639996 244818.1278910884)","CROSS BRONX EXPRESSWAY","Cross Bronx Expwy Et 4 A Eb","Dead end","EB"
"36179","Bronx","2023","3","29","12","30","1104","154912","POINT (1016664.2492639996 244818.1278910884)","CROSS BRONX EXPRESSWAY","Cross Bronx Expwy Et 4 A Eb","Dead end","EB"
"36179","Bronx","2023","3","29","12","45","1077","154912","POINT (1016664.2492639996 244818.1278910884)","CROSS BRONX EXPRESSWAY","Cross Bronx Expwy Et 4 A Eb","Dead end","EB"
"36179","Bronx","2023","3","29","13","0","1137","154912","POINT (1016664.2492639996 244818.1278910884)","CROSS BRONX EXPRESSWAY","Cross Bronx Expwy Et 4 A Eb","Dead end","EB"
"36179","Bronx","2023","3","29","13","15","1153","154912","POINT (1016664.2492639996 244818.1278910884)","CROSS BRONX EXPRESSWAY","Cross Bronx Expwy Et 4 A Eb","Dead end","EB"
"36179","Bronx","2023","3","29","13","30","1180","154912","POINT (1016664.2492639996 244818.1278910884)","CROSS BRONX EXPRESSWAY","Cross Bronx Expwy Et 4 A Eb","Dead end","EB"
"36179","Bronx","2023","3","29","13","45","1139","154912","POINT (1016664.2492639996 244818.1278910884)","CROSS BRONX EXPRESSWAY","Cross Bronx Expwy Et 4 A Eb","Dead end","EB"
"36179","Bronx","2023","3","29","14","0","1149","154912","POINT (1016664.2492639996 244818.1278910884)","CROSS BRONX EXPRESSWAY","Cross Bronx Expwy Et 4 A Eb","Dead end","EB"
"36179","Bronx","2023","3","29","14","15","1190","154912","POINT (1016664.2492639996 244818.1278910884)","CROSS BRONX EXPRESSWAY","Cross Bronx Expwy Et 4 A Eb","Dead end","EB"
"36179","Bronx","2023","3","29","14","30","1171","154912","POINT (1016664.2492639996 244818.1278910884)","CROSS BRONX EXPRESSWAY","Cross Bronx Expwy Et 4 A Eb","Dead end","EB"
"36179","Bronx","2023","3","29","14","45","1115","154912","POINT (1016664.2492639996 244818.1278910884)","CROSS BRONX EXPRESSWAY","Cross Bronx Expwy Et 4 A Eb","Dead end","EB"
"36179","Bronx","2023","3","29","15","0","1182","154912","POINT (1016664.2492639996 244818.1278910884)","CROSS BRONX EXPRESSWAY","Cross Bronx Expwy Et 4 A Eb","Dead end","EB"
"36179","Bronx","2023","3","29","15","15","1191","154912","POINT (1016664.2492639996 244818.1278910884)","CROSS BRONX EXPRESSWAY","Cross Bronx Expwy Et 4 A Eb","Dead end","EB"
"36179","Bronx","2023","3","29","15","30","1190","154912","POINT (1016664.2492639996 244818.1278910884)","CROSS BRONX EXPRESSWAY","Cross Bronx Expwy Et 4 A Eb","Dead end","EB"
"36179","Bronx","2023","3","29","15","45","1202","154912","POINT (1016664.2492639996 244818.1278910884)","CROSS BRONX EXPRESSWAY","Cross Bronx Expwy Et 4 A Eb","Dead end","EB"
"36179","Bronx","2023","3","29","16","0","1175","154912","POINT (1016664.2492639996 244818.1278910884)","CROSS BRONX EXPRESSWAY","Cross Bronx Expwy Et 4 A Eb","Dead end","EB"
"36179","Bronx","2023","3","29","16","15","1137","154912","POINT (1016664.2492639996 244818.1278910884)","CROSS BRONX EXPRESSWAY","Cross Bronx Expwy Et 4 A Eb","Dead end","EB"
"36179","Bronx","2023","3","29","16","30","1194","154912","POINT (1016664.2492639996 244818.1278910884)","CROSS BRONX EXPRESSWAY","Cross Bronx Expwy Et 4 A Eb","Dead end","EB"
"36179","Bronx","2023","3","29","16","45","1203","154912","POINT (1016664.2492639996 244818.1278910884)","CROSS BRONX EXPRESSWAY","Cross Bronx Expwy Et 4 A Eb","Dead end","EB"
"36179","Bronx","2023","3","29","17","0","1056","154912","POINT (1016664.2492639996 244818.1278910884)","CROSS BRONX EXPRESSWAY","Cross Bronx Expwy Et 4 A Eb","Dead end","EB"
"36179","Bronx","2023","3","29","17","15","899","154912","POINT (1016664.2492639996 244818.1278910884)","CROSS BRONX EXPRESSWAY","Cross Bronx Expwy Et 4 A Eb","Dead end","EB"
"36179","Bronx","2023","3","29","17","30","866","154912","POINT (1016664.2492639996 244818.1278910884)","CROSS BRONX EXPRESSWAY","Cross Bronx Expwy Et 4 A Eb","Dead end","EB"
"36179","Bronx","2023","3","29","17","45","1013","154912","POINT (1016664.2492639996 244818.1278910884)","CROSS BRONX EXPRESSWAY","Cross Bronx Expwy Et 4 A Eb","Dead end","EB"
"36179","Bronx","2023","3","29","18","0","1217","154912","POINT (1016664.2492639996 244818.1278910884)","CROSS BRONX EXPRESSWAY","Cross Bronx Expwy Et 4 A Eb","Dead end","EB"
"36179","Bronx","2023","3","29","18","15","1235","154912","POINT (1016664.2492639996 244818.1278910884)","CROSS BRONX EXPRESSWAY","Cross Bronx Expwy Et 4 A Eb","Dead end","EB"
"36179","Bronx","2023","3","29","18","30","1264","154912","POINT (1016664.2492639996 244818.1278910884)","CROSS BRONX EXPRESSWAY","Cross Bronx Expwy Et 4 A Eb","Dead end","EB"
"36179","Bronx","2023","3","29","18","45","1224","154912","POINT (1016664.2492639996 244818.1278910884)","CROSS BRONX EXPRESSWAY","Cross Bronx Expwy Et 4 A Eb","Dead end","EB"
"36179","Bronx","2023","3","29","19","0","1213","154912","POINT (1016664.2492639996 244818.1278910884)","CROSS BRONX EXPRESSWAY","Cross Bronx Expwy Et 4 A Eb","Dead end","EB"
"36179","Bronx","2023","3","29","19","15","1202","154912","POINT (1016664.2492639996 244818.1278910884)","CROSS BRONX EXPRESSWAY","Cross Bronx Expwy Et 4 A Eb","Dead end","EB"
"36179","Bronx","2023","3","29","19","30","1202","154912","POINT (1016664.2492639996 244818.1278910884)","CROSS BRONX EXPRESSWAY","Cross Bronx Expwy Et 4 A Eb","Dead end","EB"
"36179","Bronx","2023","3","29","19","45","1139","154912","POINT (1016664.2492639996 244818.1278910884)","CROSS BRONX EXPRESSWAY","Cross Bronx Expwy Et 4 A Eb","Dead end","EB"
"36179","Bronx","2023","3","29","20","0","1058","154912","POINT (1016664.2492639996 244818.1278910884)","CROSS BRONX EXPRESSWAY","Cross Bronx Expwy Et 4 A Eb","Dead end","EB"
"28006","Queens","2018","6","17","22","45","306","147123","POINT (1029480.264085089 217221.322356102)","FLUSHING BRIDGE","Dead End","Flushing River Shoreline","WB"
"28006","Queens","2018","6","17","23","0","313","147123","POINT (1029480.264085089 217221.322356102)","FLUSHING BRIDGE","Dead End","Flushing River Shoreline","WB"
"28006","Queens","2018","6","17","23","15","263","147123","POINT (1029480.264085089 217221.322356102)","FLUSHING BRIDGE","Dead End","Flushing River Shoreline","WB"
"28006","Queens","2018","6","17","23","30","190","147123","POINT (1029480.264085089 217221.322356102)","FLUSHING BRIDGE","Dead End","Flushing River Shoreline","WB"
"28006","Queens","2018","6","17","23","45","159","147123","POINT (1029480.264085089 217221.322356102)","FLUSHING BRIDGE","Dead End","Flushing River Shoreline","WB"
"28006","Queens","2018","6","18","0","0","123","147123","POINT (1029480.264085089 217221.322356102)","FLUSHING BRIDGE","Dead End","Flushing River Shoreline","WB"
"28006","Queens","2018","6","18","0","15","112","147123","POINT (1029480.264085089 217221.322356102)","FLUSHING BRIDGE","Dead End","Flushing River Shoreline","WB"
"28006","Queens","2018","6","18","0","30","105","147123","POINT (1029480.264085089 217221.322356102)","FLUSHING BRIDGE","Dead End","Flushing River Shoreline","WB"
"28006","Queens","2018","6","18","0","45","80","147123","POINT (1029480.264085089 217221.322356102)","FLUSHING BRIDGE","Dead End","Flushing River Shoreline","WB"
"28006","Queens","2018","6","18","1","0","67","147123","POINT (1029480.264085089 217221.322356102)","FLUSHING BRIDGE","Dead End","Flushing River Shoreline","WB"
"28006","Queens","2018","6","18","1","15","69","147123","POINT (1029480.264085089 217221.322356102)","FLUSHING BRIDGE","Dead End","Flushing River Shoreline","WB"
"28006","Queens","2018","6","18","1","30","54","147123","POINT (1029480.264085089 217221.322356102)","FLUSHING BRIDGE","Dead End","Flushing River Shoreline","WB"
"28006","Queens","2018","6","18","1","45","57","147123","POINT (1029480.264085089 217221.322356102)","FLUSHING BRIDGE","Dead End","Flushing River Shoreline","WB"
"28006","Queens","2018","6","18","2","0","50","147123","POINT (1029480.264085089 217221.322356102)","FLUSHING BRIDGE","Dead End","Flushing River Shoreline","WB"
"28006","Queens","2018","6","18","2","15","48","147123","POINT (1029480.264085089 217221.322356102)","FLUSHING BRIDGE","Dead End","Flushing River Shoreline","WB"
"28006","Queens","2018","6","18","2","30","68","147123","POINT (1029480.264085089 217221.322356102)","FLUSHING BRIDGE","Dead End","Flushing River Shoreline","WB"
"28006","Queens","2018","6","18","2","45","44","147123","POINT (1029480.264085089 217221.322356102)","FLUSHING BRIDGE","Dead End","Flushing River Shoreline","WB"
"28006","Queens","2018","6","18","3","0","37","147123","POINT (1029480.264085089 217221.322356102)","FLUSHING BRIDGE","Dead End","Flushing River Shoreline","WB"
"28006","Queens","2018","6","18","3","15","47","147123","POINT (1029480.264085089 217221.322356102)","FLUSHING BRIDGE","Dead End","Flushing River Shoreline","WB"
"28006","Queens","2018","6","18","3","30","60","147123","POINT (1029480.264085089 217221.322356102)","FLUSHING BRIDGE","Dead End","Flushing River Shoreline","WB"
"28006","Queens","2018","6","18","3","45","56","147123","POINT (1029480.264085089 217221.322356102)","FLUSHING BRIDGE","Dead End","Flushing River Shoreline","WB"
"28006","Queens","2018","6","18","4","0","50","147123","POINT (1029480.264085089 217221.322356102)","FLUSHING BRIDGE","Dead End","Flushing River Shoreline","WB"
"28006","Queens","2018","6","18","4","15","78","147123","POINT (1029480.264085089 217221.322356102)","FLUSHING BRIDGE","Dead End","Flushing River Shoreline","WB"
"28006","Queens","2018","6","18","4","30","80","147123","POINT (1029480.264085089 217221.322356102)","FLUSHING BRIDGE","Dead End","Flushing River Shoreline","WB"
"28006","Queens","2018","6","18","4","45","96","147123","POINT (1029480.264085089 217221.322356102)","FLUSHING BRIDGE","Dead End","Flushing River Shoreline","WB"
"28006","Queens","2018","6","18","5","0","133","147123","POINT (1029480.264085089 217221.322356102)","FLUSHING BRIDGE","Dead End","Flushing River Shoreline","WB"
"28006","Queens","2018","6","18","5","15","160","147123","POINT (1029480.264085089 217221.322356102)","FLUSHING BRIDGE","Dead End","Flushing River Shoreline","WB"
"28006","Queens","2018","6","18","5","30","230","147123","POINT (1029480.264085089 217221.322356102)","FLUSHING BRIDGE","Dead End","Flushing River Shoreline","WB"
"28006","Queens","2018","6","18","5","45","321","147123","POINT (1029480.264085089 217221.322356102)","FLUSHING BRIDGE","Dead End","Flushing River Shoreline","WB"
"28006","Queens","2018","6","18","6","0","423","147123","POINT (1029480.264085089 217221.322356102)","FLUSHING BRIDGE","Dead End","Flushing River Shoreline","WB"
"28006","Queens","2018","6","18","6","15","486","147123","POINT (1029480.264085089 217221.322356102)","FLUSHING BRIDGE","Dead End","Flushing River Shoreline","WB"
"28006","Queens","2018","6","18","6","30","539","147123","POINT (1029480.264085089 217221.322356102)","FLUSHING BRIDGE","Dead End","Flushing River Shoreline","WB"
"28006","Queens","2018","6","18","6","45","581","147123","POINT (1029480.264085089 217221.322356102)","FLUSHING BRIDGE","Dead End","Flushing River Shoreline","WB"
"28006","Queens","2018","6","18","7","0","680","147123","POINT (1029480.264085089 217221.322356102)","FLUSHING BRIDGE","Dead End","Flushing River Shoreline","WB"
"28006","Queens","2018","6","18","7","15","619","147123","POINT (1029480.264085089 217221.322356102)","FLUSHING BRIDGE","Dead End","Flushing River Shoreline","WB"
"28006","Queens","2018","6","18","7","30","599","147123","POINT (1029480.264085089 217221.322356102)","FLUSHING BRIDGE","Dead End","Flushing River Shoreline","WB"
"28006","Queens","2018","6","18","7","45","474","147123","POINT (1029480.264085089 217221.322356102)","FLUSHING BRIDGE","Dead End","Flushing River Shoreline","WB"
"28006","Queens","2018","6","18","8","0","545","147123","POINT (1029480.264085089 217221.322356102)","FLUSHING BRIDGE","Dead End","Flushing River Shoreline","WB"
"28006","Queens","2018","6","18","8","15","523","147123","POINT (1029480.264085089 217221.322356102)","FLUSHING BRIDGE","Dead End","Flushing River Shoreline","WB"
"28006","Queens","2018","6","18","8","30","523","147123","POINT (1029480.264085089 217221.322356102)","FLUSHING BRIDGE","Dead End","Flushing River Shoreline","WB"
"28006","Queens","2018","6","18","8","45","436","147123","POINT (1029480.264085089 217221.322356102)","FLUSHING BRIDGE","Dead End","Flushing River Shoreline","WB"
"28006","Queens","2018","6","18","9","0","476","147123","POINT (1029480.264085089 217221.322356102)","FLUSHING BRIDGE","Dead End","Flushing River Shoreline","WB"
"28006","Queens","2018","6","18","9","15","403","147123","POINT (1029480.264085089 217221.322356102)","FLUSHING BRIDGE","Dead End","Flushing River Shoreline","WB"
"28006","Queens","2018","6","18","9","30","390","147123","POINT (1029480.264085089 217221.322356102)","FLUSHING BRIDGE","Dead End","Flushing River Shoreline","WB"
"28006","Queens","2018","6","18","9","45","374","147123","POINT (1029480.264085089 217221.322356102)","FLUSHING BRIDGE","Dead End","Flushing River Shoreline","WB"
"28006","Queens","2018","6","18","10","0","375","147123","POINT (1029480.264085089 217221.322356102)","FLUSHING BRIDGE","Dead End","Flushing River Shoreline","WB"
"28006","Queens","2018","6","18","10","15","392","147123","POINT (1029480.264085089 217221.322356102)","FLUSHING BRIDGE","Dead End","Flushing River Shoreline","WB"
"28006","Queens","2018","6","18","10","30","414","147123","POINT (1029480.264085089 217221.322356102)","FLUSHING BRIDGE","Dead End","Flushing River Shoreline","WB"
"28006","Queens","2018","6","18","10","45","376","147123","POINT (1029480.264085089 217221.322356102)","FLUSHING BRIDGE","Dead End","Flushing River Shoreline","WB"
"28006","Queens","2018","6","18","11","0","346","147123","POINT (1029480.264085089 217221.322356102)","FLUSHING BRIDGE","Dead End","Flushing River Shoreline","WB"
"28006","Queens","2018","6","18","11","15","349","147123","POINT (1029480.264085089 217221.322356102)","FLUSHING BRIDGE","Dead End","Flushing River Shoreline","WB"
"28006","Queens","2018","6","18","11","30","366","147123","POINT (1029480.264085089 217221.322356102)","FLUSHING BRIDGE","Dead End","Flushing River Shoreline","WB"
"28006","Queens","2018","6","18","11","45","352","147123","POINT (1029480.264085089 217221.322356102)","FLUSHING BRIDGE","Dead End","Flushing River Shoreline","WB"
"28006","Queens","2018","6","18","12","0","349","147123","POINT (1029480.264085089 217221.322356102)","FLUSHING BRIDGE","Dead End","Flushing River Shoreline","WB"
"28006","Queens","2018","6","18","12","15","364","147123","POINT (1029480.264085089 217221.322356102)","FLUSHING BRIDGE","Dead End","Flushing River Shoreline","WB"
"28006","Queens","2018","6","18","12","30","392","147123","POINT (1029480.264085089 217221.322356102)","FLUSHING BRIDGE","Dead End","Flushing River Shoreline","WB"
"28006","Queens","2018","6","18","12","45","405","147123","POINT (1029480.264085089 217221.322356102)","FLUSHING BRIDGE","Dead End","Flushing River Shoreline","WB"
"28006","Queens","2018","6","18","13","0","392","147123","POINT (1029480.264085089 217221.322356102)","FLUSHING BRIDGE","Dead End","Flushing River Shoreline","WB"
"28006","Queens","2018","6","18","13","15","398","147123","POINT (1029480.264085089 217221.322356102)","FLUSHING BRIDGE","Dead End","Flushing River Shoreline","WB"
"28006","Queens","2018","6","18","13","30","407","147123","POINT (1029480.264085089 217221.322356102)","FLUSHING BRIDGE","Dead End","Flushing River Shoreline","WB"
"28006","Queens","2018","6","18","13","45","362","147123","POINT (1029480.264085089 217221.322356102)","FLUSHING BRIDGE","Dead End","Flushing River Shoreline","WB"
"28006","Queens","2018","6","18","14","0","390","147123","POINT (1029480.264085089 217221.322356102)","FLUSHING BRIDGE","Dead End","Flushing River Shoreline","WB"
"28006","Queens","2018","6","18","14","15","370","147123","POINT (1029480.264085089 217221.322356102)","FLUSHING BRIDGE","Dead End","Flushing River Shoreline","WB"
"28006","Queens","2018","6","18","14","30","377","147123","POINT (1029480.264085089 217221.322356102)","FLUSHING BRIDGE","Dead End","Flushing River Shoreline","WB"
"28006","Queens","2018","6","18","14","45","370","147123","POINT (1029480.264085089 217221.322356102)","FLUSHING BRIDGE","Dead End","Flushing River Shoreline","WB"
"28006","Queens","2018","6","18","15","0","420","147123","POINT (1029480.264085089 217221.322356102)","FLUSHING BRIDGE","Dead End","Flushing River Shoreline","WB"
"28006","Queens","2018","6","18","15","15","409","147123","POINT (1029480.264085089 217221.322356102)","FLUSHING BRIDGE","Dead End","Flushing River Shoreline","WB"
"28006","Queens","2018","6","18","15","30","356","147123","POINT (1029480.264085089 217221.322356102)","FLUSHING BRIDGE","Dead End","Flushing River Shoreline","WB"
"28006","Queens","2018","6","18","15","45","379","147123","POINT (1029480.264085089 217221.322356102)","FLUSHING BRIDGE","Dead End","Flushing River Shoreline","WB"
"28006","Queens","2018","6","18","16","0","322","147123","POINT (1029480.264085089 217221.322356102)","FLUSHING BRIDGE","Dead End","Flushing River Shoreline","WB"
"28006","Queens","2018","6","18","16","15","344","147123","POINT (1029480.264085089 217221.322356102)","FLUSHING BRIDGE","Dead End","Flushing River Shoreline","WB"
"28006","Queens","2018","6","18","16","30","320","147123","POINT (1029480.264085089 217221.322356102)","FLUSHING BRIDGE","Dead End","Flushing River Shoreline","WB"
"28006","Queens","2018","6","18","16","45","292","147123","POINT (1029480.264085089 217221.322356102)","FLUSHING BRIDGE","Dead End","Flushing River Shoreline","WB"
"28006","Queens","2018","6","18","17","0","352","147123","POINT (1029480.264085089 217221.322356102)","FLUSHING BRIDGE","Dead End","Flushing River Shoreline","WB"
"28006","Queens","2018","6","18","17","15","379","147123","POINT (1029480.264085089 217221.322356102)","FLUSHING BRIDGE","Dead End","Flushing River Shoreline","WB"
"28006","Queens","2018","6","18","17","30","397","147123","POINT (1029480.264085089 217221.322356102)","FLUSHING BRIDGE","Dead End","Flushing River Shoreline","WB"
"28006","Queens","2018","6","18","17","45","403","147123","POINT (1029480.264085089 217221.322356102)","FLUSHING BRIDGE","Dead End","Flushing River Shoreline","WB"
"28006","Queens","2018","6","18","18","0","370","147123","POINT (1029480.264085089 217221.322356102)","FLUSHING BRIDGE","Dead End","Flushing River Shoreline","WB"
"28006","Queens","2018","6","18","18","15","360","147123","POINT (1029480.264085089 217221.322356102)","FLUSHING BRIDGE","Dead End","Flushing River Shoreline","WB"
"28006","Queens","2018","6","18","18","30","346","147123","POINT (1029480.264085089 217221.322356102)","FLUSHING BRIDGE","Dead End","Flushing River Shoreline","WB"
"28006","Queens","2018","6","18","18","45","296","147123","POINT (1029480.264085089 217221.322356102)","FLUSHING BRIDGE","Dead End","Flushing River Shoreline","WB"
"28006","Queens","2018","6","18","19","0","349","147123","POINT (1029480.264085089 217221.322356102)","FLUSHING BRIDGE","Dead End","Flushing River Shoreline","WB"
"28006","Queens","2018","6","18","19","15","303","147123","POINT (1029480.264085089 217221.322356102)","FLUSHING BRIDGE","Dead End","Flushing River Shoreline","WB"
"28006","Queens","2018","6","18","19","30","341","147123","POINT (1029480.264085089 217221.322356102)","FLUSHING BRIDGE","Dead End","Flushing River Shoreline","WB"
"28006","Queens","2018","6","18","19","45","324","147123","POINT (1029480.264085089 217221.322356102)","FLUSHING BRIDGE","Dead End","Flushing River Shoreline","WB"
"28006","Queens","2018","6","18","20","0","324","147123","POINT (1029480.264085089 217221.322356102)","FLUSHING BRIDGE","Dead End","Flushing River Shoreline","WB"
"28006","Queens","2018","6","18","20","15","303","147123","POINT (1029480.264085089 217221.322356102)","FLUSHING BRIDGE","Dead End","Flushing River Shoreline","WB"
"28006","Queens","2018","6","18","20","30","282","147123","POINT (1029480.264085089 217221.322356102)","FLUSHING BRIDGE","Dead End","Flushing River Shoreline","WB"
"28006","Queens","2018","6","18","20","45","281","147123","POINT (1029480.264085089 217221.322356102)","FLUSHING BRIDGE","Dead End","Flushing River Shoreline","WB"
"28006","Queens","2018","6","18","21","0","311","147123","POINT (1029480.264085089 217221.322356102)","FLUSHING BRIDGE","Dead End","Flushing River Shoreline","WB"
"28006","Queens","2018","6","18","21","15","276","147123","POINT (1029480.264085089 217221.322356102)","FLUSHING BRIDGE","Dead End","Flushing River Shoreline","WB"
"28006","Queens","2018","6","18","21","30","247","147123","POINT (1029480.264085089 217221.322356102)","FLUSHING BRIDGE","Dead End","Flushing River Shoreline","WB"
"28006","Queens","2018","6","18","21","45","264","147123","POINT (1029480.264085089 217221.322356102)","FLUSHING BRIDGE","Dead End","Flushing River Shoreline","WB"
"28006","Queens","2018","6","18","22","0","280","147123","POINT (1029480.264085089 217221.322356102)","FLUSHING BRIDGE","Dead End","Flushing River Shoreline","WB"
"28006","Queens","2018","6","18","22","15","239","147123","POINT (1029480.264085089 217221.322356102)","FLUSHING BRIDGE","Dead End","Flushing River Shoreline","WB"
"28006","Queens","2018","6","18","22","30","203","147123","POINT (1029480.264085089 217221.322356102)","FLUSHING BRIDGE","Dead End","Flushing River Shoreline","WB"
"28006","Queens","2018","6","18","22","45","212","147123","POINT (1029480.264085089 217221.322356102)","FLUSHING BRIDGE","Dead End","Flushing River Shoreline","WB"
"28006","Queens","2018","6","18","23","0","237","147123","POINT (1029480.264085089 217221.322356102)","FLUSHING BRIDGE","Dead End","Flushing River Shoreline","WB"
"28006","Queens","2018","6","18","23","15","160","147123","POINT (1029480.264085089 217221.322356102)","FLUSHING BRIDGE","Dead End","Flushing River Shoreline","WB"
"28006","Queens","2018","6","18","23","30","151","147123","POINT (1029480.264085089 217221.322356102)","FLUSHING BRIDGE","Dead End","Flushing River Shoreline","WB"
"28006","Queens","2018","6","18","23","45","131","147123","POINT (1029480.264085089 217221.322356102)","FLUSHING BRIDGE","Dead End","Flushing River Shoreline","WB"
"28006","Queens","2018","6","19","0","0","125","147123","POINT (1029480.264085089 217221.322356102)","FLUSHING BRIDGE","Dead End","Flushing River Shoreline","WB"
"28006","Queens","2018","6","19","0","15","99","147123","POINT (1029480.264085089 217221.322356102)","FLUSHING BRIDGE","Dead End","Flushing River Shoreline","WB"
"28006","Queens","2018","6","19","0","30","78","147123","POINT (1029480.264085089 217221.322356102)","FLUSHING BRIDGE","Dead End","Flushing River Shoreline","WB"
"28006","Queens","2018","6","19","0","45","96","147123","POINT (1029480.264085089 217221.322356102)","FLUSHING BRIDGE","Dead End","Flushing River Shoreline","WB"
"38348","Brooklyn","2024","12","8","23","45","32","31164","POINT (998598.4384119379 190892.04546777921)","MARCY AVENUE","Lafayette Avenue","Kosciuszko Street","NB"
"38348","Brooklyn","2024","12","9","0","0","40","31164","POINT (998598.4384119379 190892.04546777921)","MARCY AVENUE","Lafayette Avenue","Kosciuszko Street","NB"
"38348","Brooklyn","2024","12","9","0","15","18","31164","POINT (998598.4384119379 190892.04546777921)","MARCY AVENUE","Lafayette Avenue","Kosciuszko Street","NB"
"38348","Brooklyn","2024","12","9","0","30","27","31164","POINT (998598.4384119379 190892.04546777921)","MARCY AVENUE","Lafayette Avenue","Kosciuszko Street","NB"
"38348","Brooklyn","2024","12","9","0","45","19","31164","POINT (998598.4384119379 190892.04546777921)","MARCY AVENUE","Lafayette Avenue","Kosciuszko Street","NB"
"38348","Brooklyn","2024","12","9","1","0","21","31164","POINT (998598.4384119379 190892.04546777921)","MARCY AVENUE","Lafayette Avenue","Kosciuszko Street","NB"
"38348","Brooklyn","2024","12","9","1","15","16","31164","POINT (998598.4384119379 190892.04546777921)","MARCY AVENUE","Lafayette Avenue","Kosciuszko Street","NB"
"38348","Brooklyn","2024","12","9","1","30","16","31164","POINT (998598.4384119379 190892.04546777921)","MARCY AVENUE","Lafayette Avenue","Kosciuszko Street","NB"
"38348","Brooklyn","2024","12","9","1","45","17","31164","POINT (998598.4384119379 190892.04546777921)","MARCY AVENUE","Lafayette Avenue","Kosciuszko Street","NB"
"38348","Brooklyn","2024","12","9","2","0","17","31164","POINT (998598.4384119379 190892.04546777921)","MARCY AVENUE","Lafayette Avenue","Kosciuszko Street","NB"
"38348","Brooklyn","2024","12","9","2","15","16","31164","POINT (998598.4384119379 190892.04546777921)","MARCY AVENUE","Lafayette Avenue","Kosciuszko Street","NB"
"38348","Brooklyn","2024","12","9","2","30","14","31164","POINT (998598.4384119379 190892.04546777921)","MARCY AVENUE","Lafayette Avenue","Kosciuszko Street","NB"
"38348","Brooklyn","2024","12","9","2","45","10","31164","POINT (998598.4384119379 190892.04546777921)","MARCY AVENUE","Lafayette Avenue","Kosciuszko Street","NB"
"38348","Brooklyn","2024","12","9","3","0","13","31164","POINT (998598.4384119379 190892.04546777921)","MARCY AVENUE","Lafayette Avenue","Kosciuszko Street","NB"
"38348","Brooklyn","2024","12","9","3","15","18","31164","POINT (998598.4384119379 190892.04546777921)","MARCY AVENUE","Lafayette Avenue","Kosciuszko Street","NB"
"38348","Brooklyn","2024","12","9","3","30","18","31164","POINT (998598.4384119379 190892.04546777921)","MARCY AVENUE","Lafayette Avenue","Kosciuszko Street","NB"
"38348","Brooklyn","2024","12","9","3","45","25","31164","POINT (998598.4384119379 190892.04546777921)","MARCY AVENUE","Lafayette Avenue","Kosciuszko Street","NB"
"38348","Brooklyn","2024","12","9","4","0","14","31164","POINT (998598.4384119379 190892.04546777921)","MARCY AVENUE","Lafayette Avenue","Kosciuszko Street","NB"
"38348","Brooklyn","2024","12","9","4","15","31","31164","POINT (998598.4384119379 190892.04546777921)","MARCY AVENUE","Lafayette Avenue","Kosciuszko Street","NB"
"38348","Brooklyn","2024","12","9","4","30","32","31164","POINT (998598.4384119379 190892.04546777921)","MARCY AVENUE","Lafayette Avenue","Kosciuszko Street","NB"
"38348","Brooklyn","2024","12","9","4","45","29","31164","POINT (998598.4384119379 190892.04546777921)","MARCY AVENUE","Lafayette Avenue","Kosciuszko Street","NB"
"38348","Brooklyn","2024","12","9","5","0","43","31164","POINT (998598.4384119379 190892.04546777921)","MARCY AVENUE","Lafayette Avenue","Kosciuszko Street","NB"
"38348","Brooklyn","2024","12","9","5","15","61","31164","POINT (998598.4384119379 190892.04546777921)","MARCY AVENUE","Lafayette Avenue","Kosciuszko Street","NB"
"38348","Brooklyn","2024","12","9","5","30","85","31164","POINT (998598.4384119379 190892.04546777921)","MARCY AVENUE","Lafayette Avenue","Kosciuszko Street","NB"
"38348","Brooklyn","2024","12","9","5","45","91","31164","POINT (998598.4384119379 190892.04546777921)","MARCY AVENUE","Lafayette Avenue","Kosciuszko Street","NB"
"38348","Brooklyn","2024","12","9","6","0","108","31164","POINT (998598.4384119379 190892.04546777921)","MARCY AVENUE","Lafayette Avenue","Kosciuszko Street","NB"
"38348","Brooklyn","2024","12","9","6","15","125","31164","POINT (998598.4384119379 190892.04546777921)","MARCY AVENUE","Lafayette Avenue","Kosciuszko Street","NB"
"38348","Brooklyn","2024","12","9","6","30","122","31164","POINT (998598.4384119379 190892.04546777921)","MARCY AVENUE","Lafayette Avenue","Kosciuszko Street","NB"
"38348","Brooklyn","2024","12","9","6","45","144","31164","POINT (998598.4384119379 190892.04546777921)","MARCY AVENUE","Lafayette Avenue","Kosciuszko Street","NB"
"38348","Brooklyn","2024","12","9","7","0","143","31164","POINT (998598.4384119379 190892.04546777921)","MARCY AVENUE","Lafayette Avenue","Kosciuszko Street","NB"
"38348","Brooklyn","2024","12","9","7","15","143","31164","POINT (998598.4384119379 190892.04546777921)","MARCY AVENUE","Lafayette Avenue","Kosciuszko Street","NB"
"38348","Brooklyn","2024","12","9","7","30","125","31164","POINT (998598.4384119379 190892.04546777921)","MARCY AVENUE","Lafayette Avenue","Kosciuszko Street","NB"
"38348","Brooklyn","2024","12","9","7","45","147","31164","POINT (998598.4384119379 190892.04546777921)","MARCY AVENUE","Lafayette Avenue","Kosciuszko Street","NB"
"38348","Brooklyn","2024","12","9","8","0","123","31164","POINT (998598.4384119379 190892.04546777921)","MARCY AVENUE","Lafayette Avenue","Kosciuszko Street","NB"
"38348","Brooklyn","2024","12","9","8","15","104","31164","POINT (998598.4384119379 190892.04546777921)","MARCY AVENUE","Lafayette Avenue","Kosciuszko Street","NB"
"38348","Brooklyn","2024","12","9","8","30","113","31164","POINT (998598.4384119379 190892.04546777921)","MARCY AVENUE","Lafayette Avenue","Kosciuszko Street","NB"
"38348","Brooklyn","2024","12","9","8","45","115","31164","POINT (998598.4384119379 190892.04546777921)","MARCY AVENUE","Lafayette Avenue","Kosciuszko Street","NB"
"38348","Brooklyn","2024","12","9","9","0","96","31164","POINT (998598.4384119379 190892.04546777921)","MARCY AVENUE","Lafayette Avenue","Kosciuszko Street","NB"
"38348","Brooklyn","2024","12","9","9","15","101","31164","POINT (998598.4384119379 190892.04546777921)","MARCY AVENUE","Lafayette Avenue","Kosciuszko Street","NB"
"38348","Brooklyn","2024","12","9","9","30","108","31164","POINT (998598.4384119379 190892.04546777921)","MARCY AVENUE","Lafayette Avenue","Kosciuszko Street","NB"
"38348","Brooklyn","2024","12","9","9","45","90","31164","POINT (998598.4384119379 190892.04546777921)","MARCY AVENUE","Lafayette Avenue","Kosciuszko Street","NB"
"38348","Brooklyn","2024","12","9","10","0","110","31164","POINT (998598.4384119379 190892.04546777921)","MARCY AVENUE","Lafayette Avenue","Kosciuszko Street","NB"
"38348","Brooklyn","2024","12","9","10","15","96","31164","POINT (998598.4384119379 190892.04546777921)","MARCY AVENUE","Lafayette Avenue","Kosciuszko Street","NB"
"38348","Brooklyn","2024","12","9","10","30","93","31164","POINT (998598.4384119379 190892.04546777921)","MARCY AVENUE","Lafayette Avenue","Kosciuszko Street","NB"
"38348","Brooklyn","2024","12","9","10","45","106","31164","POINT (998598.4384119379 190892.04546777921)","MARCY AVENUE","Lafayette Avenue","Kosciuszko Street","NB"
"38348","Brooklyn","2024","12","9","11","0","102","31164","POINT (998598.4384119379 190892.04546777921)","MARCY AVENUE","Lafayette Avenue","Kosciuszko Street","NB"
"38348","Brooklyn","2024","12","9","11","15","107","31164","POINT (998598.4384119379 190892.04546777921)","MARCY AVENUE","Lafayette Avenue","Kosciuszko Street","NB"
"38348","Brooklyn","2024","12","9","11","30","108","31164","POINT (998598.4384119379 190892.04546777921)","MARCY AVENUE","Lafayette Avenue","Kosciuszko Street","NB"
"38348","Brooklyn","2024","12","9","11","45","112","31164","POINT (998598.4384119379 190892.04546777921)","MARCY AVENUE","Lafayette Avenue","Kosciuszko Street","NB"
"38348","Brooklyn","2024","12","9","12","0","115","31164","POINT (998598.4384119379 190892.04546777921)","MARCY AVENUE","Lafayette Avenue","Kosciuszko Street","NB"
"38348","Brooklyn","2024","12","9","12","15","105","31164","POINT (998598.4384119379 190892.04546777921)","MARCY AVENUE","Lafayette Avenue","Kosciuszko Street","NB"
"38348","Brooklyn","2024","12","9","12","30","131","31164","POINT (998598.4384119379 190892.04546777921)","MARCY AVENUE","Lafayette Avenue","Kosciuszko Street","NB"
"38348","Brooklyn","2024","12","9","12","45","122","31164","POINT (998598.4384119379 190892.04546777921)","MARCY AVENUE","Lafayette Avenue","Kosciuszko Street","NB"
"38348","Brooklyn","2024","12","9","13","0","116","31164","POINT (998598.4384119379 190892.04546777921)","MARCY AVENUE","Lafayette Avenue","Kosciuszko Street","NB"
"38348","Brooklyn","2024","12","9","13","15","95","31164","POINT (998598.4384119379 190892.04546777921)","MARCY AVENUE","Lafayette Avenue","Kosciuszko Street","NB"
"38348","Brooklyn","2024","12","9","13","30","103","31164","POINT (998598.4384119379 190892.04546777921)","MARCY AVENUE","Lafayette Avenue","Kosciuszko Street","NB"
"38348","Brooklyn","2024","12","9","13","45","77","31164","POINT (998598.4384119379 190892.04546777921)","MARCY AVENUE","Lafayette Avenue","Kosciuszko Street","NB"
"38348","Brooklyn","2024","12","9","14","0","80","31164","POINT (998598.4384119379 190892.04546777921)","MARCY AVENUE","Lafayette Avenue","Kosciuszko Street","NB"
"38348","Brooklyn","2024","12","9","14","15","73","31164","POINT (998598.4384119379 190892.04546777921)","MARCY AVENUE","Lafayette Avenue","Kosciuszko Street","NB"
"38348","Brooklyn","2024","12","9","14","30","77","31164","POINT (998598.4384119379 190892.04546777921)","MARCY AVENUE","Lafayette Avenue","Kosciuszko Street","NB"
"38348","Brooklyn","2024","12","9","14","45","101","31164","POINT (998598.4384119379 190892.04546777921)","MARCY AVENUE","Lafayette Avenue","Kosciuszko Street","NB"
"38348","Brooklyn","2024","12","9","15","0","94","31164","POINT (998598.4384119379 190892.04546777921)","MARCY AVENUE","Lafayette Avenue","Kosciuszko Street","NB"
"38348","Brooklyn","2024","12","9","15","15","99","31164","POINT (998598.4384119379 190892.04546777921)","MARCY AVENUE","Lafayette Avenue","Kosciuszko Street","NB"
"38348","Brooklyn","2024","12","9","15","30","106","31164","POINT (998598.4384119379 190892.04546777921)","MARCY AVENUE","Lafayette Avenue","Kosciuszko Street","NB"
"38348","Brooklyn","2024","12","9","15","45","122","31164","POINT (998598.4384119379 190892.04546777921)","MARCY AVENUE","Lafayette Avenue","Kosciuszko Street","NB"
"38348","Brooklyn","2024","12","9","16","0","125","31164","POINT (998598.4384119379 190892.04546777921)","MARCY AVENUE","Lafayette Avenue","Kosciuszko Street","NB"
"38348","Brooklyn","2024","12","9","16","15","108","31164","POINT (998598.4384119379 190892.04546777921)","MARCY AVENUE","Lafayette Avenue","Kosciuszko Street","NB"
"38348","Brooklyn","2024","12","9","16","30","137","31164","POINT (998598.4384119379 190892.04546777921)","MARCY AVENUE","Lafayette Avenue","Kosciuszko Street","NB"
"38348","Brooklyn","2024","12","9","16","45","125","31164","POINT (998598.4384119379 190892.04546777921)","MARCY AVENUE","Lafayette Avenue","Kosciuszko Street","NB"
"38348","Brooklyn","2024","12","9","17","0","126","31164","POINT (998598.4384119379 190892.04546777921)","MARCY AVENUE","Lafayette Avenue","Kosciuszko Street","NB"
"38348","Brooklyn","2024","12","9","17","15","130","31164","POINT (998598.4384119379 190892.04546777921)","MARCY AVENUE","Lafayette Avenue","Kosciuszko Street","NB"
"38348","Brooklyn","2024","12","9","17","30","123","31164","POINT (998598.4384119379 190892.04546777921)","MARCY AVENUE","Lafayette Avenue","Kosciuszko Street","NB"
"38348","Brooklyn","2024","12","9","17","45","108","31164","POINT (998598.4384119379 190892.04546777921)","MARCY AVENUE","Lafayette Avenue","Kosciuszko Street","NB"
"38348","Brooklyn","2024","12","9","18","0","104","31164","POINT (998598.4384119379 190892.04546777921)","MARCY AVENUE","Lafayette Avenue","Kosciuszko Street","NB"
"38348","Brooklyn","2024","12","9","18","15","121","31164","POINT (998598.4384119379 190892.04546777921)","MARCY AVENUE","Lafayette Avenue","Kosciuszko Street","NB"
"38348","Brooklyn","2024","12","9","18","30","105","31164","POINT (998598.4384119379 190892.04546777921)","MARCY AVENUE","Lafayette Avenue","Kosciuszko Street","NB"
"38348","Brooklyn","2024","12","9","18","45","97","31164","POINT (998598.4384119379 190892.04546777921)","MARCY AVENUE","Lafayette Avenue","Kosciuszko Street","NB"
"38348","Brooklyn","2024","12","9","19","0","83","31164","POINT (998598.4384119379 190892.04546777921)","MARCY AVENUE","Lafayette Avenue","Kosciuszko Street","NB"
"38348","Brooklyn","2024","12","9","19","15","87","31164","POINT (998598.4384119379 190892.04546777921)","MARCY AVENUE","Lafayette Avenue","Kosciuszko Street","NB"
"38348","Brooklyn","2024","12","9","19","30","67","31164","POINT (998598.4384119379 190892.04546777921)","MARCY AVENUE","Lafayette Avenue","Kosciuszko Street","NB"
"38348","Brooklyn","2024","12","9","19","45","67","31164","POINT (998598.4384119379 190892.04546777921)","MARCY AVENUE","Lafayette Avenue","Kosciuszko Street","NB"
"38348","Brooklyn","2024","12","9","20","0","70","31164","POINT (998598.4384119379 190892.04546777921)","MARCY AVENUE","Lafayette Avenue","Kosciuszko Street","NB"
"38348","Brooklyn","2024","12","9","20","15","61","31164","POINT (998598.4384119379 190892.04546777921)","MARCY AVENUE","Lafayette Avenue","Kosciuszko Street","NB"
"38348","Brooklyn","2024","12","9","20","30","77","31164","POINT (998598.4384119379 190892.04546777921)","MARCY AVENUE","Lafayette Avenue","Kosciuszko Street","NB"
"38348","Brooklyn","2024","12","9","20","45","75","31164","POINT (998598.4384119379 190892.04546777921)","MARCY AVENUE","Lafayette Avenue","Kosciuszko Street","NB"
"38348","Brooklyn","2024","12","9","21","0","86","31164","POINT (998598.4384119379 190892.04546777921)","MARCY AVENUE","Lafayette Avenue","Kosciuszko Street","NB"
"38348","Brooklyn","2024","12","9","21","15","94","31164","POINT (998598.4384119379 190892.04546777921)","MARCY AVENUE","Lafayette Avenue","Kosciuszko Street","NB"
"38348","Brooklyn","2024","12","9","21","30","90","31164","POINT (998598.4384119379 190892.04546777921)","MARCY AVENUE","Lafayette Avenue","Kosciuszko Street","NB"
"38348","Brooklyn","2024","12","9","21","45","89","31164","POINT (998598.4384119379 190892.04546777921)","MARCY AVENUE","Lafayette Avenue","Kosciuszko Street","NB"
"38348","Brooklyn","2024","12","9","22","0","84","31164","POINT (998598.4384119379 190892.04546777921)","MARCY AVENUE","Lafayette Avenue","Kosciuszko Street","NB"
"38348","Brooklyn","2024","12","9","22","15","75","31164","POINT (998598.4384119379 190892.04546777921)","MARCY AVENUE","Lafayette Avenue","Kosciuszko Street","NB"
"38348","Brooklyn","2024","12","9","22","30","57","31164","POINT (998598.4384119379 190892.04546777921)","MARCY AVENUE","Lafayette Avenue","Kosciuszko Street","NB"
"38348","Brooklyn","2024","12","9","22","45","67","31164","POINT (998598.4384119379 190892.04546777921)","MARCY AVENUE","Lafayette Avenue","Kosciuszko Street","NB"
"38348","Brooklyn","2024","12","9","23","0","64","31164","POINT (998598.4384119379 190892.04546777921)","MARCY AVENUE","Lafayette Avenue","Kosciuszko Street","NB"
"38348","Brooklyn","2024","12","9","23","15","76","31164","POINT (998598.4384119379 190892.04546777921)","MARCY AVENUE","Lafayette Avenue","Kosciuszko Street","NB"
"38348","Brooklyn","2024","12","9","23","30","76","31164","POINT (998598.4384119379 190892.04546777921)","MARCY AVENUE","Lafayette Avenue","Kosciuszko Street","NB"
"38348","Brooklyn","2024","12","9","23","45","68","31164","POINT (998598.4384119379 190892.04546777921)","MARCY AVENUE","Lafayette Avenue","Kosciuszko Street","NB"
"38348","Brooklyn","2024","12","10","0","0","55","31164","POINT (998598.4384119379 190892.04546777921)","MARCY AVENUE","Lafayette Avenue","Kosciuszko Street","NB"
"38348","Brooklyn","2024","12","10","0","15","46","31164","POINT (998598.4384119379 190892.04546777921)","MARCY AVENUE","Lafayette Avenue","Kosciuszko Street","NB"
"38348","Brooklyn","2024","12","10","0","30","31","31164","POINT (998598.4384119379 190892.04546777921)","MARCY AVENUE","Lafayette Avenue","Kosciuszko Street","NB"
"38348","Brooklyn","2024","12","10","0","45","24","31164","POINT (998598.4384119379 190892.04546777921)","MARCY AVENUE","Lafayette Avenue","Kosciuszko Street","NB"
"38348","Brooklyn","2024","12","10","1","0","31","31164","POINT (998598.4384119379 190892.04546777921)","MARCY AVENUE","Lafayette Avenue","Kosciuszko Street","NB"
"38348","Brooklyn","2024","12","10","1","15","19","31164","POINT (998598.4384119379 190892.04546777921)","MARCY AVENUE","Lafayette Avenue","Kosciuszko Street","NB"
"38348","Brooklyn","2024","12","10","1","30","26","31164","POINT (998598.4384119379 190892.04546777921)","MARCY AVENUE","Lafayette Avenue","Kosciuszko Street","NB"
"38348","Brooklyn","2024","12","10","1","45","12","31164","POINT (998598.4384119379 190892.04546777921)","MARCY AVENUE","Lafayette Avenue","Kosciuszko Street","NB"
"2774","Brooklyn","2010","1","22","10","0","85","128492","POINT (1002381.8 181056.5)","E/B EMPIRE BLVD @ SCHENECTADY AVE","SCHENECTADY AV","TROY AV","EB"
"2774","Brooklyn","2010","1","22","10","15","66","128492","POINT (1002381.8 181056.5)","E/B EMPIRE BLVD @ SCHENECTADY AVE","SCHENECTADY AV","TROY AV","EB"
"2774","Brooklyn","2010","1","22","10","30","73","128492","POINT (1002381.8 181056.5)","E/B EMPIRE BLVD @ SCHENECTADY AVE","SCHENECTADY AV","TROY AV","EB"
"2774","Brooklyn","2010","1","22","10","45","77","128492","POINT (1002381.8 181056.5)","E/B EMPIRE BLVD @ SCHENECTADY AVE","SCHENECTADY AV","TROY AV","EB"
"2774","Brooklyn","2010","1","22","11","0","85","128492","POINT (1002381.8 181056.5)","E/B EMPIRE BLVD @ SCHENECTADY AVE","SCHENECTADY AV","TROY AV","EB"
"2774","Brooklyn","2010","1","22","11","15","69","128492","POINT (1002381.8 181056.5)","E/B EMPIRE BLVD @ SCHENECTADY AVE","SCHENECTADY AV","TROY AV","EB"
"2774","Brooklyn","2010","1","22","11","30","67","128492","POINT (1002381.8 181056.5)","E/B EMPIRE BLVD @ SCHENECTADY AVE","SCHENECTADY AV","TROY AV","EB"
"2774","Brooklyn","2010","1","22","11","45","76","128492","POINT (1002381.8 181056.5)","E/B EMPIRE BLVD @ SCHENECTADY AVE","SCHENECTADY AV","TROY AV","EB"
"2774","Brooklyn","2010","1","22","12","0","78","128492","POINT (1002381.8 181056.5)","E/B EMPIRE BLVD @ SCHENECTADY AVE","SCHENECTADY AV","TROY AV","EB"
"2774","Brooklyn","2010","1","22","12","15","83","128492","POINT (1002381.8 181056.5)","E/B EMPIRE BLVD @ SCHENECTADY AVE","SCHENECTADY AV","TROY AV","EB"
"2774","Brooklyn","2010","2","2","5","15","20","128492","POINT (1002381.8 181056.5)","E/B EMPIRE BLVD @ SCHENECTADY AVE","SCHENECTADY AV","TROY AV","EB"
"2774","Brooklyn","2010","2","2","5","30","28","128492","POINT (1002381.8 181056.5)","E/B EMPIRE BLVD @ SCHENECTADY AVE","SCHENECTADY AV","TROY AV","EB"
"9739","Brooklyn","2011","3","14","9","30","28","128598","POINT (1008853 194060.2)","PALMETTO ST BET RIDGEWOOD PL & WYCKOFF AVE","MYRTLE AV/WYCKOFF AV","RIDGEWOOD PL","NB"
"9739","Brooklyn","2011","3","14","9","45","34","128598","POINT (1008853 194060.2)","PALMETTO ST BET RIDGEWOOD PL & WYCKOFF AVE","MYRTLE AV/WYCKOFF AV","RIDGEWOOD PL","NB"
"9739","Brooklyn","2011","3","14","10","0","33","128598","POINT (1008853 194060.2)","PALMETTO ST BET RIDGEWOOD PL & WYCKOFF AVE","MYRTLE AV/WYCKOFF AV","RIDGEWOOD PL","NB"
"9739","Brooklyn","2011","3","14","10","15","26","128598","POINT (1008853 194060.2)","PALMETTO ST BET RIDGEWOOD PL & WYCKOFF AVE","MYRTLE AV/WYCKOFF AV","RIDGEWOOD PL","NB"
"9739","Brooklyn","2011","3","14","10","30","21","128598","POINT (1008853 194060.2)","PALMETTO ST BET RIDGEWOOD PL & WYCKOFF AVE","MYRTLE AV/WYCKOFF AV","RIDGEWOOD PL","NB"
"9739","Brooklyn","2011","3","14","10","45","27","128598","POINT (1008853 194060.2)","PALMETTO ST BET RIDGEWOOD PL & WYCKOFF AVE","MYRTLE AV/WYCKOFF AV","RIDGEWOOD PL","NB"
"9739","Brooklyn","2011","3","14","11","0","26","128598","POINT (1008853 194060.2)","PALMETTO ST BET RIDGEWOOD PL & WYCKOFF AVE","MYRTLE AV/WYCKOFF AV","RIDGEWOOD PL","NB"
"9739","Brooklyn","2011","3","14","11","15","17","128598","POINT (1008853 194060.2)","PALMETTO ST BET RIDGEWOOD PL & WYCKOFF AVE","MYRTLE AV/WYCKOFF AV","RIDGEWOOD PL","NB"
"9739","Brooklyn","2011","3","14","11","30","24","128598","POINT (1008853 194060.2)","PALMETTO ST BET RIDGEWOOD PL & WYCKOFF AVE","MYRTLE AV/WYCKOFF AV","RIDGEWOOD PL","NB"
"9739","Brooklyn","2011","3","14","11","45","27","128598","POINT (1008853 194060.2)","PALMETTO ST BET RIDGEWOOD PL & WYCKOFF AVE","MYRTLE AV/WYCKOFF AV","RIDGEWOOD PL","NB"
"9739","Brooklyn","2011","3","14","12","0","25","128598","POINT (1008853 194060.2)","PALMETTO ST BET RIDGEWOOD PL & WYCKOFF AVE","MYRTLE AV/WYCKOFF AV","RIDGEWOOD PL","NB"
"9739","Brooklyn","2011","3","14","12","15","30","128598","POINT (1008853 194060.2)","PALMETTO ST BET RIDGEWOOD PL & WYCKOFF AVE","MYRTLE AV/WYCKOFF AV","RIDGEWOOD PL","NB"
"9739","Brooklyn","2011","3","14","12","30","24","128598","POINT (1008853 194060.2)","PALMETTO ST BET RIDGEWOOD PL & WYCKOFF AVE","MYRTLE AV/WYCKOFF AV","RIDGEWOOD PL","NB"
"9739","Brooklyn","2011","3","14","12","45","24","128598","POINT (1008853 194060.2)","PALMETTO ST BET RIDGEWOOD PL & WYCKOFF AVE","MYRTLE AV/WYCKOFF AV","RIDGEWOOD PL","NB"
"9739","Brooklyn","2011","3","14","13","0","22","128598","POINT (1008853 194060.2)","PALMETTO ST BET RIDGEWOOD PL & WYCKOFF AVE","MYRTLE AV/WYCKOFF AV","RIDGEWOOD PL","NB"
"9739","Brooklyn","2011","3","14","13","15","26","128598","POINT (1008853 194060.2)","PALMETTO ST BET RIDGEWOOD PL & WYCKOFF AVE","MYRTLE AV/WYCKOFF AV","RIDGEWOOD PL","NB"
"9739","Brooklyn","2011","3","14","13","30","31","128598","POINT (1008853 194060.2)","PALMETTO ST BET RIDGEWOOD PL & WYCKOFF AVE","MYRTLE AV/WYCKOFF AV","RIDGEWOOD PL","NB"
"9739","Brooklyn","2011","3","14","13","45","21","128598","POINT (1008853 194060.2)","PALMETTO ST BET RIDGEWOOD PL & WYCKOFF AVE","MYRTLE AV/WYCKOFF AV","RIDGEWOOD PL","NB"
"9739","Brooklyn","2011","3","14","14","0","23","128598","POINT (1008853 194060.2)","PALMETTO ST BET RIDGEWOOD PL & WYCKOFF AVE","MYRTLE AV/WYCKOFF AV","RIDGEWOOD PL","NB"
"9739","Brooklyn","2011","3","14","14","15","30","128598","POINT (1008853 194060.2)","PALMETTO ST BET RIDGEWOOD PL & WYCKOFF AVE","MYRTLE AV/WYCKOFF AV","RIDGEWOOD PL","NB"
"9739","Brooklyn","2011","3","14","14","30","34","128598","POINT (1008853 194060.2)","PALMETTO ST BET RIDGEWOOD PL & WYCKOFF AVE","MYRTLE AV/WYCKOFF AV","RIDGEWOOD PL","NB"
"9739","Brooklyn","2011","3","14","14","45","39","128598","POINT (1008853 194060.2)","PALMETTO ST BET RIDGEWOOD PL & WYCKOFF AVE","MYRTLE AV/WYCKOFF AV","RIDGEWOOD PL","NB"
"9739","Brooklyn","2011","3","14","15","0","37","128598","POINT (1008853 194060.2)","PALMETTO ST BET RIDGEWOOD PL & WYCKOFF AVE","MYRTLE AV/WYCKOFF AV","RIDGEWOOD PL","NB"
"9739","Brooklyn","2011","3","14","15","15","38","128598","POINT (1008853 194060.2)","PALMETTO ST BET RIDGEWOOD PL & WYCKOFF AVE","MYRTLE AV/WYCKOFF AV","RIDGEWOOD PL","NB"
"9739","Brooklyn","2011","3","14","15","30","32","128598","POINT (1008853 194060.2)","PALMETTO ST BET RIDGEWOOD PL & WYCKOFF AVE","MYRTLE AV/WYCKOFF AV","RIDGEWOOD PL","NB"
"9739","Brooklyn","2011","3","14","15","45","43","128598","POINT (1008853 194060.2)","PALMETTO ST BET RIDGEWOOD PL & WYCKOFF AVE","MYRTLE AV/WYCKOFF AV","RIDGEWOOD PL","NB"
"9739","Brooklyn","2011","3","14","16","0","41","128598","POINT (1008853 194060.2)","PALMETTO ST BET RIDGEWOOD PL & WYCKOFF AVE","MYRTLE AV/WYCKOFF AV","RIDGEWOOD PL","NB"
"9739","Brooklyn","2011","3","14","16","15","34","128598","POINT (1008853 194060.2)","PALMETTO ST BET RIDGEWOOD PL & WYCKOFF AVE","MYRTLE AV/WYCKOFF AV","RIDGEWOOD PL","NB"
"9739","Brooklyn","2011","3","14","16","30","32","128598","POINT (1008853 194060.2)","PALMETTO ST BET RIDGEWOOD PL & WYCKOFF AVE","MYRTLE AV/WYCKOFF AV","RIDGEWOOD PL","NB"
"9739","Brooklyn","2011","3","14","16","45","41","128598","POINT (1008853 194060.2)","PALMETTO ST BET RIDGEWOOD PL & WYCKOFF AVE","MYRTLE AV/WYCKOFF AV","RIDGEWOOD PL","NB"
"9739","Brooklyn","2011","3","14","17","0","44","128598","POINT (1008853 194060.2)","PALMETTO ST BET RIDGEWOOD PL & WYCKOFF AVE","MYRTLE AV/WYCKOFF AV","RIDGEWOOD PL","NB"
"9739","Brooklyn","2011","3","14","17","15","34","128598","POINT (1008853 194060.2)","PALMETTO ST BET RIDGEWOOD PL & WYCKOFF AVE","MYRTLE AV/WYCKOFF AV","RIDGEWOOD PL","NB"
"9739","Brooklyn","2011","3","14","17","30","40","128598","POINT (1008853 194060.2)","PALMETTO ST BET RIDGEWOOD PL & WYCKOFF AVE","MYRTLE AV/WYCKOFF AV","RIDGEWOOD PL","NB"
"9739","Brooklyn","2011","3","14","17","45","39","128598","POINT (1008853 194060.2)","PALMETTO ST BET RIDGEWOOD PL & WYCKOFF AVE","MYRTLE AV/WYCKOFF AV","RIDGEWOOD PL","NB"
"9739","Brooklyn","2011","3","14","18","0","42","128598","POINT (1008853 194060.2)","PALMETTO ST BET RIDGEWOOD PL & WYCKOFF AVE","MYRTLE AV/WYCKOFF AV","RIDGEWOOD PL","NB"
"9739","Brooklyn","2011","3","14","18","15","39","128598","POINT (1008853 194060.2)","PALMETTO ST BET RIDGEWOOD PL & WYCKOFF AVE","MYRTLE AV/WYCKOFF AV","RIDGEWOOD PL","NB"
"9739","Brooklyn","2011","3","14","18","30","32","128598","POINT (1008853 194060.2)","PALMETTO ST BET RIDGEWOOD PL & WYCKOFF AVE","MYRTLE AV/WYCKOFF AV","RIDGEWOOD PL","NB"
"9739","Brooklyn","2011","3","14","18","45","38","128598","POINT (1008853 194060.2)","PALMETTO ST BET RIDGEWOOD PL & WYCKOFF AVE","MYRTLE AV/WYCKOFF AV","RIDGEWOOD PL","NB"
"9739","Brooklyn","2011","3","14","19","0","28","128598","POINT (1008853 194060.2)","PALMETTO ST BET RIDGEWOOD PL & WYCKOFF AVE","MYRTLE AV/WYCKOFF AV","RIDGEWOOD PL","NB"
"9739","Brooklyn","2011","3","14","19","15","23","128598","POINT (1008853 194060.2)","PALMETTO ST BET RIDGEWOOD PL & WYCKOFF AVE","MYRTLE AV/WYCKOFF AV","RIDGEWOOD PL","NB"
"9739","Brooklyn","2011","3","14","19","30","22","128598","POINT (1008853 194060.2)","PALMETTO ST BET RIDGEWOOD PL & WYCKOFF AVE","MYRTLE AV/WYCKOFF AV","RIDGEWOOD PL","NB"
"9739","Brooklyn","2011","3","14","19","45","33","128598","POINT (1008853 194060.2)","PALMETTO ST BET RIDGEWOOD PL & WYCKOFF AVE","MYRTLE AV/WYCKOFF AV","RIDGEWOOD PL","NB"
"9739","Brooklyn","2011","3","14","20","0","21","128598","POINT (1008853 194060.2)","PALMETTO ST BET RIDGEWOOD PL & WYCKOFF AVE","MYRTLE AV/WYCKOFF AV","RIDGEWOOD PL","NB"
"9739","Brooklyn","2011","3","14","20","15","18","128598","POINT (1008853 194060.2)","PALMETTO ST BET RIDGEWOOD PL & WYCKOFF AVE","MYRTLE AV/WYCKOFF AV","RIDGEWOOD PL","NB"
"9739","Brooklyn","2011","3","14","20","30","23","128598","POINT (1008853 194060.2)","PALMETTO ST BET RIDGEWOOD PL & WYCKOFF AVE","MYRTLE AV/WYCKOFF AV","RIDGEWOOD PL","NB"
"9739","Brooklyn","2011","3","14","20","45","11","128598","POINT (1008853 194060.2)","PALMETTO ST BET RIDGEWOOD PL & WYCKOFF AVE","MYRTLE AV/WYCKOFF AV","RIDGEWOOD PL","NB"
"9739","Brooklyn","2011","3","14","21","0","22","128598","POINT (1008853 194060.2)","PALMETTO ST BET RIDGEWOOD PL & WYCKOFF AVE","MYRTLE AV/WYCKOFF AV","RIDGEWOOD PL","NB"
"9739","Brooklyn","2011","3","14","21","15","15","128598","POINT (1008853 194060.2)","PALMETTO ST BET RIDGEWOOD PL & WYCKOFF AVE","MYRTLE AV/WYCKOFF AV","RIDGEWOOD PL","NB"
"9739","Brooklyn","2011","3","14","21","30","15","128598","POINT (1008853 194060.2)","PALMETTO ST BET RIDGEWOOD PL & WYCKOFF AVE","MYRTLE AV/WYCKOFF AV","RIDGEWOOD PL","NB"
"9739","Brooklyn","2011","3","14","21","45","13","128598","POINT (1008853 194060.2)","PALMETTO ST BET RIDGEWOOD PL & WYCKOFF AVE","MYRTLE AV/WYCKOFF AV","RIDGEWOOD PL","NB"
"9739","Brooklyn","2011","3","14","22","0","14","128598","POINT (1008853 194060.2)","PALMETTO ST BET RIDGEWOOD PL & WYCKOFF AVE","MYRTLE AV/WYCKOFF AV","RIDGEWOOD PL","NB"
"9739","Brooklyn","2011","3","14","22","15","17","128598","POINT (1008853 194060.2)","PALMETTO ST BET RIDGEWOOD PL & WYCKOFF AVE","MYRTLE AV/WYCKOFF AV","RIDGEWOOD PL","NB"
"9739","Brooklyn","2011","3","14","22","30","9","128598","POINT (1008853 194060.2)","PALMETTO ST BET RIDGEWOOD PL & WYCKOFF AVE","MYRTLE AV/WYCKOFF AV","RIDGEWOOD PL","NB"
"9739","Brooklyn","2011","3","14","22","45","8","128598","POINT (1008853 194060.2)","PALMETTO ST BET RIDGEWOOD PL & WYCKOFF AVE","MYRTLE AV/WYCKOFF AV","RIDGEWOOD PL","NB"
"9739","Brooklyn","2011","3","14","23","0","9","128598","POINT (1008853 194060.2)","PALMETTO ST BET RIDGEWOOD PL & WYCKOFF AVE","MYRTLE AV/WYCKOFF AV","RIDGEWOOD PL","NB"
"9739","Brooklyn","2011","3","14","23","15","17","128598","POINT (1008853 194060.2)","PALMETTO ST BET RIDGEWOOD PL & WYCKOFF AVE","MYRTLE AV/WYCKOFF AV","RIDGEWOOD PL","NB"
"9739","Brooklyn","2011","3","14","23","30","14","128598","POINT (1008853 194060.2)","PALMETTO ST BET RIDGEWOOD PL & WYCKOFF AVE","MYRTLE AV/WYCKOFF AV","RIDGEWOOD PL","NB"
"9739","Brooklyn","2011","3","14","23","45","9","128598","POINT (1008853 194060.2)","PALMETTO ST BET RIDGEWOOD PL & WYCKOFF AVE","MYRTLE AV/WYCKOFF AV","RIDGEWOOD PL","NB"
"9739","Brooklyn","2011","3","15","0","0","9","128598","POINT (1008853 194060.2)","PALMETTO ST BET RIDGEWOOD PL & WYCKOFF AVE","MYRTLE AV/WYCKOFF AV","RIDGEWOOD PL","NB"
"9739","Brooklyn","2011","3","15","0","15","8","128598","POINT (1008853 194060.2)","PALMETTO ST BET RIDGEWOOD PL & WYCKOFF AVE","MYRTLE AV/WYCKOFF AV","RIDGEWOOD PL","NB"
"9739","Brooklyn","2011","3","15","0","30","10","128598","POINT (1008853 194060.2)","PALMETTO ST BET RIDGEWOOD PL & WYCKOFF AVE","MYRTLE AV/WYCKOFF AV","RIDGEWOOD PL","NB"
"9739","Brooklyn","2011","3","15","0","45","10","128598","POINT (1008853 194060.2)","PALMETTO ST BET RIDGEWOOD PL & WYCKOFF AVE","MYRTLE AV/WYCKOFF AV","RIDGEWOOD PL","NB"
"9739","Brooklyn","2011","3","15","1","0","7","128598","POINT (1008853 194060.2)","PALMETTO ST BET RIDGEWOOD PL & WYCKOFF AVE","MYRTLE AV/WYCKOFF AV","RIDGEWOOD PL","NB"
"9739","Brooklyn","2011","3","15","1","15","7","128598","POINT (1008853 194060.2)","PALMETTO ST BET RIDGEWOOD PL & WYCKOFF AVE","MYRTLE AV/WYCKOFF AV","RIDGEWOOD PL","NB"
"9739","Brooklyn","2011","3","15","1","30","3","128598","POINT (1008853 194060.2)","PALMETTO ST BET RIDGEWOOD PL & WYCKOFF AVE","MYRTLE AV/WYCKOFF AV","RIDGEWOOD PL","NB"
"9739","Brooklyn","2011","3","15","1","45","4","128598","POINT (1008853 194060.2)","PALMETTO ST BET RIDGEWOOD PL & WYCKOFF AVE","MYRTLE AV/WYCKOFF AV","RIDGEWOOD PL","NB"
"9739","Brooklyn","2011","3","15","2","0","1","128598","POINT (1008853 194060.2)","PALMETTO ST BET RIDGEWOOD PL & WYCKOFF AVE","MYRTLE AV/WYCKOFF AV","RIDGEWOOD PL","NB"
"9739","Brooklyn","2011","3","15","2","15","2","128598","POINT (1008853 194060.2)","PALMETTO ST BET RIDGEWOOD PL & WYCKOFF AVE","MYRTLE AV/WYCKOFF AV","RIDGEWOOD PL","NB"
"9739","Brooklyn","2011","3","15","2","30","4","128598","POINT (1008853 194060.2)","PALMETTO ST BET RIDGEWOOD PL & WYCKOFF AVE","MYRTLE AV/WYCKOFF AV","RIDGEWOOD PL","NB"
"9739","Brooklyn","2011","3","15","2","45","1","128598","POINT (1008853 194060.2)","PALMETTO ST BET RIDGEWOOD PL & WYCKOFF AVE","MYRTLE AV/WYCKOFF AV","RIDGEWOOD PL","NB"
"9739","Brooklyn","2011","3","15","3","0","6","128598","POINT (1008853 194060.2)","PALMETTO ST BET RIDGEWOOD PL & WYCKOFF AVE","MYRTLE AV/WYCKOFF AV","RIDGEWOOD PL","NB"
"9739","Brooklyn","2011","3","15","3","15","4","128598","POINT (1008853 194060.2)","PALMETTO ST BET RIDGEWOOD PL & WYCKOFF AVE","MYRTLE AV/WYCKOFF AV","RIDGEWOOD PL","NB"
"9739","Brooklyn","2011","3","15","3","30","6","128598","POINT (1008853 194060.2)","PALMETTO ST BET RIDGEWOOD PL & WYCKOFF AVE","MYRTLE AV/WYCKOFF AV","RIDGEWOOD PL","NB"
"9739","Brooklyn","2011","3","15","3","45","4","128598","POINT (1008853 194060.2)","PALMETTO ST BET RIDGEWOOD PL & WYCKOFF AVE","MYRTLE AV/WYCKOFF AV","RIDGEWOOD PL","NB"
"9739","Brooklyn","2011","3","15","4","0","4","128598","POINT (1008853 194060.2)","PALMETTO ST BET RIDGEWOOD PL & WYCKOFF AVE","MYRTLE AV/WYCKOFF AV","RIDGEWOOD PL","NB"
"9739","Brooklyn","2011","3","15","4","15","2","128598","POINT (1008853 194060.2)","PALMETTO ST BET RIDGEWOOD PL & WYCKOFF AVE","MYRTLE AV/WYCKOFF AV","RIDGEWOOD PL","NB"
"9739","Brooklyn","2011","3","15","4","30","4","128598","POINT (1008853 194060.2)","PALMETTO ST BET RIDGEWOOD PL & WYCKOFF AVE","MYRTLE AV/WYCKOFF AV","RIDGEWOOD PL","NB"
"9739","Brooklyn","2011","3","15","4","45","0","128598","POINT (1008853 194060.2)","PALMETTO ST BET RIDGEWOOD PL & WYCKOFF AVE","MYRTLE AV/WYCKOFF AV","RIDGEWOOD PL","NB"
"9739","Brooklyn","2011","3","15","5","0","6","128598","POINT (1008853 194060.2)","PALMETTO ST BET RIDGEWOOD PL & WYCKOFF AVE","MYRTLE AV/WYCKOFF AV","RIDGEWOOD PL","NB"
"9739","Brooklyn","2011","3","15","5","15","6","128598","POINT (1008853 194060.2)","PALMETTO ST BET RIDGEWOOD PL & WYCKOFF AVE","MYRTLE AV/WYCKOFF AV","RIDGEWOOD PL","NB"
"9739","Brooklyn","2011","3","15","5","30","12","128598","POINT (1008853 194060.2)","PALMETTO ST BET RIDGEWOOD PL & WYCKOFF AVE","MYRTLE AV/WYCKOFF AV","RIDGEWOOD PL","NB"
"9739","Brooklyn","2011","3","15","5","45","10","128598","POINT (1008853 194060.2)","PALMETTO ST BET RIDGEWOOD PL & WYCKOFF AVE","MYRTLE AV/WYCKOFF AV","RIDGEWOOD PL","NB"
"9739","Brooklyn","2011","3","15","6","0","21","128598","POINT (1008853 194060.2)","PALMETTO ST BET RIDGEWOOD PL & WYCKOFF AVE","MYRTLE AV/WYCKOFF AV","RIDGEWOOD PL","NB"
"9739","Brooklyn","2011","3","15","6","15","9","128598","POINT (1008853 194060.2)","PALMETTO ST BET RIDGEWOOD PL & WYCKOFF AVE","MYRTLE AV/WYCKOFF AV","RIDGEWOOD PL","NB"
"9739","Brooklyn","2011","3","15","6","30","12","128598","POINT (1008853 194060.2)","PALMETTO ST BET RIDGEWOOD PL & WYCKOFF AVE","MYRTLE AV/WYCKOFF AV","RIDGEWOOD PL","NB"
"9739","Brooklyn","2011","3","15","6","45","21","128598","POINT (1008853 194060.2)","PALMETTO ST BET RIDGEWOOD PL & WYCKOFF AVE","MYRTLE AV/WYCKOFF AV","RIDGEWOOD PL","NB"
"9739","Brooklyn","2011","3","15","7","0","17","128598","POINT (1008853 194060.2)","PALMETTO ST BET RIDGEWOOD PL & WYCKOFF AVE","MYRTLE AV/WYCKOFF AV","RIDGEWOOD PL","NB"
"9739","Brooklyn","2011","3","15","7","15","25","128598","POINT (1008853 194060.2)","PALMETTO ST BET RIDGEWOOD PL & WYCKOFF AVE","MYRTLE AV/WYCKOFF AV","RIDGEWOOD PL","NB"
"9739","Brooklyn","2011","3","15","7","30","21","128598","POINT (1008853 194060.2)","PALMETTO ST BET RIDGEWOOD PL & WYCKOFF AVE","MYRTLE AV/WYCKOFF AV","RIDGEWOOD PL","NB"
"9739","Brooklyn","2011","3","15","7","45","35","128598","POINT (1008853 194060.2)","PALMETTO ST BET RIDGEWOOD PL & WYCKOFF AVE","MYRTLE AV/WYCKOFF AV","RIDGEWOOD PL","NB"
"9739","Brooklyn","2011","3","15","8","0","37","128598","POINT (1008853 194060.2)","PALMETTO ST BET RIDGEWOOD PL & WYCKOFF AVE","MYRTLE AV/WYCKOFF AV","RIDGEWOOD PL","NB"
"9739","Brooklyn","2011","3","15","8","15","39","128598","POINT (1008853 194060.2)","PALMETTO ST BET RIDGEWOOD PL & WYCKOFF AVE","MYRTLE AV/WYCKOFF AV","RIDGEWOOD PL","NB"
"9739","Brooklyn","2011","3","15","8","30","28","128598","POINT (1008853 194060.2)","PALMETTO ST BET RIDGEWOOD PL & WYCKOFF AVE","MYRTLE AV/WYCKOFF AV","RIDGEWOOD PL","NB"
"38493","Queens","2024","3","30","8","15","17","76594","POINT (1018501.3159400438 212758.03238534)","37 AVENUE","90 Street","91 Street","EB"
"38493","Queens","2024","3","30","8","30","25","76594","POINT (1018501.3159400438 212758.03238534)","37 AVENUE","90 Street","91 Street","EB"
"38493","Queens","2024","3","30","8","45","36","76594","POINT (1018501.3159400438 212758.03238534)","37 AVENUE","90 Street","91 Street","EB"
"38493","Queens","2024","3","30","9","0","39","76594","POINT (1018501.3159400438 212758.03238534)","37 AVENUE","90 Street","91 Street","EB"
"38493","Queens","2024","3","30","9","15","28","76594","POINT (1018501.3159400438 212758.03238534)","37 AVENUE","90 Street","91 Street","EB"
"38493","Queens","2024","3","30","9","30","35","76594","POINT (1018501.3159400438 212758.03238534)","37 AVENUE","90 Street","91 Street","EB"
"38493","Queens","2024","3","30","9","45","35","76594","POINT (1018501.3159400438 212758.03238534)","37 AVENUE","90 Street","91 Street","EB"
"38493","Queens","2024","3","30","10","0","34","76594","POINT (1018501.3159400438 212758.03238534)","37 AVENUE","90 Street","91 Street","EB"
"38493","Queens","2024","3","30","10","15","43","76594","POINT (1018501.3159400438 212758.03238534)","37 AVENUE","90 Street","91 Street","EB"
"38493","Queens","2024","3","30","10","30","37","76594","POINT (1018501.3159400438 212758.03238534)","37 AVENUE","90 Street","91 Street","EB"
"38493","Queens","2024","3","30","10","45","41","76594","POINT (1018501.3159400438 212758.03238534)","37 AVENUE","90 Street","91 Street","EB"
"38493","Queens","2024","3","30","11","0","46","76594","POINT (1018501.3159400438 212758.03238534)","37 AVENUE","90 Street","91 Street","EB"
"38493","Queens","2024","3","30","11","15","38","76594","POINT (1018501.3159400438 212758.03238534)","37 AVENUE","90 Street","91 Street","EB"
"38493","Queens","2024","3","30","11","30","48","76594","POINT (1018501.3159400438 212758.03238534)","37 AVENUE","90 Street","91 Street","EB"
"38493","Queens","2024","3","30","11","45","48","76594","POINT (1018501.3159400438 212758.03238534)","37 AVENUE","90 Street","91 Street","EB"
"38493","Queens","2024","3","30","12","0","51","76594","POINT (1018501.3159400438 212758.03238534)","37 AVENUE","90 Street","91 Street","EB"
"38493","Queens","2024","3","30","12","15","41","76594","POINT (1018501.3159400438 212758.03238534)","37 AVENUE","90 Street","91 Street","EB"
"38493","Queens","2024","3","30","12","30","55","76594","POINT (1018501.3159400438 212758.03238534)","37 AVENUE","90 Street","91 Street","EB"
"38493","Queens","2024","3","30","12","45","48","76594","POINT (1018501.3159400438 212758.03238534)","37 AVENUE","90 Street","91 Street","EB"
"38493","Queens","2024","3","30","13","0","59","76594","POINT (1018501.3159400438 212758.03238534)","37 AVENUE","90 Street","91 Street","EB"
"38493","Queens","2024","3","30","13","15","49","76594","POINT (1018501.3159400438 212758.03238534)","37 AVENUE","90 Street","91 Street","EB"
"38493","Queens","2024","3","30","13","30","54","76594","POINT (1018501.3159400438 212758.03238534)","37 AVENUE","90 Street","91 Street","EB"
"38493","Queens","2024","3","30","13","45","54","76594","POINT (1018501.3159400438 212758.03238534)","37 AVENUE","90 Street","91 Street","EB"
"38493","Queens","2024","3","30","14","0","48","76594","POINT (1018501.3159400438 212758.03238534)","37 AVENUE","90 Street","91 Street","EB"
"38493","Queens","2024","3","30","14","15","62","76594","POINT (1018501.3159400438 212758.03238534)","37 AVENUE","90 Street","91 Street","EB"
"38493","Queens","2024","3","30","14","30","58","76594","POINT (1018501.3159400438 212758.03238534)","37 AVENUE","90 Street","91 Street","EB"
"38493","Queens","2024","3","30","14","45","53","76594","POINT (1018501.3159400438 212758.03238534)","37 AVENUE","90 Street","91 Street","EB"
"38493","Queens","2024","3","30","15","0","48","76594","POINT (1018501.3159400438 212758.03238534)","37 AVENUE","90 Street","91 Street","EB"
"38493","Queens","2024","3","30","15","15","51","76594","POINT (1018501.3159400438 212758.03238534)","37 AVENUE","90 Street","91 Street","EB"
"38493","Queens","2024","3","30","15","30","52","76594","POINT (1018501.3159400438 212758.03238534)","37 AVENUE","90 Street","91 Street","EB"
"38493","Queens","2024","3","30","15","45","47","76594","POINT (1018501.3159400438 212758.03238534)","37 AVENUE","90 Street","91 Street","EB"
"38493","Queens","2024","3","30","16","0","49","76594","POINT (1018501.3159400438 212758.03238534)","37 AVENUE","90 Street","91 Street","EB"
"38493","Queens","2024","3","30","16","15","49","76594","POINT (1018501.3159400438 212758.03238534)","37 AVENUE","90 Street","91 Street","EB"
"38493","Queens","2024","3","30","16","30","51","76594","POINT (1018501.3159400438 212758.03238534)","37 AVENUE","90 Street","91 Street","EB"
"38493","Queens","2024","3","30","16","45","54","76594","POINT (1018501.3159400438 212758.03238534)","37 AVENUE","90 Street","91 Street","EB"
"38493","Queens","2024","3","30","17","0","41","76594","POINT (1018501.3159400438 212758.03238534)","37 AVENUE","90 Street","91 Street","EB"
"38493","Queens","2024","3","30","17","15","43","76594","POINT (1018501.3159400438 212758.03238534)","37 AVENUE","90 Street","91 Street","EB"
"38493","Queens","2024","3","30","17","30","42","76594","POINT (1018501.3159400438 212758.03238534)","37 AVENUE","90 Street","91 Street","EB"
"38493","Queens","2024","3","30","17","45","44","76594","POINT (1018501.3159400438 212758.03238534)","37 AVENUE","90 Street","91 Street","EB"
"38493","Queens","2024","3","30","18","0","51","76594","POINT (1018501.3159400438 212758.03238534)","37 AVENUE","90 Street","91 Street","EB"
"38493","Queens","2024","3","30","18","15","45","76594","POINT (1018501.3159400438 212758.03238534)","37 AVENUE","90 Street","91 Street","EB"
"38493","Queens","2024","3","30","18","30","47","76594","POINT (1018501.3159400438 212758.03238534)","37 AVENUE","90 Street","91 Street","EB"
"38493","Queens","2024","3","30","18","45","35","76594","POINT (1018501.3159400438 212758.03238534)","37 AVENUE","90 Street","91 Street","EB"
"38493","Queens","2024","3","30","19","0","46","76594","POINT (1018501.3159400438 212758.03238534)","37 AVENUE","90 Street","91 Street","EB"
"38493","Queens","2024","3","30","19","15","45","76594","POINT (1018501.3159400438 212758.03238534)","37 AVENUE","90 Street","91 Street","EB"
"38493","Queens","2024","3","30","19","30","44","76594","POINT (1018501.3159400438 212758.03238534)","37 AVENUE","90 Street","91 Street","EB"
"38493","Queens","2024","3","30","19","45","32","76594","POINT (1018501.3159400438 212758.03238534)","37 AVENUE","90 Street","91 Street","EB"
"38493","Queens","2024","3","30","20","0","36","76594","POINT (1018501.3159400438 212758.03238534)","37 AVENUE","90 Street","91 Street","EB"
"38493","Queens","2024","3","30","20","15","37","76594","POINT (1018501.3159400438 212758.03238534)","37 AVENUE","90 Street","91 Street","EB"
"38493","Queens","2024","3","30","20","30","36","76594","POINT (1018501.3159400438 212758.03238534)","37 AVENUE","90 Street","91 Street","EB"
"38493","Queens","2024","3","30","20","45","38","76594","POINT (1018501.3159400438 212758.03238534)","37 AVENUE","90 Street","91 Street","EB"
"38493","Queens","2024","3","30","21","0","30","76594","POINT (1018501.3159400438 212758.03238534)","37 AVENUE","90 Street","91 Street","EB"
"38493","Queens","2024","3","30","21","15","47","76594","POINT (1018501.3159400438 212758.03238534)","37 AVENUE","90 Street","91 Street","EB"
"38493","Queens","2024","3","30","21","30","24","76594","POINT (1018501.3159400438 212758.03238534)","37 AVENUE","90 Street","91 Street","EB"
"38493","Queens","2024","3","30","21","45","33","76594","POINT (1018501.3159400438 212758.03238534)","37 AVENUE","90 Street","91 Street","EB"
"38493","Queens","2024","3","30","22","0","39","76594","POINT (1018501.3159400438 212758.03238534)","37 AVENUE","90 Street","91 Street","EB"
"38493","Queens","2024","3","30","22","15","25","76594","POINT (1018501.3159400438 212758.03238534)","37 AVENUE","90 Street","91 Street","EB"
"38493","Queens","2024","3","30","22","30","26","76594","POINT (1018501.3159400438 212758.03238534)","37 AVENUE","90 Street","91 Street","EB"
"38493","Queens","2024","3","30","22","45","30","76594","POINT (1018501.3159400438 212758.03238534)","37 AVENUE","90 Street","91 Street","EB"
"38493","Queens","2024","3","30","23","0","18","76594","POINT (1018501.3159400438 212758.03238534)","37 AVENUE","90 Street","91 Street","EB"
"38493","Queens","2024","3","30","23","15","21","76594","POINT (1018501.3159400438 212758.03238534)","37 AVENUE","90 Street","91 Street","EB"
"38493","Queens","2024","3","30","23","30","26","76594","POINT (1018501.3159400438 212758.03238534)","37 AVENUE","90 Street","91 Street","EB"
"38493","Queens","2024","3","30","23","45","17","76594","POINT (1018501.3159400438 212758.03238534)","37 AVENUE","90 Street","91 Street","EB"
"38493","Queens","2024","3","31","0","0","24","76594","POINT (1018501.3159400438 212758.03238534)","37 AVENUE","90 Street","91 Street","EB"
"38493","Queens","2024","3","31","0","15","31","76594","POINT (1018501.3159400438 212758.03238534)","37 AVENUE","90 Street","91 Street","EB"
"38493","Queens","2024","3","31","0","30","27","76594","POINT (1018501.3159400438 212758.03238534)","37 AVENUE","90 Street","91 Street","EB"
"38493","Queens","2024","3","31","0","45","18","76594","POINT (1018501.3159400438 212758.03238534)","37 AVENUE","90 Street","91 Street","EB"
"38493","Queens","2024","3","31","1","0","20","76594","POINT (1018501.3159400438 212758.03238534)","37 AVENUE","90 Street","91 Street","EB"
"38493","Queens","2024","3","31","1","15","12","76594","POINT (1018501.3159400438 212758.03238534)","37 AVENUE","90 Street","91 Street","EB"
"38493","Queens","2024","3","31","1","30","9","76594","POINT (1018501.3159400438 212758.03238534)","37 AVENUE","90 Street","91 Street","EB"
"38493","Queens","2024","3","31","1","45","11","76594","POINT (1018501.3159400438 212758.03238534)","37 AVENUE","90 Street","91 Street","EB"
"38493","Queens","2024","3","31","2","0","13","76594","POINT (1018501.3159400438 212758.03238534)","37 AVENUE","90 Street","91 Street","EB"
"38493","Queens","2024","3","31","2","15","19","76594","POINT (1018501.3159400438 212758.03238534)","37 AVENUE","90 Street","91 Street","EB"
"38493","Queens","2024","3","31","2","30","10","76594","POINT (1018501.3159400438 212758.03238534)","37 AVENUE","90 Street","91 Street","EB"
"38493","Queens","2024","3","31","2","45","13","76594","POINT (1018501.3159400438 212758.03238534)","37 AVENUE","90 Street","91 Street","EB"
"38493","Queens","2024","3","31","3","0","9","76594","POINT (1018501.3159400438 212758.03238534)","37 AVENUE","90 Street","91 Street","EB"
"38493","Queens","2024","3","31","3","15","10","76594","POINT (1018501.3159400438 212758.03238534)","37 AVENUE","90 Street","91 Street","EB"
"38493","Queens","2024","3","31","3","30","13","76594","POINT (1018501.3159400438 212758.03238534)","37 AVENUE","90 Street","91 Street","EB"
"38493","Queens","2024","3","31","3","45","17","76594","POINT (1018501.3159400438 212758.03238534)","37 AVENUE","90 Street","91 Street","EB"
"38493","Queens","2024","3","31","4","0","24","76594","POINT (1018501.3159400438 212758.03238534)","37 AVENUE","90 Street","91 Street","EB"
"38493","Queens","2024","3","31","4","15","17","76594","POINT (1018501.3159400438 212758.03238534)","37 AVENUE","90 Street","91 Street","EB"
"38493","Queens","2024","3","31","4","30","17","76594","POINT (1018501.3159400438 212758.03238534)","37 AVENUE","90 Street","91 Street","EB"
"38493","Queens","2024","3","31","4","45","10","76594","POINT (1018501.3159400438 212758.03238534)","37 AVENUE","90 Street","91 Street","EB"
"38493","Queens","2024","3","31","5","0","15","76594","POINT (1018501.3159400438 212758.03238534)","37 AVENUE","90 Street","91 Street","EB"
"38493","Queens","2024","3","31","5","15","17","76594","POINT (1018501.3159400438 212758.03238534)","37 AVENUE","90 Street","91 Street","EB"
"38493","Queens","2024","3","31","5","30","9","76594","POINT (1018501.3159400438 212758.03238534)","37 AVENUE","90 Street","91 Street","EB"
"38493","Queens","2024","3","31","5","45","18","76594","POINT (1018501.3159400438 212758.03238534)","37 AVENUE","90 Street","91 Street","EB"
"38493","Queens","2024","3","31","6","0","24","76594","POINT (1018501.3159400438 212758.03238534)","37 AVENUE","90 Street","91 Street","EB"
"38493","Queens","2024","3","31","6","15","28","76594","POINT (1018501.3159400438 212758.03238534)","37 AVENUE","90 Street","91 Street","EB"
"38493","Queens","2024","3","31","6","30","23","76594","POINT (1018501.3159400438 212758.03238534)","37 AVENUE","90 Street","91 Street","EB"
"38493","Queens","2024","3","31","6","45","15","76594","POINT (1018501.3159400438 212758.03238534)","37 AVENUE","90 Street","91 Street","EB"
"38493","Queens","2024","3","31","7","0","25","76594","POINT (1018501.3159400438 212758.03238534)","37 AVENUE","90 Street","91 Street","EB"
"38493","Queens","2024","3","31","7","15","25","76594","POINT (1018501.3159400438 212758.03238534)","37 AVENUE","90 Street","91 Street","EB"
"38493","Queens","2024","3","31","7","30","29","76594","POINT (1018501.3159400438 212758.03238534)","37 AVENUE","90 Street","91 Street","EB"
"38493","Queens","2024","3","31","7","45","28","76594","POINT (1018501.3159400438 212758.03238534)","37 AVENUE","90 Street","91 Street","EB"
"38493","Queens","2024","3","31","8","0","40","76594","POINT (1018501.3159400438 212758.03238534)","37 AVENUE","90 Street","91 Street","EB"
"38493","Queens","2024","3","31","8","15","34","76594","POINT (1018501.3159400438 212758.03238534)","37 AVENUE","90 Street","91 Street","EB"
"38493","Queens","2024","3","31","8","30","37","76594","POINT (1018501.3159400438 212758.03238534)","37 AVENUE","90 Street","91 Street","EB"
"38493","Queens","2024","3","31","8","45","33","76594","POINT (1018501.3159400438 212758.03238534)","37 AVENUE","90 Street","91 Street","EB"
"38493","Queens","2024","3","31","9","0","38","76594","POINT (1018501.3159400438 212758.03238534)","37 AVENUE","90 Street","91 Street","EB"
"38493","Queens","2024","3","31","9","15","30","76594","POINT (1018501.3159400438 212758.03238534)","37 AVENUE","90 Street","91 Street","EB"
"38493","Queens","2024","3","31","9","30","38","76594","POINT (1018501.3159400438 212758.03238534)","37 AVENUE","90 Street","91 Street","EB"
"38493","Queens","2024","3","31","9","45","36","76594","POINT (1018501.3159400438 212758.03238534)","37 AVENUE","90 Street","91 Street","EB"
"38493","Queens","2024","3","31","10","0","60","76594","POINT (1018501.3159400438 212758.03238534)","37 AVENUE","90 Street","91 Street","EB"
"38493","Queens","2024","3","31","10","15","46","76594","POINT (1018501.3159400438 212758.03238534)","37 AVENUE","90 Street","91 Street","EB"
"17887","Staten Island","2014","8","18","23","30","5","152714","POINT (920296.3378466514 130500.67900787362)","BOSCOMBE AVENUE","Tyrellan Avenue","Dead end","EB"
"17887","Staten Island","2014","8","18","23","45","4","152714","POINT (920296.3378466514 130500.67900787362)","BOSCOMBE AVENUE","Tyrellan Avenue","Dead end","EB"
"17887","Staten Island","2014","8","19","0","0","3","152714","POINT (920296.3378466514 130500.67900787362)","BOSCOMBE AVENUE","Tyrellan Avenue","Dead end","EB"
"17887","Staten Island","2014","8","19","0","15","4","152714","POINT (920296.3378466514 130500.67900787362)","BOSCOMBE AVENUE","Tyrellan Avenue","Dead end","EB"
"17887","Staten Island","2014","8","19","0","30","3","152714","POINT (920296.3378466514 130500.67900787362)","BOSCOMBE AVENUE","Tyrellan Avenue","Dead end","EB"
"17887","Staten Island","2014","8","19","0","45","2","152714","POINT (920296.3378466514 130500.67900787362)","BOSCOMBE AVENUE","Tyrellan Avenue","Dead end","EB"
"17887","Staten Island","2014","8","19","1","0","5","152714","POINT (920296.3378466514 130500.67900787362)","BOSCOMBE AVENUE","Tyrellan Avenue","Dead end","EB"
"17887","Staten Island","2014","8","19","1","15","1","152714","POINT (920296.3378466514 130500.67900787362)","BOSCOMBE AVENUE","Tyrellan Avenue","Dead end","EB"
"17887","Staten Island","2014","8","19","1","30","1","152714","POINT (920296.3378466514 130500.67900787362)","BOSCOMBE AVENUE","Tyrellan Avenue","Dead end","EB"
"17887","Staten Island","2014","8","19","1","45","0","152714","POINT (920296.3378466514 130500.67900787362)","BOSCOMBE AVENUE","Tyrellan Avenue","Dead end","EB"
"17887","Staten Island","2014","8","19","2","0","1","152714","POINT (920296.3378466514 130500.67900787362)","BOSCOMBE AVENUE","Tyrellan Avenue","Dead end","EB"
"17887","Staten Island","2014","8","19","2","15","0","152714","POINT (920296.3378466514 130500.67900787362)","BOSCOMBE AVENUE","Tyrellan Avenue","Dead end","EB"
"17887","Staten Island","2014","8","19","2","30","0","152714","POINT (920296.3378466514 130500.67900787362)","BOSCOMBE AVENUE","Tyrellan Avenue","Dead end","EB"
"17887","Staten Island","2014","8","19","2","45","1","152714","POINT (920296.3378466514 130500.67900787362)","BOSCOMBE AVENUE","Tyrellan Avenue","Dead end","EB"
"17887","Staten Island","2014","8","19","3","0","0","152714","POINT (920296.3378466514 130500.67900787362)","BOSCOMBE AVENUE","Tyrellan Avenue","Dead end","EB"
"17887","Staten Island","2014","8","19","3","15","0","152714","POINT (920296.3378466514 130500.67900787362)","BOSCOMBE AVENUE","Tyrellan Avenue","Dead end","EB"
"17887","Staten Island","2014","8","19","3","30","2","152714","POINT (920296.3378466514 130500.67900787362)","BOSCOMBE AVENUE","Tyrellan Avenue","Dead end","EB"
"17887","Staten Island","2014","8","19","3","45","1","152714","POINT (920296.3378466514 130500.67900787362)","BOSCOMBE AVENUE","Tyrellan Avenue","Dead end","EB"
"17887","Staten Island","2014","8","19","4","0","0","152714","POINT (920296.3378466514 130500.67900787362)","BOSCOMBE AVENUE","Tyrellan Avenue","Dead end","EB"
"17887","Staten Island","2014","8","19","4","15","1","152714","POINT (920296.3378466514 130500.67900787362)","BOSCOMBE AVENUE","Tyrellan Avenue","Dead end","EB"
"17887","Staten Island","2014","8","19","4","30","0","152714","POINT (920296.3378466514 130500.67900787362)","BOSCOMBE AVENUE","Tyrellan Avenue","Dead end","EB"
"17887","Staten Island","2014","8","19","4","45","0","152714","POINT (920296.3378466514 130500.67900787362)","BOSCOMBE AVENUE","Tyrellan Avenue","Dead end","EB"
"17887","Staten Island","2014","8","19","5","0","0","152714","POINT (920296.3378466514 130500.67900787362)","BOSCOMBE AVENUE","Tyrellan Avenue","Dead end","EB"
"17887","Staten Island","2014","8","19","5","15","1","152714","POINT (920296.3378466514 130500.67900787362)","BOSCOMBE AVENUE","Tyrellan Avenue","Dead end","EB"
"17887","Staten Island","2014","8","19","5","30","2","152714","POINT (920296.3378466514 130500.67900787362)","BOSCOMBE AVENUE","Tyrellan Avenue","Dead end","EB"
"17887","Staten Island","2014","8","19","5","45","2","152714","POINT (920296.3378466514 130500.67900787362)","BOSCOMBE AVENUE","Tyrellan Avenue","Dead end","EB"
"17887","Staten Island","2014","8","19","6","0","4","152714","POINT (920296.3378466514 130500.67900787362)","BOSCOMBE AVENUE","Tyrellan Avenue","Dead end","EB"
"17887","Staten Island","2014","8","19","6","15","5","152714","POINT (920296.3378466514 130500.67900787362)","BOSCOMBE AVENUE","Tyrellan Avenue","Dead end","EB"
"17887","Staten Island","2014","8","19","6","30","5","152714","POINT (920296.3378466514 130500.67900787362)","BOSCOMBE AVENUE","Tyrellan Avenue","Dead end","EB"
"17887","Staten Island","2014","8","19","6","45","4","152714","POINT (920296.3378466514 130500.67900787362)","BOSCOMBE AVENUE","Tyrellan Avenue","Dead end","EB"
"17887","Staten Island","2014","8","19","7","0","8","152714","POINT (920296.3378466514 130500.67900787362)","BOSCOMBE AVENUE","Tyrellan Avenue","Dead end","EB"
"17887","Staten Island","2014","8","19","7","15","7","152714","POINT (920296.3378466514 130500.67900787362)","BOSCOMBE AVENUE","Tyrellan Avenue","Dead end","EB"
"17887","Staten Island","2014","8","19","7","30","4","152714","POINT (920296.3378466514 130500.67900787362)","BOSCOMBE AVENUE","Tyrellan Avenue","Dead end","EB"
"17887","Staten Island","2014","8","19","7","45","8","152714","POINT (920296.3378466514 130500.67900787362)","BOSCOMBE AVENUE","Tyrellan Avenue","Dead end","EB"
"17887","Staten Island","2014","8","19","8","0","8","152714","POINT (920296.3378466514 130500.67900787362)","BOSCOMBE AVENUE","Tyrellan Avenue","Dead end","EB"
"17887","Staten Island","2014","8","19","8","15","9","152714","POINT (920296.3378466514 130500.67900787362)","BOSCOMBE AVENUE","Tyrellan Avenue","Dead end","EB"
"17887","Staten Island","2014","8","19","8","30","3","152714","POINT (920296.3378466514 130500.67900787362)","BOSCOMBE AVENUE","Tyrellan Avenue","Dead end","EB"
"17887","Staten Island","2014","8","19","8","45","8","152714","POINT (920296.3378466514 130500.67900787362)","BOSCOMBE AVENUE","Tyrellan Avenue","Dead end","EB"
"17887","Staten Island","2014","8","19","9","0","8","152714","POINT (920296.3378466514 130500.67900787362)","BOSCOMBE AVENUE","Tyrellan Avenue","Dead end","EB"
"17887","Staten Island","2014","8","19","9","15","4","152714","POINT (920296.3378466514 130500.67900787362)","BOSCOMBE AVENUE","Tyrellan Avenue","Dead end","EB"
"17887","Staten Island","2014","8","19","9","30","9","152714","POINT (920296.3378466514 130500.67900787362)","BOSCOMBE AVENUE","Tyrellan Avenue","Dead end","EB"
"17887","Staten Island","2014","8","19","9","45","13","152714","POINT (920296.3378466514 130500.67900787362)","BOSCOMBE AVENUE","Tyrellan Avenue","Dead end","EB"
"17887","Staten Island","2014","8","19","10","0","10","152714","POINT (920296.3378466514 130500.67900787362)","BOSCOMBE AVENUE","Tyrellan Avenue","Dead end","EB"
"17887","Staten Island","2014","8","19","10","15","16","152714","POINT (920296.3378466514 130500.67900787362)","BOSCOMBE AVENUE","Tyrellan Avenue","Dead end","EB"
"17887","Staten Island","2014","8","19","10","30","19","152714","POINT (920296.3378466514 130500.67900787362)","BOSCOMBE AVENUE","Tyrellan Avenue","Dead end","EB"
"17887","Staten Island","2014","8","19","10","45","12","152714","POINT (920296.3378466514 130500.67900787362)","BOSCOMBE AVENUE","Tyrellan Avenue","Dead end","EB"
"17887","Staten Island","2014","8","19","11","0","12","152714","POINT (920296.3378466514 130500.67900787362)","BOSCOMBE AVENUE","Tyrellan Avenue","Dead end","EB"
"17887","Staten Island","2014","8","19","11","15","11","152714","POINT (920296.3378466514 130500.67900787362)","BOSCOMBE AVENUE","Tyrellan Avenue","Dead end","EB"
"17887","Staten Island","2014","8","19","11","30","14","152714","POINT (920296.3378466514 130500.67900787362)","BOSCOMBE AVENUE","Tyrellan Avenue","Dead end","EB"
"17887","Staten Island","2014","8","19","11","45","17","152714","POINT (920296.3378466514 130500.67900787362)","BOSCOMBE AVENUE","Tyrellan Avenue","Dead end","EB"
"17887","Staten Island","2014","8","19","12","0","10","152714","POINT (920296.3378466514 130500.67900787362)","BOSCOMBE AVENUE","Tyrellan Avenue","Dead end","EB"
"17887","Staten Island","2014","8","19","12","15","9","152714","POINT (920296.3378466514 130500.67900787362)","BOSCOMBE AVENUE","Tyrellan Avenue","Dead end","EB"
"17887","Staten Island","2014","8","19","12","30","10","152714","POINT (920296.3378466514 130500.67900787362)","BOSCOMBE AVENUE","Tyrellan Avenue","Dead end","EB"
"17887","Staten Island","2014","8","19","12","45","13","152714","POINT (920296.3378466514 130500.67900787362)","BOSCOMBE AVENUE","Tyrellan Avenue","Dead end","EB"
"17887","Staten Island","2014","8","19","13","0","14","152714","POINT (920296.3378466514 130500.67900787362)","BOSCOMBE AVENUE","Tyrellan Avenue","Dead end","EB"
"17887","Staten Island","2014","8","19","13","15","20","152714","POINT (920296.3378466514 130500.67900787362)","BOSCOMBE AVENUE","Tyrellan Avenue","Dead end","EB"
"17887","Staten Island","2014","8","19","13","30","11","152714","POINT (920296.3378466514 130500.67900787362)","BOSCOMBE AVENUE","Tyrellan Avenue","Dead end","EB"
"17887","Staten Island","2014","8","19","13","45","16","152714","POINT (920296.3378466514 130500.67900787362)","BOSCOMBE AVENUE","Tyrellan Avenue","Dead end","EB"
"17887","Staten Island","2014","8","19","14","0","26","152714","POINT (920296.3378466514 130500.67900787362)","BOSCOMBE AVENUE","Tyrellan Avenue","Dead end","EB"
"17887","Staten Island","2014","8","19","14","15","14","152714","POINT (920296.3378466514 130500.67900787362)","BOSCOMBE AVENUE","Tyrellan Avenue","Dead end","EB"
"17887","Staten Island","2014","8","19","14","30","17","152714","POINT (920296.3378466514 130500.67900787362)","BOSCOMBE AVENUE","Tyrellan Avenue","Dead end","EB"
"17887","Staten Island","2014","8","19","14","45","20","152714","POINT (920296.3378466514 130500.67900787362)","BOSCOMBE AVENUE","Tyrellan Avenue","Dead end","EB"
"17887","Staten Island","2014","8","19","15","0","11","152714","POINT (920296.3378466514 130500.67900787362)","BOSCOMBE AVENUE","Tyrellan Avenue","Dead end","EB"
"17887","Staten Island","2014","8","19","15","15","19","152714","POINT (920296.3378466514 130500.67900787362)","BOSCOMBE AVENUE","Tyrellan Avenue","Dead end","EB"
"17887","Staten Island","2014","8","19","15","30","18","152714","POINT (920296.3378466514 130500.67900787362)","BOSCOMBE AVENUE","Tyrellan Avenue","Dead end","EB"
"17887","Staten Island","2014","8","19","15","45","21","152714","POINT (920296.3378466514 130500.67900787362)","BOSCOMBE AVENUE","Tyrellan Avenue","Dead end","EB"
"17887","Staten Island","2014","8","19","16","0","26","152714","POINT (920296.3378466514 130500.67900787362)","BOSCOMBE AVENUE","Tyrellan Avenue","Dead end","EB"
"17887","Staten Island","2014","8","19","16","15","17","152714","POINT (920296.3378466514 130500.67900787362)","BOSCOMBE AVENUE","Tyrellan Avenue","Dead end","EB"
"17887","Staten Island","2014","8","19","16","30","25","152714","POINT (920296.3378466514 130500.67900787362)","BOSCOMBE AVENUE","Tyrellan Avenue","Dead end","EB"
"17887","Staten Island","2014","8","19","16","45","12","152714","POINT (920296.3378466514 130500.67900787362)","BOSCOMBE AVENUE","Tyrellan Avenue","Dead end","EB"
"17887","Staten Island","2014","8","19","17","0","21","152714","POINT (920296.3378466514 130500.67900787362)","BOSCOMBE AVENUE","Tyrellan Avenue","Dead end","EB"
"17887","Staten Island","2014","8","19","17","15","9","152714","POINT (920296.3378466514 130500.67900787362)","BOSCOMBE AVENUE","Tyrellan Avenue","Dead end","EB"
"17887","Staten Island","2014","8","19","17","30","16","152714","POINT (920296.3378466514 130500.67900787362)","BOSCOMBE AVENUE","Tyrellan Avenue","Dead end","EB"
"17887","Staten Island","2014","8","19","17","45","15","152714","POINT (920296.3378466514 130500.67900787362)","BOSCOMBE AVENUE","Tyrellan Avenue","Dead end","EB"
"17887","Staten Island","2014","8","19","18","0","26","152714","POINT (920296.3378466514 130500.67900787362)","BOSCOMBE AVENUE","Tyrellan Avenue","Dead end","EB"
"17887","Staten Island","2014","8","19","18","15","23","152714","POINT (920296.3378466514 130500.67900787362)","BOSCOMBE AVENUE","Tyrellan Avenue","Dead end","EB"
"17887","Staten Island","2014","8","19","18","30","17","152714","POINT (920296.3378466514 130500.67900787362)","BOSCOMBE AVENUE","Tyrellan Avenue","Dead end","EB"
"17887","Staten Island","2014","8","19","18","45","21","152714","POINT (920296.3378466514 130500.67900787362)","BOSCOMBE AVENUE","Tyrellan Avenue","Dead end","EB"
"17887","Staten Island","2014","8","19","19","0","14","152714","POINT (920296.3378466514 130500.67900787362)","BOSCOMBE AVENUE","Tyrellan Avenue","Dead end","EB"
"17887","Staten Island","2014","8","19","19","15","11","152714","POINT (920296.3378466514 130500.67900787362)","BOSCOMBE AVENUE","Tyrellan Avenue","Dead end","EB"
"17887","Staten Island","2014","8","19","19","30","19","152714","POINT (920296.3378466514 130500.67900787362)","BOSCOMBE AVENUE","Tyrellan Avenue","Dead end","EB"
"17887","Staten Island","2014","8","19","19","45","17","152714","POINT (920296.3378466514 130500.67900787362)","BOSCOMBE AVENUE","Tyrellan Avenue","Dead end","EB"
"17887","Staten Island","2014","8","19","20","0","18","152714","POINT (920296.3378466514 130500.67900787362)","BOSCOMBE AVENUE","Tyrellan Avenue","Dead end","EB"
"17887","Staten Island","2014","8","19","20","15","9","152714","POINT (920296.3378466514 130500.67900787362)","BOSCOMBE AVENUE","Tyrellan Avenue","Dead end","EB"
"17887","Staten Island","2014","8","19","20","30","21","152714","POINT (920296.3378466514 130500.67900787362)","BOSCOMBE AVENUE","Tyrellan Avenue","Dead end","EB"
"17887","Staten Island","2014","8","19","20","45","11","152714","POINT (920296.3378466514 130500.67900787362)","BOSCOMBE AVENUE","Tyrellan Avenue","Dead end","EB"
"17887","Staten Island","2014","8","19","21","0","13","152714","POINT (920296.3378466514 130500.67900787362)","BOSCOMBE AVENUE","Tyrellan Avenue","Dead end","EB"
"17887","Staten Island","2014","8","19","21","15","9","152714","POINT (920296.3378466514 130500.67900787362)","BOSCOMBE AVENUE","Tyrellan Avenue","Dead end","EB"
"17887","Staten Island","2014","8","19","21","30","10","152714","POINT (920296.3378466514 130500.67900787362)","BOSCOMBE AVENUE","Tyrellan Avenue","Dead end","EB"
"17887","Staten Island","2014","8","19","21","45","11","152714","POINT (920296.3378466514 130500.67900787362)","BOSCOMBE AVENUE","Tyrellan Avenue","Dead end","EB"
"17887","Staten Island","2014","8","19","22","0","8","152714","POINT (920296.3378466514 130500.67900787362)","BOSCOMBE AVENUE","Tyrellan Avenue","Dead end","EB"
"17887","Staten Island","2014","8","19","22","15","9","152714","POINT (920296.3378466514 130500.67900787362)","BOSCOMBE AVENUE","Tyrellan Avenue","Dead end","EB"
"17887","Staten Island","2014","8","19","22","30","12","152714","POINT (920296.3378466514 130500.67900787362)","BOSCOMBE AVENUE","Tyrellan Avenue","Dead end","EB"
"17887","Staten Island","2014","8","19","22","45","7","152714","POINT (920296.3378466514 130500.67900787362)","BOSCOMBE AVENUE","Tyrellan Avenue","Dead end","EB"
"17887","Staten Island","2014","8","19","23","0","7","152714","POINT (920296.3378466514 130500.67900787362)","BOSCOMBE AVENUE","Tyrellan Avenue","Dead end","EB"
"17887","Staten Island","2014","8","19","23","15","4","152714","POINT (920296.3378466514 130500.67900787362)","BOSCOMBE AVENUE","Tyrellan Avenue","Dead end","EB"
"17887","Staten Island","2014","8","19","23","30","3","152714","POINT (920296.3378466514 130500.67900787362)","BOSCOMBE AVENUE","Tyrellan Avenue","Dead end","EB"
"17887","Staten Island","2014","8","19","23","45","6","152714","POINT (920296.3378466514 130500.67900787362)","BOSCOMBE AVENUE","Tyrellan Avenue","Dead end","EB"
"17887","Staten Island","2014","8","20","0","0","3","152714","POINT (920296.3378466514 130500.67900787362)","BOSCOMBE AVENUE","Tyrellan Avenue","Dead end","EB"
"17887","Staten Island","2014","8","20","0","15","2","152714","POINT (920296.3378466514 130500.67900787362)","BOSCOMBE AVENUE","Tyrellan Avenue","Dead end","EB"
"17887","Staten Island","2014","8","20","0","30","2","152714","POINT (920296.3378466514 130500.67900787362)","BOSCOMBE AVENUE","Tyrellan Avenue","Dead end","EB"
"17887","Staten Island","2014","8","20","0","45","1","152714","POINT (920296.3378466514 130500.67900787362)","BOSCOMBE AVENUE","Tyrellan Avenue","Dead end","EB"
"17887","Staten Island","2014","8","20","1","0","1","152714","POINT (920296.3378466514 130500.67900787362)","BOSCOMBE AVENUE","Tyrellan Avenue","Dead end","EB"
"17887","Staten Island","2014","8","20","1","15","4","152714","POINT (920296.3378466514 130500.67900787362)","BOSCOMBE AVENUE","Tyrellan Avenue","Dead end","EB"
"17887","Staten Island","2014","8","20","1","30","1","152714","POINT (920296.3378466514 130500.67900787362)","BOSCOMBE AVENUE","Tyrellan Avenue","Dead end","EB"
"25234","Manhattan","2017","1","28","10","45","39","173672","POINT (1000252.4418015699 245215.36062323637)","WEST 165 STREET","Ft Washington Avenue","Broadway","EB"
"25234","Manhattan","2017","1","28","11","0","33","173672","POINT (1000252.4418015699 245215.36062323637)","WEST 165 STREET","Ft Washington Avenue","Broadway","EB"
"25234","Manhattan","2017","1","28","11","15","43","173672","POINT (1000252.4418015699 245215.36062323637)","WEST 165 STREET","Ft Washington Avenue","Broadway","EB"
"25234","Manhattan","2017","1","28","11","30","50","173672","POINT (1000252.4418015699 245215.36062323637)","WEST 165 STREET","Ft Washington Avenue","Broadway","EB"
"25234","Manhattan","2017","1","28","11","45","37","173672","POINT (1000252.4418015699 245215.36062323637)","WEST 165 STREET","Ft Washington Avenue","Broadway","EB"
"25234","Manhattan","2017","1","28","12","0","41","173672","POINT (1000252.4418015699 245215.36062323637)","WEST 165 STREET","Ft Washington Avenue","Broadway","EB"
"25234","Manhattan","2017","1","28","12","15","42","173672","POINT (1000252.4418015699 245215.36062323637)","WEST 165 STREET","Ft Washington Avenue","Broadway","EB"
"25234","Manhattan","2017","1","28","12","30","52","173672","POINT (1000252.4418015699 245215.36062323637)","WEST 165 STREET","Ft Washington Avenue","Broadway","EB"
"25234","Manhattan","2017","1","28","12","45","60","173672","POINT (1000252.4418015699 245215.36062323637)","WEST 165 STREET","Ft Washington Avenue","Broadway","EB"
"25234","Manhattan","2017","1","28","13","0","51","173672","POINT (1000252.4418015699 245215.36062323637)","WEST 165 STREET","Ft Washington Avenue","Broadway","EB"
"25234","Manhattan","2017","1","28","13","15","44","173672","POINT (1000252.4418015699 245215.36062323637)","WEST 165 STREET","Ft Washington Avenue","Broadway","EB"
"25234","Manhattan","2017","1","28","13","30","35","173672","POINT (1000252.4418015699 245215.36062323637)","WEST 165 STREET","Ft Washington Avenue","Broadway","EB"
"25234","Manhattan","2017","1","28","13","45","59","173672","POINT (1000252.4418015699 245215.36062323637)","WEST 165 STREET","Ft Washington Avenue","Broadway","EB"
"25234","Manhattan","2017","1","28","14","0","46","173672","POINT (1000252.4418015699 245215.36062323637)","WEST 165 STREET","Ft Washington Avenue","Broadway","EB"
"25234","Manhattan","2017","1","28","14","15","69","173672","POINT (1000252.4418015699 245215.36062323637)","WEST 165 STREET","Ft Washington Avenue","Broadway","EB"
"25234","Manhattan","2017","1","28","14","30","45","173672","POINT (1000252.4418015699 245215.36062323637)","WEST 165 STREET","Ft Washington Avenue","Broadway","EB"
"25234","Manhattan","2017","1","28","14","45","47","173672","POINT (1000252.4418015699 245215.36062323637)","WEST 165 STREET","Ft Washington Avenue","Broadway","EB"
"25234","Manhattan","2017","1","28","15","0","52","173672","POINT (1000252.4418015699 245215.36062323637)","WEST 165 STREET","Ft Washington Avenue","Broadway","EB"
"25234","Manhattan","2017","1","28","15","15","46","173672","POINT (1000252.4418015699 245215.36062323637)","WEST 165 STREET","Ft Washington Avenue","Broadway","EB"
"25234","Manhattan","2017","1","28","15","30","57","173672","POINT (1000252.4418015699 245215.36062323637)","WEST 165 STREET","Ft Washington Avenue","Broadway","EB"
"25234","Manhattan","2017","1","28","15","45","69","173672","POINT (1000252.4418015699 245215.36062323637)","WEST 165 STREET","Ft Washington Avenue","Broadway","EB"
"25234","Manhattan","2017","1","28","16","0","65","173672","POINT (1000252.4418015699 245215.36062323637)","WEST 165 STREET","Ft Washington Avenue","Broadway","EB"
"25234","Manhattan","2017","1","28","16","15","81","173672","POINT (1000252.4418015699 245215.36062323637)","WEST 165 STREET","Ft Washington Avenue","Broadway","EB"
"25234","Manhattan","2017","1","28","16","30","59","173672","POINT (1000252.4418015699 245215.36062323637)","WEST 165 STREET","Ft Washington Avenue","Broadway","EB"
"25234","Manhattan","2017","1","28","16","45","65","173672","POINT (1000252.4418015699 245215.36062323637)","WEST 165 STREET","Ft Washington Avenue","Broadway","EB"
"25234","Manhattan","2017","1","28","17","0","81","173672","POINT (1000252.4418015699 245215.36062323637)","WEST 165 STREET","Ft Washington Avenue","Broadway","EB"
"25234","Manhattan","2017","1","28","17","15","68","173672","POINT (1000252.4418015699 245215.36062323637)","WEST 165 STREET","Ft Washington Avenue","Broadway","EB"
"25234","Manhattan","2017","1","28","17","30","59","173672","POINT (1000252.4418015699 245215.36062323637)","WEST 165 STREET","Ft Washington Avenue","Broadway","EB"
"25234","Manhattan","2017","1","28","17","45","68","173672","POINT (1000252.4418015699 245215.36062323637)","WEST 165 STREET","Ft Washington Avenue","Broadway","EB"
"25234","Manhattan","2017","1","28","18","0","61","173672","POINT (1000252.4418015699 245215.36062323637)","WEST 165 STREET","Ft Washington Avenue","Broadway","EB"
"25234","Manhattan","2017","1","28","18","15","58","173672","POINT (1000252.4418015699 245215.36062323637)","WEST 165 STREET","Ft Washington Avenue","Broadway","EB"
"25234","Manhattan","2017","1","28","18","30","52","173672","POINT (1000252.4418015699 245215.36062323637)","WEST 165 STREET","Ft Washington Avenue","Broadway","EB"
"25234","Manhattan","2017","1","28","18","45","39","173672","POINT (1000252.4418015699 245215.36062323637)","WEST 165 STREET","Ft Washington Avenue","Broadway","EB"
"25234","Manhattan","2017","1","28","19","0","78","173672","POINT (1000252.4418015699 245215.36062323637)","WEST 165 STREET","Ft Washington Avenue","Broadway","EB"
"25234","Manhattan","2017","1","28","19","15","80","173672","POINT (1000252.4418015699 245215.36062323637)","WEST 165 STREET","Ft Washington Avenue","Broadway","EB"
"25234","Manhattan","2017","1","28","19","30","58","173672","POINT (1000252.4418015699 245215.36062323637)","WEST 165 STREET","Ft Washington Avenue","Broadway","EB"
"25234","Manhattan","2017","1","28","19","45","81","173672","POINT (1000252.4418015699 245215.36062323637)","WEST 165 STREET","Ft Washington Avenue","Broadway","EB"
"25234","Manhattan","2017","1","28","20","0","91","173672","POINT (1000252.4418015699 245215.36062323637)","WEST 165 STREET","Ft Washington Avenue","Broadway","EB"
"25234","Manhattan","2017","1","28","20","15","59","173672","POINT (1000252.4418015699 245215.36062323637)","WEST 165 STREET","Ft Washington Avenue","Broadway","EB"
"25234","Manhattan","2017","1","28","20","30","83","173672","POINT (1000252.4418015699 245215.36062323637)","WEST 165 STREET","Ft Washington Avenue","Broadway","EB"
"25234","Manhattan","2017","1","28","20","45","48","173672","POINT (1000252.4418015699 245215.36062323637)","WEST 165 STREET","Ft Washington Avenue","Broadway","EB"
"25234","Manhattan","2017","1","28","21","0","39","173672","POINT (1000252.4418015699 245215.36062323637)","WEST 165 STREET","Ft Washington Avenue","Broadway","EB"
"25234","Manhattan","2017","1","28","21","15","52","173672","POINT (1000252.4418015699 245215.36062323637)","WEST 165 STREET","Ft Washington Avenue","Broadway","EB"
"25234","Manhattan","2017","1","28","21","30","42","173672","POINT (1000252.4418015699 245215.36062323637)","WEST 165 STREET","Ft Washington Avenue","Broadway","EB"
"25234","Manhattan","2017","1","28","21","45","49","173672","POINT (1000252.4418015699 245215.36062323637)","WEST 165 STREET","Ft Washington Avenue","Broadway","EB"
"25234","Manhattan","2017","1","28","22","0","60","173672","POINT (1000252.4418015699 245215.36062323637)","WEST 165 STREET","Ft Washington Avenue","Broadway","EB"
"25234","Manhattan","2017","1","28","22","15","42","173672","POINT (1000252.4418015699 245215.36062323637)","WEST 165 STREET","Ft Washington Avenue","Broadway","EB"
"25234","Manhattan","2017","1","28","22","30","36","173672","POINT (1000252.4418015699 245215.36062323637)","WEST 165 STREET","Ft Washington Avenue","Broadway","EB"
"25234","Manhattan","2017","1","28","22","45","38","173672","POINT (1000252.4418015699 245215.36062323637)","WEST 165 STREET","Ft Washington Avenue","Broadway","EB"
"25234","Manhattan","2017","1","28","23","0","8","173672","POINT (1000252.4418015699 245215.36062323637)","WEST 165 STREET","Ft Washington Avenue","Broadway","EB"
"25234","Manhattan","2017","1","28","23","15","30","173672","POINT (1000252.4418015699 245215.36062323637)","WEST 165 STREET","Ft Washington Avenue","Broadway","EB"
"25234","Manhattan","2017","1","28","23","30","38","173672","POINT (1000252.4418015699 245215.36062323637)","WEST 165 STREET","Ft Washington Avenue","Broadway","EB"
"25234","Manhattan","2017","1","28","23","45","43","173672","POINT (1000252.4418015699 245215.36062323637)","WEST 165 STREET","Ft Washington Avenue","Broadway","EB"
"25234","Manhattan","2017","1","29","0","0","32","173672","POINT (1000252.4418015699 245215.36062323637)","WEST 165 STREET","Ft Washington Avenue","Broadway","EB"
"25234","Manhattan","2017","1","29","0","15","39","173672","POINT (1000252.4418015699 245215.36062323637)","WEST 165 STREET","Ft Washington Avenue","Broadway","EB"
"25234","Manhattan","2017","1","29","0","30","24","173672","POINT (1000252.4418015699 245215.36062323637)","WEST 165 STREET","Ft Washington Avenue","Broadway","EB"
"25234","Manhattan","2017","1","29","0","45","37","173672","POINT (1000252.4418015699 245215.36062323637)","WEST 165 STREET","Ft Washington Avenue","Broadway","EB"
"25234","Manhattan","2017","1","29","1","0","33","173672","POINT (1000252.4418015699 245215.36062323637)","WEST 165 STREET","Ft Washington Avenue","Broadway","EB"
"25234","Manhattan","2017","1","29","1","15","27","173672","POINT (1000252.4418015699 245215.36062323637)","WEST 165 STREET","Ft Washington Avenue","Broadway","EB"
"25234","Manhattan","2017","1","29","1","30","22","173672","POINT (1000252.4418015699 245215.36062323637)","WEST 165 STREET","Ft Washington Avenue","Broadway","EB"
"25234","Manhattan","2017","1","29","1","45","19","173672","POINT (1000252.4418015699 245215.36062323637)","WEST 165 STREET","Ft Washington Avenue","Broadway","EB"
"25234","Manhattan","2017","1","29","2","0","19","173672","POINT (1000252.4418015699 245215.36062323637)","WEST 165 STREET","Ft Washington Avenue","Broadway","EB"
"25234","Manhattan","2017","1","29","2","15","17","173672","POINT (1000252.4418015699 245215.36062323637)","WEST 165 STREET","Ft Washington Avenue","Broadway","EB"
"25234","Manhattan","2017","1","29","2","30","19","173672","POINT (1000252.4418015699 245215.36062323637)","WEST 165 STREET","Ft Washington Avenue","Broadway","EB"
"25234","Manhattan","2017","1","29","2","45","17","173672","POINT (1000252.4418015699 245215.36062323637)","WEST 165 STREET","Ft Washington Avenue","Broadway","EB"
"25234","Manhattan","2017","1","29","3","0","25","173672","POINT (1000252.4418015699 245215.36062323637)","WEST 165 STREET","Ft Washington Avenue","Broadway","EB"
"25234","Manhattan","2017","1","29","3","15","16","173672","POINT (1000252.4418015699 245215.36062323637)","WEST 165 STREET","Ft Washington Avenue","Broadway","EB"
"25234","Manhattan","2017","1","29","3","30","8","173672","POINT (1000252.4418015699 245215.36062323637)","WEST 165 STREET","Ft Washington Avenue","Broadway","EB"
"25234","Manhattan","2017","1","29","3","45","11","173672","POINT (1000252.4418015699 245215.36062323637)","WEST 165 STREET","Ft Washington Avenue","Broadway","EB"
"25234","Manhattan","2017","1","29","4","0","12","173672","POINT (1000252.4418015699 245215.36062323637)","WEST 165 STREET","Ft Washington Avenue","Broadway","EB"
"25234","Manhattan","2017","1","29","4","15","13","173672","POINT (1000252.4418015699 245215.36062323637)","WEST 165 STREET","Ft Washington Avenue","Broadway","EB"
"25234","Manhattan","2017","1","29","4","30","15","173672","POINT (1000252.4418015699 245215.36062323637)","WEST 165 STREET","Ft Washington Avenue","Broadway","EB"
"25234","Manhattan","2017","1","29","4","45","15","173672","POINT (1000252.4418015699 245215.36062323637)","WEST 165 STREET","Ft Washington Avenue","Broadway","EB"
"25234","Manhattan","2017","1","29","5","0","15","173672","POINT (1000252.4418015699 245215.36062323637)","WEST 165 STREET","Ft Washington Avenue","Broadway","EB"
"25234","Manhattan","2017","1","29","5","15","15","173672","POINT (1000252.4418015699 245215.36062323637)","WEST 165 STREET","Ft Washington Avenue","Broadway","EB"
"25234","Manhattan","2017","1","29","5","30","21","173672","POINT (1000252.4418015699 245215.36062323637)","WEST 165 STREET","Ft Washington Avenue","Broadway","EB"
"25234","Manhattan","2017","1","29","5","45","16","173672","POINT (1000252.4418015699 245215.36062323637)","WEST 165 STREET","Ft Washington Avenue","Broadway","EB"
"25234","Manhattan","2017","1","29","6","0","21","173672","POINT (1000252.4418015699 245215.36062323637)","WEST 165 STREET","Ft Washington Avenue","Broadway","EB"
"25234","Manhattan","2017","1","29","6","15","22","173672","POINT (1000252.4418015699 245215.36062323637)","WEST 165 STREET","Ft Washington Avenue","Broadway","EB"
"25234","Manhattan","2017","1","29","6","30","29","173672","POINT (1000252.4418015699 245215.36062323637)","WEST 165 STREET","Ft Washington Avenue","Broadway","EB"
"25234","Manhattan","2017","1","29","6","45","37","173672","POINT (1000252.4418015699 245215.36062323637)","WEST 165 STREET","Ft Washington Avenue","Broadway","EB"
"25234","Manhattan","2017","1","29","7","0","31","173672","POINT (1000252.4418015699 245215.36062323637)","WEST 165 STREET","Ft Washington Avenue","Broadway","EB"
"25234","Manhattan","2017","1","29","7","15","18","173672","POINT (1000252.4418015699 245215.36062323637)","WEST 165 STREET","Ft Washington Avenue","Broadway","EB"
"25234","Manhattan","2017","1","29","7","30","35","173672","POINT (1000252.4418015699 245215.36062323637)","WEST 165 STREET","Ft Washington Avenue","Broadway","EB"
"25234","Manhattan","2017","1","29","7","45","22","173672","POINT (1000252.4418015699 245215.36062323637)","WEST 165 STREET","Ft Washington Avenue","Broadway","EB"
"25234","Manhattan","2017","1","29","8","0","27","173672","POINT (1000252.4418015699 245215.36062323637)","WEST 165 STREET","Ft Washington Avenue","Broadway","EB"
"25234","Manhattan","2017","1","29","8","15","10","173672","POINT (1000252.4418015699 245215.36062323637)","WEST 165 STREET","Ft Washington Avenue","Broadway","EB"
"25234","Manhattan","2017","1","29","8","30","19","173672","POINT (1000252.4418015699 245215.36062323637)","WEST 165 STREET","Ft Washington Avenue","Broadway","EB"
"25234","Manhattan","2017","1","29","8","45","20","173672","POINT (1000252.4418015699 245215.36062323637)","WEST 165 STREET","Ft Washington Avenue","Broadway","EB"
"25234","Manhattan","2017","1","29","9","0","18","173672","POINT (1000252.4418015699 245215.36062323637)","WEST 165 STREET","Ft Washington Avenue","Broadway","EB"
"25234","Manhattan","2017","1","29","9","15","20","173672","POINT (1000252.4418015699 245215.36062323637)","WEST 165 STREET","Ft Washington Avenue","Broadway","EB"
"25234","Manhattan","2017","1","29","9","30","29","173672","POINT (1000252.4418015699 245215.36062323637)","WEST 165 STREET","Ft Washington Avenue","Broadway","EB"
"25234","Manhattan","2017","1","29","9","45","31","173672","POINT (1000252.4418015699 245215.36062323637)","WEST 165 STREET","Ft Washington Avenue","Broadway","EB"
"25234","Manhattan","2017","1","29","10","0","29","173672","POINT (1000252.4418015699 245215.36062323637)","WEST 165 STREET","Ft Washington Avenue","Broadway","EB"
"25234","Manhattan","2017","1","29","10","15","32","173672","POINT (1000252.4418015699 245215.36062323637)","WEST 165 STREET","Ft Washington Avenue","Broadway","EB"
"25234","Manhattan","2017","1","29","10","30","31","173672","POINT (1000252.4418015699 245215.36062323637)","WEST 165 STREET","Ft Washington Avenue","Broadway","EB"
"25234","Manhattan","2017","1","29","10","45","30","173672","POINT (1000252.4418015699 245215.36062323637)","WEST 165 STREET","Ft Washington Avenue","Broadway","EB"
"25234","Manhattan","2017","1","29","11","0","34","173672","POINT (1000252.4418015699 245215.36062323637)","WEST 165 STREET","Ft Washington Avenue","Broadway","EB"
"25234","Manhattan","2017","1","29","11","15","38","173672","POINT (1000252.4418015699 245215.36062323637)","WEST 165 STREET","Ft Washington Avenue","Broadway","EB"
"25234","Manhattan","2017","1","29","11","30","43","173672","POINT (1000252.4418015699 245215.36062323637)","WEST 165 STREET","Ft Washington Avenue","Broadway","EB"
"25234","Manhattan","2017","1","29","11","45","40","173672","POINT (1000252.4418015699 245215.36062323637)","WEST 165 STREET","Ft Washington Avenue","Broadway","EB"
"25234","Manhattan","2017","1","29","12","0","42","173672","POINT (1000252.4418015699 245215.36062323637)","WEST 165 STREET","Ft Washington Avenue","Broadway","EB"
"25234","Manhattan","2017","1","29","12","15","35","173672","POINT (1000252.4418015699 245215.36062323637)","WEST 165 STREET","Ft Washington Avenue","Broadway","EB"
"25234","Manhattan","2017","1","29","12","30","31","173672","POINT (1000252.4418015699 245215.36062323637)","WEST 165 STREET","Ft Washington Avenue","Broadway","EB"
"25234","Manhattan","2017","1","29","12","45","43","173672","POINT (1000252.4418015699 245215.36062323637)","WEST 165 STREET","Ft Washington Avenue","Broadway","EB"
"30153","Queens","2019","3","24","8","45","63","146375","POINT (1066863.5604375903 213507.78845794866)","UNION TURNPIKE","Langdale Street","Hewlett Street","EB"
"30153","Queens","2019","3","24","9","0","58","146375","POINT (1066863.5604375903 213507.78845794866)","UNION TURNPIKE","Langdale Street","Hewlett Street","EB"
"30153","Queens","2019","3","24","9","15","66","146375","POINT (1066863.5604375903 213507.78845794866)","UNION TURNPIKE","Langdale Street","Hewlett Street","EB"
"30153","Queens","2019","3","24","9","30","54","146375","POINT (1066863.5604375903 213507.78845794866)","UNION TURNPIKE","Langdale Street","Hewlett Street","EB"
"30153","Queens","2019","3","24","9","45","88","146375","POINT (1066863.5604375903 213507.78845794866)","UNION TURNPIKE","Langdale Street","Hewlett Street","EB"
"30153","Queens","2019","3","24","10","0","83","146375","POINT (1066863.5604375903 213507.78845794866)","UNION TURNPIKE","Langdale Street","Hewlett Street","EB"
"30153","Queens","2019","3","24","10","15","74","146375","POINT (1066863.5604375903 213507.78845794866)","UNION TURNPIKE","Langdale Street","Hewlett Street","EB"
"30153","Queens","2019","3","24","10","30","108","146375","POINT (1066863.5604375903 213507.78845794866)","UNION TURNPIKE","Langdale Street","Hewlett Street","EB"
"30153","Queens","2019","3","24","10","45","118","146375","POINT (1066863.5604375903 213507.78845794866)","UNION TURNPIKE","Langdale Street","Hewlett Street","EB"
"30153","Queens","2019","3","24","11","0","91","146375","POINT (1066863.5604375903 213507.78845794866)","UNION TURNPIKE","Langdale Street","Hewlett Street","EB"
"30153","Queens","2019","3","24","11","15","104","146375","POINT (1066863.5604375903 213507.78845794866)","UNION TURNPIKE","Langdale Street","Hewlett Street","EB"
"30153","Queens","2019","3","24","11","30","116","146375","POINT (1066863.5604375903 213507.78845794866)","UNION TURNPIKE","Langdale Street","Hewlett Street","EB"
"30153","Queens","2019","3","24","11","45","116","146375","POINT (1066863.5604375903 213507.78845794866)","UNION TURNPIKE","Langdale Street","Hewlett Street","EB"
"30153","Queens","2019","3","24","12","0","137","146375","POINT (1066863.5604375903 213507.78845794866)","UNION TURNPIKE","Langdale Street","Hewlett Street","EB"
"30153","Queens","2019","3","24","12","15","137","146375","POINT (1066863.5604375903 213507.78845794866)","UNION TURNPIKE","Langdale Street","Hewlett Street","EB"
"30153","Queens","2019","3","24","12","30","134","146375","POINT (1066863.5604375903 213507.78845794866)","UNION TURNPIKE","Langdale Street","Hewlett Street","EB"
"30153","Queens","2019","3","24","12","45","112","146375","POINT (1066863.5604375903 213507.78845794866)","UNION TURNPIKE","Langdale Street","Hewlett Street","EB"
"30153","Queens","2019","3","24","13","0","134","146375","POINT (1066863.5604375903 213507.78845794866)","UNION TURNPIKE","Langdale Street","Hewlett Street","EB"
"30153","Queens","2019","3","24","13","15","138","146375","POINT (1066863.5604375903 213507.78845794866)","UNION TURNPIKE","Langdale Street","Hewlett Street","EB"
"30153","Queens","2019","3","24","13","30","139","146375","POINT (1066863.5604375903 213507.78845794866)","UNION TURNPIKE","Langdale Street","Hewlett Street","EB"
"30153","Queens","2019","3","24","13","45","136","146375","POINT (1066863.5604375903 213507.78845794866)","UNION TURNPIKE","Langdale Street","Hewlett Street","EB"
"30153","Queens","2019","3","24","14","0","114","146375","POINT (1066863.5604375903 213507.78845794866)","UNION TURNPIKE","Langdale Street","Hewlett Street","EB"
"30153","Queens","2019","3","24","14","15","120","146375","POINT (1066863.5604375903 213507.78845794866)","UNION TURNPIKE","Langdale Street","Hewlett Street","EB"
"30153","Queens","2019","3","24","14","30","108","146375","POINT (1066863.5604375903 213507.78845794866)","UNION TURNPIKE","Langdale Street","Hewlett Street","EB"
"30153","Queens","2019","3","24","14","45","161","146375","POINT (1066863.5604375903 213507.78845794866)","UNION TURNPIKE","Langdale Street","Hewlett Street","EB"
"30153","Queens","2019","3","24","15","0","128","146375","POINT (1066863.5604375903 213507.78845794866)","UNION TURNPIKE","Langdale Street","Hewlett Street","EB"
"30153","Queens","2019","3","24","15","15","132","146375","POINT (1066863.5604375903 213507.78845794866)","UNION TURNPIKE","Langdale Street","Hewlett Street","EB"
"30153","Queens","2019","3","24","15","30","128","146375","POINT (1066863.5604375903 213507.78845794866)","UNION TURNPIKE","Langdale Street","Hewlett Street","EB"
"30153","Queens","2019","3","24","15","45","114","146375","POINT (1066863.5604375903 213507.78845794866)","UNION TURNPIKE","Langdale Street","Hewlett Street","EB"
"30153","Queens","2019","3","24","16","0","91","146375","POINT (1066863.5604375903 213507.78845794866)","UNION TURNPIKE","Langdale Street","Hewlett Street","EB"
"30153","Queens","2019","3","24","16","15","118","146375","POINT (1066863.5604375903 213507.78845794866)","UNION TURNPIKE","Langdale Street","Hewlett Street","EB"
"30153","Queens","2019","3","24","16","30","116","146375","POINT (1066863.5604375903 213507.78845794866)","UNION TURNPIKE","Langdale Street","Hewlett Street","EB"
"30153","Queens","2019","3","24","16","45","113","146375","POINT (1066863.5604375903 213507.78845794866)","UNION TURNPIKE","Langdale Street","Hewlett Street","EB"
"30153","Queens","2019","3","24","17","0","112","146375","POINT (1066863.5604375903 213507.78845794866)","UNION TURNPIKE","Langdale Street","Hewlett Street","EB"
"30153","Queens","2019","3","24","17","15","102","146375","POINT (1066863.5604375903 213507.78845794866)","UNION TURNPIKE","Langdale Street","Hewlett Street","EB"
"30153","Queens","2019","3","24","17","30","80","146375","POINT (1066863.5604375903 213507.78845794866)","UNION TURNPIKE","Langdale Street","Hewlett Street","EB"
"30153","Queens","2019","3","24","17","45","80","146375","POINT (1066863.5604375903 213507.78845794866)","UNION TURNPIKE","Langdale Street","Hewlett Street","EB"
"30153","Queens","2019","3","24","18","0","76","146375","POINT (1066863.5604375903 213507.78845794866)","UNION TURNPIKE","Langdale Street","Hewlett Street","EB"
"30153","Queens","2019","3","24","18","15","84","146375","POINT (1066863.5604375903 213507.78845794866)","UNION TURNPIKE","Langdale Street","Hewlett Street","EB"
"30153","Queens","2019","3","24","18","30","77","146375","POINT (1066863.5604375903 213507.78845794866)","UNION TURNPIKE","Langdale Street","Hewlett Street","EB"
"30153","Queens","2019","3","24","18","45","79","146375","POINT (1066863.5604375903 213507.78845794866)","UNION TURNPIKE","Langdale Street","Hewlett Street","EB"
"30153","Queens","2019","3","24","19","0","52","146375","POINT (1066863.5604375903 213507.78845794866)","UNION TURNPIKE","Langdale Street","Hewlett Street","EB"
"30153","Queens","2019","3","24","19","15","67","146375","POINT (1066863.5604375903 213507.78845794866)","UNION TURNPIKE","Langdale Street","Hewlett Street","EB"
"30153","Queens","2019","3","24","19","30","56","146375","POINT (1066863.5604375903 213507.78845794866)","UNION TURNPIKE","Langdale Street","Hewlett Street","EB"
"30153","Queens","2019","3","24","19","45","60","146375","POINT (1066863.5604375903 213507.78845794866)","UNION TURNPIKE","Langdale Street","Hewlett Street","EB"
"30153","Queens","2019","3","24","20","0","44","146375","POINT (1066863.5604375903 213507.78845794866)","UNION TURNPIKE","Langdale Street","Hewlett Street","EB"
"30153","Queens","2019","3","24","20","15","47","146375","POINT (1066863.5604375903 213507.78845794866)","UNION TURNPIKE","Langdale Street","Hewlett Street","EB"
"30153","Queens","2019","3","24","20","30","32","146375","POINT (1066863.5604375903 213507.78845794866)","UNION TURNPIKE","Langdale Street","Hewlett Street","EB"
"30153","Queens","2019","3","24","20","45","34","146375","POINT (1066863.5604375903 213507.78845794866)","UNION TURNPIKE","Langdale Street","Hewlett Street","EB"
"30153","Queens","2019","3","24","21","0","17","146375","POINT (1066863.5604375903 213507.78845794866)","UNION TURNPIKE","Langdale Street","Hewlett Street","EB"
"30153","Queens","2019","3","24","21","15","28","146375","POINT (1066863.5604375903 213507.78845794866)","UNION TURNPIKE","Langdale Street","Hewlett Street","EB"
"30153","Queens","2019","3","24","21","30","34","146375","POINT (1066863.5604375903 213507.78845794866)","UNION TURNPIKE","Langdale Street","Hewlett Street","EB"
"30153","Queens","2019","3","24","21","45","26","146375","POINT (1066863.5604375903 213507.78845794866)","UNION TURNPIKE","Langdale Street","Hewlett Street","EB"
"30153","Queens","2019","3","24","22","0","20","146375","POINT (1066863.5604375903 213507.78845794866)","UNION TURNPIKE","Langdale Street","Hewlett Street","EB"
"30153","Queens","2019","3","24","22","15","27","146375","POINT (1066863.5604375903 213507.78845794866)","UNION TURNPIKE","Langdale Street","Hewlett Street","EB"
"30153","Queens","2019","3","24","22","30","15","146375","POINT (1066863.5604375903 213507.78845794866)","UNION TURNPIKE","Langdale Street","Hewlett Street","EB"
"30153","Queens","2019","3","24","22","45","22","146375","POINT (1066863.5604375903 213507.78845794866)","UNION TURNPIKE","Langdale Street","Hewlett Street","EB"
"30153","Queens","2019","3","24","23","0","19","146375","POINT (1066863.5604375903 213507.78845794866)","UNION TURNPIKE","Langdale Street","Hewlett Street","EB"
"30153","Queens","2019","3","24","23","15","10","146375","POINT (1066863.5604375903 213507.78845794866)","UNION TURNPIKE","Langdale Street","Hewlett Street","EB"
"30153","Queens","2019","3","24","23","30","5","146375","POINT (1066863.5604375903 213507.78845794866)","UNION TURNPIKE","Langdale Street","Hewlett Street","EB"
"30153","Queens","2019","3","24","23","45","14","146375","POINT (1066863.5604375903 213507.78845794866)","UNION TURNPIKE","Langdale Street","Hewlett Street","EB"
"30153","Queens","2019","3","25","0","0","14","146375","POINT (1066863.5604375903 213507.78845794866)","UNION TURNPIKE","Langdale Street","Hewlett Street","EB"
"30153","Queens","2019","3","25","0","15","14","146375","POINT (1066863.5604375903 213507.78845794866)","UNION TURNPIKE","Langdale Street","Hewlett Street","EB"
"30153","Queens","2019","3","25","0","30","6","146375","POINT (1066863.5604375903 213507.78845794866)","UNION TURNPIKE","Langdale Street","Hewlett Street","EB"
"30153","Queens","2019","3","25","0","45","12","146375","POINT (1066863.5604375903 213507.78845794866)","UNION TURNPIKE","Langdale Street","Hewlett Street","EB"
"30153","Queens","2019","3","25","1","0","8","146375","POINT (1066863.5604375903 213507.78845794866)","UNION TURNPIKE","Langdale Street","Hewlett Street","EB"
"30153","Queens","2019","3","25","1","15","8","146375","POINT (1066863.5604375903 213507.78845794866)","UNION TURNPIKE","Langdale Street","Hewlett Street","EB"
"30153","Queens","2019","3","25","1","30","4","146375","POINT (1066863.5604375903 213507.78845794866)","UNION TURNPIKE","Langdale Street","Hewlett Street","EB"
"30153","Queens","2019","3","25","1","45","4","146375","POINT (1066863.5604375903 213507.78845794866)","UNION TURNPIKE","Langdale Street","Hewlett Street","EB"
"30153","Queens","2019","3","25","2","0","2","146375","POINT (1066863.5604375903 213507.78845794866)","UNION TURNPIKE","Langdale Street","Hewlett Street","EB"
"30153","Queens","2019","3","25","2","15","0","146375","POINT (1066863.5604375903 213507.78845794866)","UNION TURNPIKE","Langdale Street","Hewlett Street","EB"
"30153","Queens","2019","3","25","2","30","1","146375","POINT (1066863.5604375903 213507.78845794866)","UNION TURNPIKE","Langdale Street","Hewlett Street","EB"
"30153","Queens","2019","3","25","2","45","1","146375","POINT (1066863.5604375903 213507.78845794866)","UNION TURNPIKE","Langdale Street","Hewlett Street","EB"
"30153","Queens","2019","3","25","3","0","2","146375","POINT (1066863.5604375903 213507.78845794866)","UNION TURNPIKE","Langdale Street","Hewlett Street","EB"
"30153","Queens","2019","3","25","3","15","1","146375","POINT (1066863.5604375903 213507.78845794866)","UNION TURNPIKE","Langdale Street","Hewlett Street","EB"
"30153","Queens","2019","3","25","3","30","1","146375","POINT (1066863.5604375903 213507.78845794866)","UNION TURNPIKE","Langdale Street","Hewlett Street","EB"
"30153","Queens","2019","3","25","3","45","2","146375","POINT (1066863.5604375903 213507.78845794866)","UNION TURNPIKE","Langdale Street","Hewlett Street","EB"
"30153","Queens","2019","3","25","4","0","2","146375","POINT (1066863.5604375903 213507.78845794866)","UNION TURNPIKE","Langdale Street","Hewlett Street","EB"
"30153","Queens","2019","3","25","4","15","5","146375","POINT (1066863.5604375903 213507.78845794866)","UNION TURNPIKE","Langdale Street","Hewlett Street","EB"
"30153","Queens","2019","3","25","4","30","6","146375","POINT (1066863.5604375903 213507.78845794866)","UNION TURNPIKE","Langdale Street","Hewlett Street","EB"
"30153","Queens","2019","3","25","4","45","10","146375","POINT (1066863.5604375903 213507.78845794866)","UNION TURNPIKE","Langdale Street","Hewlett Street","EB"
"30153","Queens","2019","3","25","5","0","12","146375","POINT (1066863.5604375903 213507.78845794866)","UNION TURNPIKE","Langdale Street","Hewlett Street","EB"
"30153","Queens","2019","3","25","5","15","20","146375","POINT (1066863.5604375903 213507.78845794866)","UNION TURNPIKE","Langdale Street","Hewlett Street","EB"
"30153","Queens","2019","3","25","5","30","14","146375","POINT (1066863.5604375903 213507.78845794866)","UNION TURNPIKE","Langdale Street","Hewlett Street","EB"
"30153","Queens","2019","3","25","5","45","32","146375","POINT (1066863.5604375903 213507.78845794866)","UNION TURNPIKE","Langdale Street","Hewlett Street","EB"
"30153","Queens","2019","3","25","6","0","26","146375","POINT (1066863.5604375903 213507.78845794866)","UNION TURNPIKE","Langdale Street","Hewlett Street","EB"
"30153","Queens","2019","3","25","6","15","38","146375","POINT (1066863.5604375903 213507.78845794866)","UNION TURNPIKE","Langdale Street","Hewlett Street","EB"
"30153","Queens","2019","3","25","6","30","46","146375","POINT (1066863.5604375903 213507.78845794866)","UNION TURNPIKE","Langdale Street","Hewlett Street","EB"
"30153","Queens","2019","3","25","6","45","68","146375","POINT (1066863.5604375903 213507.78845794866)","UNION TURNPIKE","Langdale Street","Hewlett Street","EB"
"30153","Queens","2019","3","25","7","0","66","146375","POINT (1066863.5604375903 213507.78845794866)","UNION TURNPIKE","Langdale Street","Hewlett Street","EB"
"30153","Queens","2019","3","25","7","15","114","146375","POINT (1066863.5604375903 213507.78845794866)","UNION TURNPIKE","Langdale Street","Hewlett Street","EB"
"30153","Queens","2019","3","25","7","30","132","146375","POINT (1066863.5604375903 213507.78845794866)","UNION TURNPIKE","Langdale Street","Hewlett Street","EB"
"30153","Queens","2019","3","25","7","45","203","146375","POINT (1066863.5604375903 213507.78845794866)","UNION TURNPIKE","Langdale Street","Hewlett Street","EB"
"30153","Queens","2019","3","25","8","0","155","146375","POINT (1066863.5604375903 213507.78845794866)","UNION TURNPIKE","Langdale Street","Hewlett Street","EB"
"30153","Queens","2019","3","25","8","15","214","146375","POINT (1066863.5604375903 213507.78845794866)","UNION TURNPIKE","Langdale Street","Hewlett Street","EB"
"30153","Queens","2019","3","25","8","30","200","146375","POINT (1066863.5604375903 213507.78845794866)","UNION TURNPIKE","Langdale Street","Hewlett Street","EB"
"30153","Queens","2019","3","25","8","45","240","146375","POINT (1066863.5604375903 213507.78845794866)","UNION TURNPIKE","Langdale Street","Hewlett Street","EB"
"30153","Queens","2019","3","25","9","0","154","146375","POINT (1066863.5604375903 213507.78845794866)","UNION TURNPIKE","Langdale Street","Hewlett Street","EB"
"30153","Queens","2019","3","25","9","15","160","146375","POINT (1066863.5604375903 213507.78845794866)","UNION TURNPIKE","Langdale Street","Hewlett Street","EB"
"30153","Queens","2019","3","25","9","30","123","146375","POINT (1066863.5604375903 213507.78845794866)","UNION TURNPIKE","Langdale Street","Hewlett Street","EB"
"30153","Queens","2019","3","25","9","45","112","146375","POINT (1066863.5604375903 213507.78845794866)","UNION TURNPIKE","Langdale Street","Hewlett Street","EB"
"30153","Queens","2019","3","25","10","0","118","146375","POINT (1066863.5604375903 213507.78845794866)","UNION TURNPIKE","Langdale Street","Hewlett Street","EB"
"30153","Queens","2019","3","25","10","15","108","146375","POINT (1066863.5604375903 213507.78845794866)","UNION TURNPIKE","Langdale Street","Hewlett Street","EB"
"30153","Queens","2019","3","25","10","30","102","146375","POINT (1066863.5604375903 213507.78845794866)","UNION TURNPIKE","Langdale Street","Hewlett Street","EB"
"30153","Queens","2019","3","25","10","45","128","146375","POINT (1066863.5604375903 213507.78845794866)","UNION TURNPIKE","Langdale Street","Hewlett Street","EB"
"38522","Queens","2025","2","12","0","15","5","107410","POINT (1031108.5590729984 204126.0350155324)","PARK DRIVE EAST","Jewel Avenue","Dead end","NB"
"38522","Queens","2025","2","12","0","30","5","107410","POINT (1031108.5590729984 204126.0350155324)","PARK DRIVE EAST","Jewel Avenue","Dead end","NB"
"38522","Queens","2025","2","12","0","45","8","107410","POINT (1031108.5590729984 204126.0350155324)","PARK DRIVE EAST","Jewel Avenue","Dead end","NB"
"38522","Queens","2025","2","12","1","0","0","107410","POINT (1031108.5590729984 204126.0350155324)","PARK DRIVE EAST","Jewel Avenue","Dead end","NB"
"38522","Queens","2025","2","12","1","15","7","107410","POINT (1031108.5590729984 204126.0350155324)","PARK DRIVE EAST","Jewel Avenue","Dead end","NB"
"38522","Queens","2025","2","12","1","30","2","107410","POINT (1031108.5590729984 204126.0350155324)","PARK DRIVE EAST","Jewel Avenue","Dead end","NB"
"38522","Queens","2025","2","12","1","45","6","107410","POINT (1031108.5590729984 204126.0350155324)","PARK DRIVE EAST","Jewel Avenue","Dead end","NB"
"38522","Queens","2025","2","12","2","0","8","107410","POINT (1031108.5590729984 204126.0350155324)","PARK DRIVE EAST","Jewel Avenue","Dead end","NB"
"38522","Queens","2025","2","12","2","15","6","107410","POINT (1031108.5590729984 204126.0350155324)","PARK DRIVE EAST","Jewel Avenue","Dead end","NB"
"38522","Queens","2025","2","12","2","30","11","107410","POINT (1031108.5590729984 204126.0350155324)","PARK DRIVE EAST","Jewel Avenue","Dead end","NB"
"38522","Queens","2025","2","12","2","45","7","107410","POINT (1031108.5590729984 204126.0350155324)","PARK DRIVE EAST","Jewel Avenue","Dead end","NB"
"38522","Queens","2025","2","12","3","0","4","107410","POINT (1031108.5590729984 204126.0350155324)","PARK DRIVE EAST","Jewel Avenue","Dead end","NB"
"38522","Queens","2025","2","12","3","15","4","107410","POINT (1031108.5590729984 204126.0350155324)","PARK DRIVE EAST","Jewel Avenue","Dead end","NB"
"38522","Queens","2025","2","12","3","30","1","107410","POINT (1031108.5590729984 204126.0350155324)","PARK DRIVE EAST","Jewel Avenue","Dead end","NB"
"38522","Queens","2025","2","12","3","45","5","107410","POINT (1031108.5590729984 204126.0350155324)","PARK DRIVE EAST","Jewel Avenue","Dead end","NB"
"38522","Queens","2025","2","12","4","0","1","107410","POINT (1031108.5590729984 204126.0350155324)","PARK DRIVE EAST","Jewel Avenue","Dead end","NB"
"38522","Queens","2025","2","12","4","15","2","107410","POINT (1031108.5590729984 204126.0350155324)","PARK DRIVE EAST","Jewel Avenue","Dead end","NB"
"38522","Queens","2025","2","12","4","30","7","107410","POINT (1031108.5590729984 204126.0350155324)","PARK DRIVE EAST","Jewel Avenue","Dead end","NB"
"38522","Queens","2025","2","12","4","45","4","107410","POINT (1031108.5590729984 204126.0350155324)","PARK DRIVE EAST","Jewel Avenue","Dead end","NB"
"38522","Queens","2025","2","12","5","0","17","107410","POINT (1031108.5590729984 204126.0350155324)","PARK DRIVE EAST","Jewel Avenue","Dead end","NB"
"38522","Queens","2025","2","12","5","15","14","107410","POINT (1031108.5590729984 204126.0350155324)","PARK DRIVE EAST","Jewel Avenue","Dead end","NB"
"38522","Queens","2025","2","12","5","30","15","107410","POINT (1031108.5590729984 204126.0350155324)","PARK DRIVE EAST","Jewel Avenue","Dead end","NB"
"38522","Queens","2025","2","12","5","45","33","107410","POINT (1031108.5590729984 204126.0350155324)","PARK DRIVE EAST","Jewel Avenue","Dead end","NB"
"38522","Queens","2025","2","12","6","0","39","107410","POINT (1031108.5590729984 204126.0350155324)","PARK DRIVE EAST","Jewel Avenue","Dead end","NB"
"38522","Queens","2025","2","12","6","15","44","107410","POINT (1031108.5590729984 204126.0350155324)","PARK DRIVE EAST","Jewel Avenue","Dead end","NB"
"38522","Queens","2025","2","12","6","30","52","107410","POINT (1031108.5590729984 204126.0350155324)","PARK DRIVE EAST","Jewel Avenue","Dead end","NB"
"38522","Queens","2025","2","12","6","45","65","107410","POINT (1031108.5590729984 204126.0350155324)","PARK DRIVE EAST","Jewel Avenue","Dead end","NB"
"38522","Queens","2025","2","12","7","0","70","107410","POINT (1031108.5590729984 204126.0350155324)","PARK DRIVE EAST","Jewel Avenue","Dead end","NB"
"38522","Queens","2025","2","12","7","15","87","107410","POINT (1031108.5590729984 204126.0350155324)","PARK DRIVE EAST","Jewel Avenue","Dead end","NB"
"38522","Queens","2025","2","12","7","30","99","107410","POINT (1031108.5590729984 204126.0350155324)","PARK DRIVE EAST","Jewel Avenue","Dead end","NB"
"38522","Queens","2025","2","12","7","45","107","107410","POINT (1031108.5590729984 204126.0350155324)","PARK DRIVE EAST","Jewel Avenue","Dead end","NB"
"38522","Queens","2025","2","12","8","0","112","107410","POINT (1031108.5590729984 204126.0350155324)","PARK DRIVE EAST","Jewel Avenue","Dead end","NB"
"38522","Queens","2025","2","12","8","15","101","107410","POINT (1031108.5590729984 204126.0350155324)","PARK DRIVE EAST","Jewel Avenue","Dead end","NB"
"38522","Queens","2025","2","12","8","30","99","107410","POINT (1031108.5590729984 204126.0350155324)","PARK DRIVE EAST","Jewel Avenue","Dead end","NB"
"38522","Queens","2025","2","12","8","45","96","107410","POINT (1031108.5590729984 204126.0350155324)","PARK DRIVE EAST","Jewel Avenue","Dead end","NB"
"38522","Queens","2025","2","12","9","0","91","107410","POINT (1031108.5590729984 204126.0350155324)","PARK DRIVE EAST","Jewel Avenue","Dead end","NB"
"38522","Queens","2025","2","12","9","15","92","107410","POINT (1031108.5590729984 204126.0350155324)","PARK DRIVE EAST","Jewel Avenue","Dead end","NB"
"38522","Queens","2025","2","12","9","30","79","107410","POINT (1031108.5590729984 204126.0350155324)","PARK DRIVE EAST","Jewel Avenue","Dead end","NB"
"38522","Queens","2025","2","12","9","45","72","107410","POINT (1031108.5590729984 204126.0350155324)","PARK DRIVE EAST","Jewel Avenue","Dead end","NB"
"38522","Queens","2025","2","12","10","0","77","107410","POINT (1031108.5590729984 204126.0350155324)","PARK DRIVE EAST","Jewel Avenue","Dead end","NB"
"38522","Queens","2025","2","12","10","15","81","107410","POINT (1031108.5590729984 204126.0350155324)","PARK DRIVE EAST","Jewel Avenue","Dead end","NB"
"38522","Queens","2025","2","12","10","30","85","107410","POINT (1031108.5590729984 204126.0350155324)","PARK DRIVE EAST","Jewel Avenue","Dead end","NB"
"38522","Queens","2025","2","12","10","45","84","107410","POINT (1031108.5590729984 204126.0350155324)","PARK DRIVE EAST","Jewel Avenue","Dead end","NB"
"38522","Queens","2025","2","12","11","0","73","107410","POINT (1031108.5590729984 204126.0350155324)","PARK DRIVE EAST","Jewel Avenue","Dead end","NB"
"38522","Queens","2025","2","12","11","15","75","107410","POINT (1031108.5590729984 204126.0350155324)","PARK DRIVE EAST","Jewel Avenue","Dead end","NB"
"38522","Queens","2025","2","12","11","30","70","107410","POINT (1031108.5590729984 204126.0350155324)","PARK DRIVE EAST","Jewel Avenue","Dead end","NB"
"38522","Queens","2025","2","12","11","45","66","107410","POINT (1031108.5590729984 204126.0350155324)","PARK DRIVE EAST","Jewel Avenue","Dead end","NB"
"38522","Queens","2025","2","12","12","0","65","107410","POINT (1031108.5590729984 204126.0350155324)","PARK DRIVE EAST","Jewel Avenue","Dead end","NB"
"38522","Queens","2025","2","12","12","15","72","107410","POINT (1031108.5590729984 204126.0350155324)","PARK DRIVE EAST","Jewel Avenue","Dead end","NB"
"38522","Queens","2025","2","12","12","30","71","107410","POINT (1031108.5590729984 204126.0350155324)","PARK DRIVE EAST","Jewel Avenue","Dead end","NB"
"38522","Queens","2025","2","12","12","45","62","107410","POINT (1031108.5590729984 204126.0350155324)","PARK DRIVE EAST","Jewel Avenue","Dead end","NB"
"38522","Queens","2025","2","12","13","0","72","107410","POINT (1031108.5590729984 204126.0350155324)","PARK DRIVE EAST","Jewel Avenue","Dead end","NB"
"38522","Queens","2025","2","12","13","15","67","107410","POINT (1031108.5590729984 204126.0350155324)","PARK DRIVE EAST","Jewel Avenue","Dead end","NB"
"38522","Queens","2025","2","12","13","30","64","107410","POINT (1031108.5590729984 204126.0350155324)","PARK DRIVE EAST","Jewel Avenue","Dead end","NB"
"38522","Queens","2025","2","12","13","45","72","107410","POINT (1031108.5590729984 204126.0350155324)","PARK DRIVE EAST","Jewel Avenue","Dead end","NB"
"38522","Queens","2025","2","12","14","0","76","107410","POINT (1031108.5590729984 204126.0350155324)","PARK DRIVE EAST","Jewel Avenue","Dead end","NB"
"38522","Queens","2025","2","12","14","15","84","107410","POINT (1031108.5590729984 204126.0350155324)","PARK DRIVE EAST","Jewel Avenue","Dead end","NB"
"38522","Queens","2025","2","12","14","30","78","107410","POINT (1031108.5590729984 204126.0350155324)","PARK DRIVE EAST","Jewel Avenue","Dead end","NB"
"38522","Queens","2025","2","12","14","45","80","107410","POINT (1031108.5590729984 204126.0350155324)","PARK DRIVE EAST","Jewel Avenue","Dead end","NB"
"38522","Queens","2025","2","12","15","0","90","107410","POINT (1031108.5590729984 204126.0350155324)","PARK DRIVE EAST","Jewel Avenue","Dead end","NB"
"38522","Queens","2025","2","12","15","15","80","107410","POINT (1031108.5590729984 204126.0350155324)","PARK DRIVE EAST","Jewel Avenue","Dead end","NB"
"38522","Queens","2025","2","12","15","30","69","107410","POINT (1031108.5590729984 204126.0350155324)","PARK DRIVE EAST","Jewel Avenue","Dead end","NB"
"38522","Queens","2025","2","12","15","45","71","107410","POINT (1031108.5590729984 204126.0350155324)","PARK DRIVE EAST","Jewel Avenue","Dead end","NB"
"38522","Queens","2025","2","12","16","0","80","107410","POINT (1031108.5590729984 204126.0350155324)","PARK DRIVE EAST","Jewel Avenue","Dead end","NB"
"38522","Queens","2025","2","12","16","15","83","107410","POINT (1031108.5590729984 204126.0350155324)","PARK DRIVE EAST","Jewel Avenue","Dead end","NB"
"38522","Queens","2025","2","12","16","30","84","107410","POINT (1031108.5590729984 204126.0350155324)","PARK DRIVE EAST","Jewel Avenue","Dead end","NB"
"38522","Queens","2025","2","12","16","45","78","107410","POINT (1031108.5590729984 204126.0350155324)","PARK DRIVE EAST","Jewel Avenue","Dead end","NB"
"38522","Queens","2025","2","12","17","0","75","107410","POINT (1031108.5590729984 204126.0350155324)","PARK DRIVE EAST","Jewel Avenue","Dead end","NB"
"38522","Queens","2025","2","12","17","15","84","107410","POINT (1031108.5590729984 204126.0350155324)","PARK DRIVE EAST","Jewel Avenue","Dead end","NB"
"38522","Queens","2025","2","12","17","30","73","107410","POINT (1031108.5590729984 204126.0350155324)","PARK DRIVE EAST","Jewel Avenue","Dead end","NB"
"38522","Queens","2025","2","12","17","45","72","107410","POINT (1031108.5590729984 204126.0350155324)","PARK DRIVE EAST","Jewel Avenue","Dead end","NB"
"38522","Queens","2025","2","12","18","0","77","107410","POINT (1031108.5590729984 204126.0350155324)","PARK DRIVE EAST","Jewel Avenue","Dead end","NB"
"38522","Queens","2025","2","12","18","15","62","107410","POINT (1031108.5590729984 204126.0350155324)","PARK DRIVE EAST","Jewel Avenue","Dead end","NB"
"38522","Queens","2025","2","12","18","30","69","107410","POINT (1031108.5590729984 204126.0350155324)","PARK DRIVE EAST","Jewel Avenue","Dead end","NB"
"38522","Queens","2025","2","12","18","45","73","107410","POINT (1031108.5590729984 204126.0350155324)","PARK DRIVE EAST","Jewel Avenue","Dead end","NB"
"38522","Queens","2025","2","12","19","0","67","107410","POINT (1031108.5590729984 204126.0350155324)","PARK DRIVE EAST","Jewel Avenue","Dead end","NB"
"38522","Queens","2025","2","12","19","15","60","107410","POINT (1031108.5590729984 204126.0350155324)","PARK DRIVE EAST","Jewel Avenue","Dead end","NB"
"38522","Queens","2025","2","12","19","30","68","107410","POINT (1031108.5590729984 204126.0350155324)","PARK DRIVE EAST","Jewel Avenue","Dead end","NB"
"38522","Queens","2025","2","12","19","45","56","107410","POINT (1031108.5590729984 204126.0350155324)","PARK DRIVE EAST","Jewel Avenue","Dead end","NB"
"38522","Queens","2025","2","12","20","0","47","107410","POINT (1031108.5590729984 204126.0350155324)","PARK DRIVE EAST","Jewel Avenue","Dead end","NB"
"38522","Queens","2025","2","12","20","15","39","107410","POINT (1031108.5590729984 204126.0350155324)","PARK DRIVE EAST","Jewel Avenue","Dead end","NB"
"38522","Queens","2025","2","12","20","30","48","107410","POINT (1031108.5590729984 204126.0350155324)","PARK DRIVE EAST","Jewel Avenue","Dead end","NB"
"38522","Queens","2025","2","12","20","45","31","107410","POINT (1031108.5590729984 204126.0350155324)","PARK DRIVE EAST","Jewel Avenue","Dead end","NB"
"38522","Queens","2025","2","12","21","0","41","107410","POINT (1031108.5590729984 204126.0350155324)","PARK DRIVE EAST","Jewel Avenue","Dead end","NB"
"38522","Queens","2025","2","12","21","15","31","107410","POINT (1031108.5590729984 204126.0350155324)","PARK DRIVE EAST","Jewel Avenue","Dead end","NB"
"38522","Queens","2025","2","12","21","30","30","107410","POINT (1031108.5590729984 204126.0350155324)","PARK DRIVE EAST","Jewel Avenue","Dead end","NB"
"38522","Queens","2025","2","12","21","45","33","107410","POINT (1031108.5590729984 204126.0350155324)","PARK DRIVE EAST","Jewel Avenue","Dead end","NB"
"38522","Queens","2025","2","12","22","0","33","107410","POINT (1031108.5590729984 204126.0350155324)","PARK DRIVE EAST","Jewel Avenue","Dead end","NB"
"38522","Queens","2025","2","12","22","15","28","107410","POINT (1031108.5590729984 204126.0350155324)","PARK DRIVE EAST","Jewel Avenue","Dead end","NB"
"38522","Queens","2025","2","12","22","30","33","107410","POINT (1031108.5590729984 204126.0350155324)","PARK DRIVE EAST","Jewel Avenue","Dead end","NB"
"38522","Queens","2025","2","12","22","45","30","107410","POINT (1031108.5590729984 204126.0350155324)","PARK DRIVE EAST","Jewel Avenue","Dead end","NB"
"38522","Queens","2025","2","12","23","0","27","107410","POINT (1031108.5590729984 204126.0350155324)","PARK DRIVE EAST","Jewel Avenue","Dead end","NB"
"38522","Queens","2025","2","12","23","15","16","107410","POINT (1031108.5590729984 204126.0350155324)","PARK DRIVE EAST","Jewel Avenue","Dead end","NB"
"38522","Queens","2025","2","12","23","30","14","107410","POINT (1031108.5590729984 204126.0350155324)","PARK DRIVE EAST","Jewel Avenue","Dead end","NB"
"38522","Queens","2025","2","12","23","45","21","107410","POINT (1031108.5590729984 204126.0350155324)","PARK DRIVE EAST","Jewel Avenue","Dead end","NB"
"38522","Queens","2025","1","30","0","0","11","107410","POINT (1031108.5590729984 204126.0350155324)","PARK DRIVE EAST","Jewel Avenue","Dead end","SB"
"38522","Queens","2025","1","30","0","15","13","107410","POINT (1031108.5590729984 204126.0350155324)","PARK DRIVE EAST","Jewel Avenue","Dead end","SB"
"38522","Queens","2025","1","30","0","30","11","107410","POINT (1031108.5590729984 204126.0350155324)","PARK DRIVE EAST","Jewel Avenue","Dead end","SB"
"38522","Queens","2025","1","30","0","45","7","107410","POINT (1031108.5590729984 204126.0350155324)","PARK DRIVE EAST","Jewel Avenue","Dead end","SB"
"38522","Queens","2025","1","30","1","0","10","107410","POINT (1031108.5590729984 204126.0350155324)","PARK DRIVE EAST","Jewel Avenue","Dead end","SB"
"38522","Queens","2025","1","30","1","15","14","107410","POINT (1031108.5590729984 204126.0350155324)","PARK DRIVE EAST","Jewel Avenue","Dead end","SB"
"38522","Queens","2025","1","30","1","30","6","107410","POINT (1031108.5590729984 204126.0350155324)","PARK DRIVE EAST","Jewel Avenue","Dead end","SB"
"38522","Queens","2025","1","30","1","45","3","107410","POINT (1031108.5590729984 204126.0350155324)","PARK DRIVE EAST","Jewel Avenue","Dead end","SB"
"38522","Queens","2025","1","30","2","0","5","107410","POINT (1031108.5590729984 204126.0350155324)","PARK DRIVE EAST","Jewel Avenue","Dead end","SB"
"38522","Queens","2025","1","30","2","15","5","107410","POINT (1031108.5590729984 204126.0350155324)","PARK DRIVE EAST","Jewel Avenue","Dead end","SB"
"37357","Queens","2024","6","7","0","15","39","91575","POINT (1035145.781805888 211867.85207027182)","KISSENA BOULEVARD","Negundo Avenue","Oak Avenue","SB"
"37357","Queens","2024","6","7","0","30","26","91575","POINT (1035145.781805888 211867.85207027182)","KISSENA BOULEVARD","Negundo Avenue","Oak Avenue","SB"
"37357","Queens","2024","6","7","0","45","23","91575","POINT (1035145.781805888 211867.85207027182)","KISSENA BOULEVARD","Negundo Avenue","Oak Avenue","SB"
"37357","Queens","2024","6","7","1","0","10","91575","POINT (1035145.781805888 211867.85207027182)","KISSENA BOULEVARD","Negundo Avenue","Oak Avenue","SB"
"37357","Queens","2024","6","7","1","15","23","91575","POINT (1035145.781805888 211867.85207027182)","KISSENA BOULEVARD","Negundo Avenue","Oak Avenue","SB"
"37357","Queens","2024","6","7","1","30","12","91575","POINT (1035145.781805888 211867.85207027182)","KISSENA BOULEVARD","Negundo Avenue","Oak Avenue","SB"
"37357","Queens","2024","6","7","1","45","19","91575","POINT (1035145.781805888 211867.85207027182)","KISSENA BOULEVARD","Negundo Avenue","Oak Avenue","SB"
"37357","Queens","2024","6","7","2","0","19","91575","POINT (1035145.781805888 211867.85207027182)","KISSENA BOULEVARD","Negundo Avenue","Oak Avenue","SB"
"37357","Queens","2024","6","7","2","15","14","91575","POINT (1035145.781805888 211867.85207027182)","KISSENA BOULEVARD","Negundo Avenue","Oak Avenue","SB"
"37357","Queens","2024","6","7","2","30","15","91575","POINT (1035145.781805888 211867.85207027182)","KISSENA BOULEVARD","Negundo Avenue","Oak Avenue","SB"
"37357","Queens","2024","6","7","2","45","4","91575","POINT (1035145.781805888 211867.85207027182)","KISSENA BOULEVARD","Negundo Avenue","Oak Avenue","SB"
"37357","Queens","2024","6","7","3","0","5","91575","POINT (1035145.781805888 211867.85207027182)","KISSENA BOULEVARD","Negundo Avenue","Oak Avenue","SB"
"37357","Queens","2024","6","7","3","15","2","91575","POINT (1035145.781805888 211867.85207027182)","KISSENA BOULEVARD","Negundo Avenue","Oak Avenue","SB"
"37357","Queens","2024","6","7","3","30","11","91575","POINT (1035145.781805888 211867.85207027182)","KISSENA BOULEVARD","Negundo Avenue","Oak Avenue","SB"
"37357","Queens","2024","6","7","3","45","19","91575","POINT (1035145.781805888 211867.85207027182)","KISSENA BOULEVARD","Negundo Avenue","Oak Avenue","SB"
"37357","Queens","2024","6","7","4","0","8","91575","POINT (1035145.781805888 211867.85207027182)","KISSENA BOULEVARD","Negundo Avenue","Oak Avenue","SB"
"37357","Queens","2024","6","7","4","15","7","91575","POINT (1035145.781805888 211867.85207027182)","KISSENA BOULEVARD","Negundo Avenue","Oak Avenue","SB"
"37357","Queens","2024","6","7","4","30","22","91575","POINT (1035145.781805888 211867.85207027182)","KISSENA BOULEVARD","Negundo Avenue","Oak Avenue","SB"
"37357","Queens","2024","6","7","4","45","20","91575","POINT (1035145.781805888 211867.85207027182)","KISSENA BOULEVARD","Negundo Avenue","Oak Avenue","SB"
"37357","Queens","2024","6","7","5","0","22","91575","POINT (1035145.781805888 211867.85207027182)","KISSENA BOULEVARD","Negundo Avenue","Oak Avenue","SB"
"37357","Queens","2024","6","7","5","15","27","91575","POINT (1035145.781805888 211867.85207027182)","KISSENA BOULEVARD","Negundo Avenue","Oak Avenue","SB"
"37357","Queens","2024","6","7","5","30","23","91575","POINT (1035145.781805888 211867.85207027182)","KISSENA BOULEVARD","Negundo Avenue","Oak Avenue","SB"
"37357","Queens","2024","6","7","5","45","27","91575","POINT (1035145.781805888 211867.85207027182)","KISSENA BOULEVARD","Negundo Avenue","Oak Avenue","SB"
"37357","Queens","2024","6","7","6","0","28","91575","POINT (1035145.781805888 211867.85207027182)","KISSENA BOULEVARD","Negundo Avenue","Oak Avenue","SB"
"37357","Queens","2024","6","7","6","15","35","91575","POINT (1035145.781805888 211867.85207027182)","KISSENA BOULEVARD","Negundo Avenue","Oak Avenue","SB"
"37357","Queens","2024","6","7","6","30","32","91575","POINT (1035145.781805888 211867.85207027182)","KISSENA BOULEVARD","Negundo Avenue","Oak Avenue","SB"
"37357","Queens","2024","6","7","6","45","39","91575","POINT (1035145.781805888 211867.85207027182)","KISSENA BOULEVARD","Negundo Avenue","Oak Avenue","SB"
"37357","Queens","2024","6","7","7","0","67","91575","POINT (1035145.781805888 211867.85207027182)","KISSENA BOULEVARD","Negundo Avenue","Oak Avenue","SB"
"37357","Queens","2024","6","7","7","15","76","91575","POINT (1035145.781805888 211867.85207027182)","KISSENA BOULEVARD","Negundo Avenue","Oak Avenue","SB"
"37357","Queens","2024","6","7","7","30","74","91575","POINT (1035145.781805888 211867.85207027182)","KISSENA BOULEVARD","Negundo Avenue","Oak Avenue","SB"
"37357","Queens","2024","6","7","7","45","74","91575","POINT (1035145.781805888 211867.85207027182)","KISSENA BOULEVARD","Negundo Avenue","Oak Avenue","SB"
"37357","Queens","2024","6","7","8","0","82","91575","POINT (1035145.781805888 211867.85207027182)","KISSENA BOULEVARD","Negundo Avenue","Oak Avenue","SB"
"37357","Queens","2024","6","7","8","15","88","91575","POINT (1035145.781805888 211867.85207027182)","KISSENA BOULEVARD","Negundo Avenue","Oak Avenue","SB"
"37357","Queens","2024","6","7","8","30","92","91575","POINT (1035145.781805888 211867.85207027182)","KISSENA BOULEVARD","Negundo Avenue","Oak Avenue","SB"
"37357","Queens","2024","6","7","8","45","75","91575","POINT (1035145.781805888 211867.85207027182)","KISSENA BOULEVARD","Negundo Avenue","Oak Avenue","SB"
"37357","Queens","2024","6","7","9","0","83","91575","POINT (1035145.781805888 211867.85207027182)","KISSENA BOULEVARD","Negundo Avenue","Oak Avenue","SB"
"37357","Queens","2024","6","7","9","15","65","91575","POINT (1035145.781805888 211867.85207027182)","KISSENA BOULEVARD","Negundo Avenue","Oak Avenue","SB"
"37357","Queens","2024","6","7","9","30","78","91575","POINT (1035145.781805888 211867.85207027182)","KISSENA BOULEVARD","Negundo Avenue","Oak Avenue","SB"
"37357","Queens","2024","6","7","9","45","87","91575","POINT (1035145.781805888 211867.85207027182)","KISSENA BOULEVARD","Negundo Avenue","Oak Avenue","SB"
"37357","Queens","2024","6","7","10","0","70","91575","POINT (1035145.781805888 211867.85207027182)","KISSENA BOULEVARD","Negundo Avenue","Oak Avenue","SB"
"37357","Queens","2024","6","7","10","15","85","91575","POINT (1035145.781805888 211867.85207027182)","KISSENA BOULEVARD","Negundo Avenue","Oak Avenue","SB"
"37357","Queens","2024","6","7","10","30","76","91575","POINT (1035145.781805888 211867.85207027182)","KISSENA BOULEVARD","Negundo Avenue","Oak Avenue","SB"
"37357","Queens","2024","6","7","10","45","79","91575","POINT (1035145.781805888 211867.85207027182)","KISSENA BOULEVARD","Negundo Avenue","Oak Avenue","SB"
"37357","Queens","2024","6","7","11","0","83","91575","POINT (1035145.781805888 211867.85207027182)","KISSENA BOULEVARD","Negundo Avenue","Oak Avenue","SB"
"37357","Queens","2024","6","7","11","15","75","91575","POINT (1035145.781805888 211867.85207027182)","KISSENA BOULEVARD","Negundo Avenue","Oak Avenue","SB"
"37357","Queens","2024","6","7","11","30","90","91575","POINT (1035145.781805888 211867.85207027182)","KISSENA BOULEVARD","Negundo Avenue","Oak Avenue","SB"
"37357","Queens","2024","6","7","11","45","91","91575","POINT (1035145.781805888 211867.85207027182)","KISSENA BOULEVARD","Negundo Avenue","Oak Avenue","SB"
"37357","Queens","2024","6","7","12","0","80","91575","POINT (1035145.781805888 211867.85207027182)","KISSENA BOULEVARD","Negundo Avenue","Oak Avenue","SB"
"37357","Queens","2024","6","7","12","15","102","91575","POINT (1035145.781805888 211867.85207027182)","KISSENA BOULEVARD","Negundo Avenue","Oak Avenue","SB"
"37357","Queens","2024","6","7","12","30","88","91575","POINT (1035145.781805888 211867.85207027182)","KISSENA BOULEVARD","Negundo Avenue","Oak Avenue","SB"
"37357","Queens","2024","6","7","12","45","86","91575","POINT (1035145.781805888 211867.85207027182)","KISSENA BOULEVARD","Negundo Avenue","Oak Avenue","SB"
"37357","Queens","2024","6","7","13","0","96","91575","POINT (1035145.781805888 211867.85207027182)","KISSENA BOULEVARD","Negundo Avenue","Oak Avenue","SB"
"37357","Queens","2024","6","7","13","15","84","91575","POINT (1035145.781805888 211867.85207027182)","KISSENA BOULEVARD","Negundo Avenue","Oak Avenue","SB"
"37357","Queens","2024","6","7","13","30","94","91575","POINT (1035145.781805888 211867.85207027182)","KISSENA BOULEVARD","Negundo Avenue","Oak Avenue","SB"
"37357","Queens","2024","6","7","13","45","73","91575","POINT (1035145.781805888 211867.85207027182)","KISSENA BOULEVARD","Negundo Avenue","Oak Avenue","SB"
"37357","Queens","2024","6","7","14","0","83","91575","POINT (1035145.781805888 211867.85207027182)","KISSENA BOULEVARD","Negundo Avenue","Oak Avenue","SB"
"37357","Queens","2024","6","7","14","15","79","91575","POINT (1035145.781805888 211867.85207027182)","KISSENA BOULEVARD","Negundo Avenue","Oak Avenue","SB"
"37357","Queens","2024","6","7","14","30","85","91575","POINT (1035145.781805888 211867.85207027182)","KISSENA BOULEVARD","Negundo Avenue","Oak Avenue","SB"
"37357","Queens","2024","6","7","14","45","79","91575","POINT (1035145.781805888 211867.85207027182)","KISSENA BOULEVARD","Negundo Avenue","Oak Avenue","SB"
"37357","Queens","2024","6","7","15","0","79","91575","POINT (1035145.781805888 211867.85207027182)","KISSENA BOULEVARD","Negundo Avenue","Oak Avenue","SB"
"37357","Queens","2024","6","7","15","15","82","91575","POINT (1035145.781805888 211867.85207027182)","KISSENA BOULEVARD","Negundo Avenue","Oak Avenue","SB"
"37357","Queens","2024","6","7","15","30","97","91575","POINT (1035145.781805888 211867.85207027182)","KISSENA BOULEVARD","Negundo Avenue","Oak Avenue","SB"
"37357","Queens","2024","6","7","15","45","84","91575","POINT (1035145.781805888 211867.85207027182)","KISSENA BOULEVARD","Negundo Avenue","Oak Avenue","SB"
"37357","Queens","2024","6","7","16","0","91","91575","POINT (1035145.781805888 211867.85207027182)","KISSENA BOULEVARD","Negundo Avenue","Oak Avenue","SB"
"37357","Queens","2024","6","7","16","15","84","91575","POINT (1035145.781805888 211867.85207027182)","KISSENA BOULEVARD","Negundo Avenue","Oak Avenue","SB"
"37357","Queens","2024","6","7","16","30","91","91575","POINT (1035145.781805888 211867.85207027182)","KISSENA BOULEVARD","Negundo Avenue","Oak Avenue","SB"
"37357","Queens","2024","6","7","16","45","82","91575","POINT (1035145.781805888 211867.85207027182)","KISSENA BOULEVARD","Negundo Avenue","Oak Avenue","SB"
"37357","Queens","2024","6","7","17","0","87","91575","POINT (1035145.781805888 211867.85207027182)","KISSENA BOULEVARD","Negundo Avenue","Oak Avenue","SB"
"37357","Queens","2024","6","7","17","15","83","91575","POINT (1035145.781805888 211867.85207027182)","KISSENA BOULEVARD","Negundo Avenue","Oak Avenue","SB"
"37357","Queens","2024","6","7","17","30","94","91575","POINT (1035145.781805888 211867.85207027182)","KISSENA BOULEVARD","Negundo Avenue","Oak Avenue","SB"
"37357","Queens","2024","6","7","17","45","85","91575","POINT (1035145.781805888 211867.85207027182)","KISSENA BOULEVARD","Negundo Avenue","Oak Avenue","SB"
"37357","Queens","2024","6","7","18","0","90","91575","POINT (1035145.781805888 211867.85207027182)","KISSENA BOULEVARD","Negundo Avenue","Oak Avenue","SB"
"37357","Queens","2024","6","7","18","15","99","91575","POINT (1035145.781805888 211867.85207027182)","KISSENA BOULEVARD","Negundo Avenue","Oak Avenue","SB"
"37357","Queens","2024","6","7","18","30","104","91575","POINT (1035145.781805888 211867.85207027182)","KISSENA BOULEVARD","Negundo Avenue","Oak Avenue","SB"
"37357","Queens","2024","6","7","18","45","98","91575","POINT (1035145.781805888 211867.85207027182)","KISSENA BOULEVARD","Negundo Avenue","Oak Avenue","SB"
"37357","Queens","2024","6","7","19","0","85","91575","POINT (1035145.781805888 211867.85207027182)","KISSENA BOULEVARD","Negundo Avenue","Oak Avenue","SB"
"37357","Queens","2024","6","7","19","15","92","91575","POINT (1035145.781805888 211867.85207027182)","KISSENA BOULEVARD","Negundo Avenue","Oak Avenue","SB"
"37357","Queens","2024","6","7","19","30","75","91575","POINT (1035145.781805888 211867.85207027182)","KISSENA BOULEVARD","Negundo Avenue","Oak Avenue","SB"
"37357","Queens","2024","6","7","19","45","73","91575","POINT (1035145.781805888 211867.85207027182)","KISSENA BOULEVARD","Negundo Avenue","Oak Avenue","SB"
"37357","Queens","2024","6","7","20","0","77","91575","POINT (1035145.781805888 211867.85207027182)","KISSENA BOULEVARD","Negundo Avenue","Oak Avenue","SB"
"37357","Queens","2024","6","7","20","15","77","91575","POINT (1035145.781805888 211867.85207027182)","KISSENA BOULEVARD","Negundo Avenue","Oak Avenue","SB"
"37357","Queens","2024","6","7","20","30","87","91575","POINT (1035145.781805888 211867.85207027182)","KISSENA BOULEVARD","Negundo Avenue","Oak Avenue","SB"
"37357","Queens","2024","6","7","20","45","78","91575","POINT (1035145.781805888 211867.85207027182)","KISSENA BOULEVARD","Negundo Avenue","Oak Avenue","SB"
"37357","Queens","2024","6","7","21","0","61","91575","POINT (1035145.781805888 211867.85207027182)","KISSENA BOULEVARD","Negundo Avenue","Oak Avenue","SB"
"37357","Queens","2024","6","7","21","15","68","91575","POINT (1035145.781805888 211867.85207027182)","KISSENA BOULEVARD","Negundo Avenue","Oak Avenue","SB"
"37357","Queens","2024","6","7","21","30","76","91575","POINT (1035145.781805888 211867.85207027182)","KISSENA BOULEVARD","Negundo Avenue","Oak Avenue","SB"
"37357","Queens","2024","6","7","21","45","79","91575","POINT (1035145.781805888 211867.85207027182)","KISSENA BOULEVARD","Negundo Avenue","Oak Avenue","SB"
"37357","Queens","2024","6","7","22","0","73","91575","POINT (1035145.781805888 211867.85207027182)","KISSENA BOULEVARD","Negundo Avenue","Oak Avenue","SB"
"37357","Queens","2024","6","7","22","15","60","91575","POINT (1035145.781805888 211867.85207027182)","KISSENA BOULEVARD","Negundo Avenue","Oak Avenue","SB"
"37357","Queens","2024","6","7","22","30","62","91575","POINT (1035145.781805888 211867.85207027182)","KISSENA BOULEVARD","Negundo Avenue","Oak Avenue","SB"
"37357","Queens","2024","6","7","22","45","47","91575","POINT (1035145.781805888 211867.85207027182)","KISSENA BOULEVARD","Negundo Avenue","Oak Avenue","SB"
"37357","Queens","2024","6","7","23","0","56","91575","POINT (1035145.781805888 211867.85207027182)","KISSENA BOULEVARD","Negundo Avenue","Oak Avenue","SB"
"37357","Queens","2024","6","7","23","15","37","91575","POINT (1035145.781805888 211867.85207027182)","KISSENA BOULEVARD","Negundo Avenue","Oak Avenue","SB"
"37357","Queens","2024","6","7","23","30","36","91575","POINT (1035145.781805888 211867.85207027182)","KISSENA BOULEVARD","Negundo Avenue","Oak Avenue","SB"
"37357","Queens","2024","6","7","23","45","34","91575","POINT (1035145.781805888 211867.85207027182)","KISSENA BOULEVARD","Negundo Avenue","Oak Avenue","SB"
"37357","Queens","2024","6","8","0","0","34","91575","POINT (1035145.781805888 211867.85207027182)","KISSENA BOULEVARD","Negundo Avenue","Oak Avenue","SB"
"37357","Queens","2024","6","8","0","15","27","91575","POINT (1035145.781805888 211867.85207027182)","KISSENA BOULEVARD","Negundo Avenue","Oak Avenue","SB"
"37357","Queens","2024","6","8","0","30","29","91575","POINT (1035145.781805888 211867.85207027182)","KISSENA BOULEVARD","Negundo Avenue","Oak Avenue","SB"
"37357","Queens","2024","6","8","0","45","23","91575","POINT (1035145.781805888 211867.85207027182)","KISSENA BOULEVARD","Negundo Avenue","Oak Avenue","SB"
"37357","Queens","2024","6","8","1","0","19","91575","POINT (1035145.781805888 211867.85207027182)","KISSENA BOULEVARD","Negundo Avenue","Oak Avenue","SB"
"37357","Queens","2024","6","8","1","15","24","91575","POINT (1035145.781805888 211867.85207027182)","KISSENA BOULEVARD","Negundo Avenue","Oak Avenue","SB"
"37357","Queens","2024","6","8","1","30","14","91575","POINT (1035145.781805888 211867.85207027182)","KISSENA BOULEVARD","Negundo Avenue","Oak Avenue","SB"
"37357","Queens","2024","6","8","1","45","10","91575","POINT (1035145.781805888 211867.85207027182)","KISSENA BOULEVARD","Negundo Avenue","Oak Avenue","SB"
"37357","Queens","2024","6","8","2","0","6","91575","POINT (1035145.781805888 211867.85207027182)","KISSENA BOULEVARD","Negundo Avenue","Oak Avenue","SB"
"37357","Queens","2024","6","8","2","15","12","91575","POINT (1035145.781805888 211867.85207027182)","KISSENA BOULEVARD","Negundo Avenue","Oak Avenue","SB"
"3220","Queens","2009","3","11","22","45","6","179041","POINT (1038149.6 202942.2)","E/B 77 ROAD @ 164 ST","162 ST","164 ST","EB"
"3220","Queens","2009","3","11","23","0","1","179041","POINT (1038149.6 202942.2)","E/B 77 ROAD @ 164 ST","162 ST","164 ST","EB"
"3220","Queens","2009","3","11","23","15","0","179041","POINT (1038149.6 202942.2)","E/B 77 ROAD @ 164 ST","162 ST","164 ST","EB"
"3220","Queens","2009","3","11","23","30","2","179041","POINT (1038149.6 202942.2)","E/B 77 ROAD @ 164 ST","162 ST","164 ST","EB"
"3220","Queens","2009","3","11","23","45","1","179041","POINT (1038149.6 202942.2)","E/B 77 ROAD @ 164 ST","162 ST","164 ST","EB"
"3220","Queens","2009","3","12","0","0","0","179041","POINT (1038149.6 202942.2)","E/B 77 ROAD @ 164 ST","162 ST","164 ST","EB"
"3220","Queens","2009","3","12","0","15","3","179041","POINT (1038149.6 202942.2)","E/B 77 ROAD @ 164 ST","162 ST","164 ST","EB"
"3220","Queens","2009","3","12","0","30","3","179041","POINT (1038149.6 202942.2)","E/B 77 ROAD @ 164 ST","162 ST","164 ST","EB"
"3220","Queens","2009","3","12","0","45","1","179041","POINT (1038149.6 202942.2)","E/B 77 ROAD @ 164 ST","162 ST","164 ST","EB"
"3220","Queens","2009","3","12","1","0","0","179041","POINT (1038149.6 202942.2)","E/B 77 ROAD @ 164 ST","162 ST","164 ST","EB"
"3220","Queens","2009","3","12","1","15","0","179041","POINT (1038149.6 202942.2)","E/B 77 ROAD @ 164 ST","162 ST","164 ST","EB"
"3220","Queens","2009","3","12","1","30","2","179041","POINT (1038149.6 202942.2)","E/B 77 ROAD @ 164 ST","162 ST","164 ST","EB"
"3220","Queens","2009","3","12","1","45","1","179041","POINT (1038149.6 202942.2)","E/B 77 ROAD @ 164 ST","162 ST","164 ST","EB"
"3220","Queens","2009","3","12","2","0","1","179041","POINT (1038149.6 202942.2)","E/B 77 ROAD @ 164 ST","162 ST","164 ST","EB"
"3220","Queens","2009","3","12","2","15","2","179041","POINT (1038149.6 202942.2)","E/B 77 ROAD @ 164 ST","162 ST","164 ST","EB"
"3220","Queens","2009","3","12","2","30","0","179041","POINT (1038149.6 202942.2)","E/B 77 ROAD @ 164 ST","162 ST","164 ST","EB"
"3220","Queens","2009","3","12","2","45","1","179041","POINT (1038149.6 202942.2)","E/B 77 ROAD @ 164 ST","162 ST","164 ST","EB"
"3220","Queens","2009","3","12","3","0","1","179041","POINT (1038149.6 202942.2)","E/B 77 ROAD @ 164 ST","162 ST","164 ST","EB"
"3220","Queens","2009","3","12","3","15","0","179041","POINT (1038149.6 202942.2)","E/B 77 ROAD @ 164 ST","162 ST","164 ST","EB"
"3220","Queens","2009","3","12","3","30","1","179041","POINT (1038149.6 202942.2)","E/B 77 ROAD @ 164 ST","162 ST","164 ST","EB"
"3220","Queens","2009","3","12","3","45","0","179041","POINT (1038149.6 202942.2)","E/B 77 ROAD @ 164 ST","162 ST","164 ST","EB"
"3220","Queens","2009","3","12","4","0","0","179041","POINT (1038149.6 202942.2)","E/B 77 ROAD @ 164 ST","162 ST","164 ST","EB"
"3220","Queens","2009","3","12","4","15","0","179041","POINT (1038149.6 202942.2)","E/B 77 ROAD @ 164 ST","162 ST","164 ST","EB"
"3220","Queens","2009","3","12","4","30","1","179041","POINT (1038149.6 202942.2)","E/B 77 ROAD @ 164 ST","162 ST","164 ST","EB"
"3220","Queens","2009","3","12","4","45","0","179041","POINT (1038149.6 202942.2)","E/B 77 ROAD @ 164 ST","162 ST","164 ST","EB"
"3220","Queens","2009","3","12","5","0","2","179041","POINT (1038149.6 202942.2)","E/B 77 ROAD @ 164 ST","162 ST","164 ST","EB"
"3220","Queens","2009","3","12","5","15","0","179041","POINT (1038149.6 202942.2)","E/B 77 ROAD @ 164 ST","162 ST","164 ST","EB"
"3220","Queens","2009","3","12","5","30","1","179041","POINT (1038149.6 202942.2)","E/B 77 ROAD @ 164 ST","162 ST","164 ST","EB"
"3220","Queens","2009","3","12","5","45","3","179041","POINT (1038149.6 202942.2)","E/B 77 ROAD @ 164 ST","162 ST","164 ST","EB"
"3220","Queens","2009","3","12","6","0","5","179041","POINT (1038149.6 202942.2)","E/B 77 ROAD @ 164 ST","162 ST","164 ST","EB"
"3220","Queens","2009","3","12","6","15","2","179041","POINT (1038149.6 202942.2)","E/B 77 ROAD @ 164 ST","162 ST","164 ST","EB"
"3220","Queens","2009","3","12","6","30","1","179041","POINT (1038149.6 202942.2)","E/B 77 ROAD @ 164 ST","162 ST","164 ST","EB"
"3220","Queens","2009","3","12","6","45","5","179041","POINT (1038149.6 202942.2)","E/B 77 ROAD @ 164 ST","162 ST","164 ST","EB"
"3220","Queens","2009","3","12","7","0","6","179041","POINT (1038149.6 202942.2)","E/B 77 ROAD @ 164 ST","162 ST","164 ST","EB"
"3220","Queens","2009","3","12","7","15","9","179041","POINT (1038149.6 202942.2)","E/B 77 ROAD @ 164 ST","162 ST","164 ST","EB"
"3220","Queens","2009","3","12","7","30","16","179041","POINT (1038149.6 202942.2)","E/B 77 ROAD @ 164 ST","162 ST","164 ST","EB"
"3220","Queens","2009","3","12","7","45","8","179041","POINT (1038149.6 202942.2)","E/B 77 ROAD @ 164 ST","162 ST","164 ST","EB"
"3220","Queens","2009","3","12","8","0","14","179041","POINT (1038149.6 202942.2)","E/B 77 ROAD @ 164 ST","162 ST","164 ST","EB"
"3220","Queens","2009","3","12","8","15","11","179041","POINT (1038149.6 202942.2)","E/B 77 ROAD @ 164 ST","162 ST","164 ST","EB"
"3220","Queens","2009","3","12","8","30","13","179041","POINT (1038149.6 202942.2)","E/B 77 ROAD @ 164 ST","162 ST","164 ST","EB"
"3220","Queens","2009","3","12","8","45","14","179041","POINT (1038149.6 202942.2)","E/B 77 ROAD @ 164 ST","162 ST","164 ST","EB"
"3220","Queens","2009","3","12","9","0","10","179041","POINT (1038149.6 202942.2)","E/B 77 ROAD @ 164 ST","162 ST","164 ST","EB"
"3220","Queens","2009","3","12","9","15","5","179041","POINT (1038149.6 202942.2)","E/B 77 ROAD @ 164 ST","162 ST","164 ST","EB"
"3220","Queens","2009","3","12","9","30","8","179041","POINT (1038149.6 202942.2)","E/B 77 ROAD @ 164 ST","162 ST","164 ST","EB"
"3220","Queens","2009","3","12","9","45","8","179041","POINT (1038149.6 202942.2)","E/B 77 ROAD @ 164 ST","162 ST","164 ST","EB"
"3220","Queens","2009","3","12","10","0","2","179041","POINT (1038149.6 202942.2)","E/B 77 ROAD @ 164 ST","162 ST","164 ST","EB"
"3220","Queens","2009","3","12","10","15","8","179041","POINT (1038149.6 202942.2)","E/B 77 ROAD @ 164 ST","162 ST","164 ST","EB"
"3220","Queens","2009","3","12","10","30","5","179041","POINT (1038149.6 202942.2)","E/B 77 ROAD @ 164 ST","162 ST","164 ST","EB"
"3220","Queens","2009","3","12","10","45","9","179041","POINT (1038149.6 202942.2)","E/B 77 ROAD @ 164 ST","162 ST","164 ST","EB"
"3220","Queens","2009","3","12","11","0","5","179041","POINT (1038149.6 202942.2)","E/B 77 ROAD @ 164 ST","162 ST","164 ST","EB"
"3220","Queens","2009","3","12","11","15","11","179041","POINT (1038149.6 202942.2)","E/B 77 ROAD @ 164 ST","162 ST","164 ST","EB"
"3220","Queens","2009","3","12","11","30","9","179041","POINT (1038149.6 202942.2)","E/B 77 ROAD @ 164 ST","162 ST","164 ST","EB"
"3220","Queens","2009","3","12","11","45","10","179041","POINT (1038149.6 202942.2)","E/B 77 ROAD @ 164 ST","162 ST","164 ST","EB"
"3220","Queens","2009","3","12","12","0","3","179041","POINT (1038149.6 202942.2)","E/B 77 ROAD @ 164 ST","162 ST","164 ST","EB"
"3220","Queens","2009","3","12","12","15","7","179041","POINT (1038149.6 202942.2)","E/B 77 ROAD @ 164 ST","162 ST","164 ST","EB"
"3220","Queens","2009","3","12","12","30","6","179041","POINT (1038149.6 202942.2)","E/B 77 ROAD @ 164 ST","162 ST","164 ST","EB"
"3220","Queens","2009","3","12","12","45","6","179041","POINT (1038149.6 202942.2)","E/B 77 ROAD @ 164 ST","162 ST","164 ST","EB"
"3220","Queens","2009","3","12","13","0","8","179041","POINT (1038149.6 202942.2)","E/B 77 ROAD @ 164 ST","162 ST","164 ST","EB"
"3220","Queens","2009","3","12","13","15","7","179041","POINT (1038149.6 202942.2)","E/B 77 ROAD @ 164 ST","162 ST","164 ST","EB"
"3220","Queens","2009","3","12","13","30","8","179041","POINT (1038149.6 202942.2)","E/B 77 ROAD @ 164 ST","162 ST","164 ST","EB"
"3220","Queens","2009","3","12","13","45","11","179041","POINT (1038149.6 202942.2)","E/B 77 ROAD @ 164 ST","162 ST","164 ST","EB"
"3220","Queens","2009","3","12","14","0","10","179041","POINT (1038149.6 202942.2)","E/B 77 ROAD @ 164 ST","162 ST","164 ST","EB"
"3220","Queens","2009","3","12","14","15","9","179041","POINT (1038149.6 202942.2)","E/B 77 ROAD @ 164 ST","162 ST","164 ST","EB"
"3220","Queens","2009","3","12","14","30","7","179041","POINT (1038149.6 202942.2)","E/B 77 ROAD @ 164 ST","162 ST","164 ST","EB"
"3220","Queens","2009","3","12","14","45","10","179041","POINT (1038149.6 202942.2)","E/B 77 ROAD @ 164 ST","162 ST","164 ST","EB"
"3220","Queens","2009","3","12","15","0","18","179041","POINT (1038149.6 202942.2)","E/B 77 ROAD @ 164 ST","162 ST","164 ST","EB"
"3220","Queens","2009","3","12","15","15","12","179041","POINT (1038149.6 202942.2)","E/B 77 ROAD @ 164 ST","162 ST","164 ST","EB"
"3220","Queens","2009","3","12","15","30","12","179041","POINT (1038149.6 202942.2)","E/B 77 ROAD @ 164 ST","162 ST","164 ST","EB"
"3220","Queens","2009","3","12","15","45","8","179041","POINT (1038149.6 202942.2)","E/B 77 ROAD @ 164 ST","162 ST","164 ST","EB"
"3220","Queens","2009","3","12","16","0","15","179041","POINT (1038149.6 202942.2)","E/B 77 ROAD @ 164 ST","162 ST","164 ST","EB"
"3220","Queens","2009","3","12","16","15","14","179041","POINT (1038149.6 202942.2)","E/B 77 ROAD @ 164 ST","162 ST","164 ST","EB"
"3220","Queens","2009","3","12","16","30","13","179041","POINT (1038149.6 202942.2)","E/B 77 ROAD @ 164 ST","162 ST","164 ST","EB"
"3220","Queens","2009","3","12","16","45","7","179041","POINT (1038149.6 202942.2)","E/B 77 ROAD @ 164 ST","162 ST","164 ST","EB"
"3220","Queens","2009","3","12","17","0","12","179041","POINT (1038149.6 202942.2)","E/B 77 ROAD @ 164 ST","162 ST","164 ST","EB"
"3220","Queens","2009","3","12","17","15","11","179041","POINT (1038149.6 202942.2)","E/B 77 ROAD @ 164 ST","162 ST","164 ST","EB"
"3220","Queens","2009","3","12","17","30","19","179041","POINT (1038149.6 202942.2)","E/B 77 ROAD @ 164 ST","162 ST","164 ST","EB"
"3220","Queens","2009","3","12","17","45","13","179041","POINT (1038149.6 202942.2)","E/B 77 ROAD @ 164 ST","162 ST","164 ST","EB"
"3220","Queens","2009","3","12","18","0","11","179041","POINT (1038149.6 202942.2)","E/B 77 ROAD @ 164 ST","162 ST","164 ST","EB"
"3220","Queens","2009","3","12","18","15","15","179041","POINT (1038149.6 202942.2)","E/B 77 ROAD @ 164 ST","162 ST","164 ST","EB"
"3220","Queens","2009","3","12","18","30","13","179041","POINT (1038149.6 202942.2)","E/B 77 ROAD @ 164 ST","162 ST","164 ST","EB"
"3220","Queens","2009","3","12","18","45","10","179041","POINT (1038149.6 202942.2)","E/B 77 ROAD @ 164 ST","162 ST","164 ST","EB"
"3220","Queens","2009","3","12","19","0","11","179041","POINT (1038149.6 202942.2)","E/B 77 ROAD @ 164 ST","162 ST","164 ST","EB"
"3220","Queens","2009","3","12","19","15","13","179041","POINT (1038149.6 202942.2)","E/B 77 ROAD @ 164 ST","162 ST","164 ST","EB"
"3220","Queens","2009","3","12","19","30","4","179041","POINT (1038149.6 202942.2)","E/B 77 ROAD @ 164 ST","162 ST","164 ST","EB"
"3220","Queens","2009","3","12","19","45","8","179041","POINT (1038149.6 202942.2)","E/B 77 ROAD @ 164 ST","162 ST","164 ST","EB"
"3220","Queens","2009","3","12","20","0","9","179041","POINT (1038149.6 202942.2)","E/B 77 ROAD @ 164 ST","162 ST","164 ST","EB"
"3220","Queens","2009","3","12","20","15","9","179041","POINT (1038149.6 202942.2)","E/B 77 ROAD @ 164 ST","162 ST","164 ST","EB"
"3220","Queens","2009","3","12","20","30","9","179041","POINT (1038149.6 202942.2)","E/B 77 ROAD @ 164 ST","162 ST","164 ST","EB"
"3220","Queens","2009","3","12","20","45","11","179041","POINT (1038149.6 202942.2)","E/B 77 ROAD @ 164 ST","162 ST","164 ST","EB"
"3220","Queens","2009","3","12","21","0","6","179041","POINT (1038149.6 202942.2)","E/B 77 ROAD @ 164 ST","162 ST","164 ST","EB"
"3220","Queens","2009","3","12","21","15","4","179041","POINT (1038149.6 202942.2)","E/B 77 ROAD @ 164 ST","162 ST","164 ST","EB"
"3220","Queens","2009","3","12","21","30","8","179041","POINT (1038149.6 202942.2)","E/B 77 ROAD @ 164 ST","162 ST","164 ST","EB"
"3220","Queens","2009","3","12","21","45","8","179041","POINT (1038149.6 202942.2)","E/B 77 ROAD @ 164 ST","162 ST","164 ST","EB"
"3220","Queens","2009","3","12","22","0","2","179041","POINT (1038149.6 202942.2)","E/B 77 ROAD @ 164 ST","162 ST","164 ST","EB"
"3220","Queens","2009","3","12","22","15","4","179041","POINT (1038149.6 202942.2)","E/B 77 ROAD @ 164 ST","162 ST","164 ST","EB"
"3220","Queens","2009","3","12","22","30","6","179041","POINT (1038149.6 202942.2)","E/B 77 ROAD @ 164 ST","162 ST","164 ST","EB"
"3220","Queens","2009","3","12","22","45","4","179041","POINT (1038149.6 202942.2)","E/B 77 ROAD @ 164 ST","162 ST","164 ST","EB"
"3220","Queens","2009","3","12","23","0","5","179041","POINT (1038149.6 202942.2)","E/B 77 ROAD @ 164 ST","162 ST","164 ST","EB"
"3220","Queens","2009","3","12","23","15","1","179041","POINT (1038149.6 202942.2)","E/B 77 ROAD @ 164 ST","162 ST","164 ST","EB"
"3220","Queens","2009","3","12","23","30","1","179041","POINT (1038149.6 202942.2)","E/B 77 ROAD @ 164 ST","162 ST","164 ST","EB"
"3220","Queens","2009","3","12","23","45","4","179041","POINT (1038149.6 202942.2)","E/B 77 ROAD @ 164 ST","162 ST","164 ST","EB"
"3220","Queens","2009","3","13","0","0","1","179041","POINT (1038149.6 202942.2)","E/B 77 ROAD @ 164 ST","162 ST","164 ST","EB"
"3220","Queens","2009","3","13","0","15","2","179041","POINT (1038149.6 202942.2)","E/B 77 ROAD @ 164 ST","162 ST","164 ST","EB"
"3220","Queens","2009","3","13","0","30","1","179041","POINT (1038149.6 202942.2)","E/B 77 ROAD @ 164 ST","162 ST","164 ST","EB"
"3220","Queens","2009","3","13","0","45","0","179041","POINT (1038149.6 202942.2)","E/B 77 ROAD @ 164 ST","162 ST","164 ST","EB"
"7755","Staten Island","2011","7","5","5","30","11","196658","POINT (929365.1 132146.6)","AMBOY RD","VERNON AV","WOODHULLE AV","EB"
"7755","Staten Island","2011","7","5","5","45","7","196658","POINT (929365.1 132146.6)","AMBOY RD","VERNON AV","WOODHULLE AV","EB"
"7755","Staten Island","2011","7","5","6","0","9","196658","POINT (929365.1 132146.6)","AMBOY RD","VERNON AV","WOODHULLE AV","EB"
"7755","Staten Island","2011","7","5","6","15","20","196658","POINT (929365.1 132146.6)","AMBOY RD","VERNON AV","WOODHULLE AV","EB"
"7755","Staten Island","2011","7","5","6","30","30","196658","POINT (929365.1 132146.6)","AMBOY RD","VERNON AV","WOODHULLE AV","EB"
"7755","Staten Island","2011","7","5","6","45","24","196658","POINT (929365.1 132146.6)","AMBOY RD","VERNON AV","WOODHULLE AV","EB"
"7755","Staten Island","2011","7","5","7","0","24","196658","POINT (929365.1 132146.6)","AMBOY RD","VERNON AV","WOODHULLE AV","EB"
"7755","Staten Island","2011","7","5","7","15","46","196658","POINT (929365.1 132146.6)","AMBOY RD","VERNON AV","WOODHULLE AV","EB"
"7755","Staten Island","2011","7","5","7","30","33","196658","POINT (929365.1 132146.6)","AMBOY RD","VERNON AV","WOODHULLE AV","EB"
"7755","Staten Island","2011","7","5","7","45","33","196658","POINT (929365.1 132146.6)","AMBOY RD","VERNON AV","WOODHULLE AV","EB"
"7755","Staten Island","2011","7","5","8","0","51","196658","POINT (929365.1 132146.6)","AMBOY RD","VERNON AV","WOODHULLE AV","EB"
"7755","Staten Island","2011","7","5","8","15","47","196658","POINT (929365.1 132146.6)","AMBOY RD","VERNON AV","WOODHULLE AV","EB"
"7755","Staten Island","2011","7","5","8","30","55","196658","POINT (929365.1 132146.6)","AMBOY RD","VERNON AV","WOODHULLE AV","EB"
"7755","Staten Island","2011","7","5","8","45","72","196658","POINT (929365.1 132146.6)","AMBOY RD","VERNON AV","WOODHULLE AV","EB"
"7755","Staten Island","2011","7","5","9","0","67","196658","POINT (929365.1 132146.6)","AMBOY RD","VERNON AV","WOODHULLE AV","EB"
"7755","Staten Island","2011","7","5","9","15","62","196658","POINT (929365.1 132146.6)","AMBOY RD","VERNON AV","WOODHULLE AV","EB"
"7755","Staten Island","2011","7","5","9","30","74","196658","POINT (929365.1 132146.6)","AMBOY RD","VERNON AV","WOODHULLE AV","EB"
"7755","Staten Island","2011","7","5","9","45","53","196658","POINT (929365.1 132146.6)","AMBOY RD","VERNON AV","WOODHULLE AV","EB"
"7755","Staten Island","2011","7","5","10","0","66","196658","POINT (929365.1 132146.6)","AMBOY RD","VERNON AV","WOODHULLE AV","EB"
"7755","Staten Island","2011","7","5","10","15","61","196658","POINT (929365.1 132146.6)","AMBOY RD","VERNON AV","WOODHULLE AV","EB"
"7755","Staten Island","2011","7","5","10","30","75","196658","POINT (929365.1 132146.6)","AMBOY RD","VERNON AV","WOODHULLE AV","EB"
"7755","Staten Island","2011","7","5","10","45","63","196658","POINT (929365.1 132146.6)","AMBOY RD","VERNON AV","WOODHULLE AV","EB"
"7755","Staten Island","2011","7","5","11","0","61","196658","POINT (929365.1 132146.6)","AMBOY RD","VERNON AV","WOODHULLE AV","EB"
"7755","Staten Island","2011","7","5","11","15","59","196658","POINT (929365.1 132146.6)","AMBOY RD","VERNON AV","WOODHULLE AV","EB"
"7755","Staten Island","2011","7","5","11","30","75","196658","POINT (929365.1 132146.6)","AMBOY RD","VERNON AV","WOODHULLE AV","EB"
"7755","Staten Island","2011","7","5","11","45","77","196658","POINT (929365.1 132146.6)","AMBOY RD","VERNON AV","WOODHULLE AV","EB"
"7755","Staten Island","2011","7","5","12","0","79","196658","POINT (929365.1 132146.6)","AMBOY RD","VERNON AV","WOODHULLE AV","EB"
"7755","Staten Island","2011","7","5","12","15","62","196658","POINT (929365.1 132146.6)","AMBOY RD","VERNON AV","WOODHULLE AV","EB"
"7755","Staten Island","2011","7","5","12","30","76","196658","POINT (929365.1 132146.6)","AMBOY RD","VERNON AV","WOODHULLE AV","EB"
"7755","Staten Island","2011","7","5","12","45","75","196658","POINT (929365.1 132146.6)","AMBOY RD","VERNON AV","WOODHULLE AV","EB"
"7755","Staten Island","2011","7","5","13","0","69","196658","POINT (929365.1 132146.6)","AMBOY RD","VERNON AV","WOODHULLE AV","EB"
"7755","Staten Island","2011","7","5","13","15","87","196658","POINT (929365.1 132146.6)","AMBOY RD","VERNON AV","WOODHULLE AV","EB"
"7755","Staten Island","2011","7","5","13","30","94","196658","POINT (929365.1 132146.6)","AMBOY RD","VERNON AV","WOODHULLE AV","EB"
"7755","Staten Island","2011","7","5","13","45","61","196658","POINT (929365.1 132146.6)","AMBOY RD","VERNON AV","WOODHULLE AV","EB"
"7755","Staten Island","2011","7","5","14","0","65","196658","POINT (929365.1 132146.6)","AMBOY RD","VERNON AV","WOODHULLE AV","EB"
"7755","Staten Island","2011","7","5","14","15","74","196658","POINT (929365.1 132146.6)","AMBOY RD","VERNON AV","WOODHULLE AV","EB"
"7755","Staten Island","2011","7","5","14","30","70","196658","POINT (929365.1 132146.6)","AMBOY RD","VERNON AV","WOODHULLE AV","EB"
"7755","Staten Island","2011","7","5","14","45","81","196658","POINT (929365.1 132146.6)","AMBOY RD","VERNON AV","WOODHULLE AV","EB"
"7755","Staten Island","2011","7","5","15","0","66","196658","POINT (929365.1 132146.6)","AMBOY RD","VERNON AV","WOODHULLE AV","EB"
"7755","Staten Island","2011","7","5","15","15","67","196658","POINT (929365.1 132146.6)","AMBOY RD","VERNON AV","WOODHULLE AV","EB"
"7755","Staten Island","2011","7","5","15","30","74","196658","POINT (929365.1 132146.6)","AMBOY RD","VERNON AV","WOODHULLE AV","EB"
"7755","Staten Island","2011","7","5","15","45","85","196658","POINT (929365.1 132146.6)","AMBOY RD","VERNON AV","WOODHULLE AV","EB"
"7755","Staten Island","2011","7","5","16","0","78","196658","POINT (929365.1 132146.6)","AMBOY RD","VERNON AV","WOODHULLE AV","EB"
"7755","Staten Island","2011","7","5","16","15","77","196658","POINT (929365.1 132146.6)","AMBOY RD","VERNON AV","WOODHULLE AV","EB"
"7755","Staten Island","2011","7","5","16","30","76","196658","POINT (929365.1 132146.6)","AMBOY RD","VERNON AV","WOODHULLE AV","EB"
"7755","Staten Island","2011","7","5","16","45","65","196658","POINT (929365.1 132146.6)","AMBOY RD","VERNON AV","WOODHULLE AV","EB"
"7755","Staten Island","2011","7","5","17","0","75","196658","POINT (929365.1 132146.6)","AMBOY RD","VERNON AV","WOODHULLE AV","EB"
"7755","Staten Island","2011","7","5","17","15","65","196658","POINT (929365.1 132146.6)","AMBOY RD","VERNON AV","WOODHULLE AV","EB"
"7755","Staten Island","2011","7","5","17","30","79","196658","POINT (929365.1 132146.6)","AMBOY RD","VERNON AV","WOODHULLE AV","EB"
"7755","Staten Island","2011","7","5","17","45","68","196658","POINT (929365.1 132146.6)","AMBOY RD","VERNON AV","WOODHULLE AV","EB"
"7755","Staten Island","2011","7","5","18","0","70","196658","POINT (929365.1 132146.6)","AMBOY RD","VERNON AV","WOODHULLE AV","EB"
"7755","Staten Island","2011","7","5","18","15","76","196658","POINT (929365.1 132146.6)","AMBOY RD","VERNON AV","WOODHULLE AV","EB"
"7755","Staten Island","2011","7","5","18","30","68","196658","POINT (929365.1 132146.6)","AMBOY RD","VERNON AV","WOODHULLE AV","EB"
"7755","Staten Island","2011","7","5","18","45","61","196658","POINT (929365.1 132146.6)","AMBOY RD","VERNON AV","WOODHULLE AV","EB"
"7755","Staten Island","2011","7","5","19","0","61","196658","POINT (929365.1 132146.6)","AMBOY RD","VERNON AV","WOODHULLE AV","EB"
"7755","Staten Island","2011","7","5","19","15","44","196658","POINT (929365.1 132146.6)","AMBOY RD","VERNON AV","WOODHULLE AV","EB"
"7755","Staten Island","2011","7","5","19","30","52","196658","POINT (929365.1 132146.6)","AMBOY RD","VERNON AV","WOODHULLE AV","EB"
"7755","Staten Island","2011","7","5","19","45","62","196658","POINT (929365.1 132146.6)","AMBOY RD","VERNON AV","WOODHULLE AV","EB"
"7755","Staten Island","2011","7","5","20","0","51","196658","POINT (929365.1 132146.6)","AMBOY RD","VERNON AV","WOODHULLE AV","EB"
"7755","Staten Island","2011","7","5","20","15","55","196658","POINT (929365.1 132146.6)","AMBOY RD","VERNON AV","WOODHULLE AV","EB"
"7755","Staten Island","2011","7","5","20","30","57","196658","POINT (929365.1 132146.6)","AMBOY RD","VERNON AV","WOODHULLE AV","EB"
"7755","Staten Island","2011","7","5","20","45","45","196658","POINT (929365.1 132146.6)","AMBOY RD","VERNON AV","WOODHULLE AV","EB"
"7755","Staten Island","2011","7","5","21","0","53","196658","POINT (929365.1 132146.6)","AMBOY RD","VERNON AV","WOODHULLE AV","EB"
"7755","Staten Island","2011","7","5","21","15","44","196658","POINT (929365.1 132146.6)","AMBOY RD","VERNON AV","WOODHULLE AV","EB"
"7755","Staten Island","2011","7","5","21","30","43","196658","POINT (929365.1 132146.6)","AMBOY RD","VERNON AV","WOODHULLE AV","EB"
"7755","Staten Island","2011","7","5","21","45","39","196658","POINT (929365.1 132146.6)","AMBOY RD","VERNON AV","WOODHULLE AV","EB"
"7755","Staten Island","2011","7","5","22","0","34","196658","POINT (929365.1 132146.6)","AMBOY RD","VERNON AV","WOODHULLE AV","EB"
"7755","Staten Island","2011","7","5","22","15","36","196658","POINT (929365.1 132146.6)","AMBOY RD","VERNON AV","WOODHULLE AV","EB"
"7755","Staten Island","2011","7","5","22","30","26","196658","POINT (929365.1 132146.6)","AMBOY RD","VERNON AV","WOODHULLE AV","EB"
"7755","Staten Island","2011","7","5","22","45","25","196658","POINT (929365.1 132146.6)","AMBOY RD","VERNON AV","WOODHULLE AV","EB"
"7755","Staten Island","2011","7","5","23","0","27","196658","POINT (929365.1 132146.6)","AMBOY RD","VERNON AV","WOODHULLE AV","EB"
"7755","Staten Island","2011","7","5","23","15","18","196658","POINT (929365.1 132146.6)","AMBOY RD","VERNON AV","WOODHULLE AV","EB"
"7755","Staten Island","2011","7","5","23","30","27","196658","POINT (929365.1 132146.6)","AMBOY RD","VERNON AV","WOODHULLE AV","EB"
"7755","Staten Island","2011","7","5","23","45","28","196658","POINT (929365.1 132146.6)","AMBOY RD","VERNON AV","WOODHULLE AV","EB"
"7755","Staten Island","2011","7","6","0","0","30","196658","POINT (929365.1 132146.6)","AMBOY RD","VERNON AV","WOODHULLE AV","EB"
"7755","Staten Island","2011","7","6","0","15","9","196658","POINT (929365.1 132146.6)","AMBOY RD","VERNON AV","WOODHULLE AV","EB"
"7755","Staten Island","2011","7","6","0","30","18","196658","POINT (929365.1 132146.6)","AMBOY RD","VERNON AV","WOODHULLE AV","EB"
"7755","Staten Island","2011","7","6","0","45","8","196658","POINT (929365.1 132146.6)","AMBOY RD","VERNON AV","WOODHULLE AV","EB"
"7755","Staten Island","2011","7","6","1","0","8","196658","POINT (929365.1 132146.6)","AMBOY RD","VERNON AV","WOODHULLE AV","EB"
"7755","Staten Island","2011","7","6","1","15","8","196658","POINT (929365.1 132146.6)","AMBOY RD","VERNON AV","WOODHULLE AV","EB"
"7755","Staten Island","2011","7","6","1","30","5","196658","POINT (929365.1 132146.6)","AMBOY RD","VERNON AV","WOODHULLE AV","EB"
"7755","Staten Island","2011","7","6","1","45","9","196658","POINT (929365.1 132146.6)","AMBOY RD","VERNON AV","WOODHULLE AV","EB"
"7755","Staten Island","2011","7","6","2","0","7","196658","POINT (929365.1 132146.6)","AMBOY RD","VERNON AV","WOODHULLE AV","EB"
"7755","Staten Island","2011","7","6","2","15","3","196658","POINT (929365.1 132146.6)","AMBOY RD","VERNON AV","WOODHULLE AV","EB"
"7755","Staten Island","2011","7","6","2","30","5","196658","POINT (929365.1 132146.6)","AMBOY RD","VERNON AV","WOODHULLE AV","EB"
"7755","Staten Island","2011","7","6","2","45","3","196658","POINT (929365.1 132146.6)","AMBOY RD","VERNON AV","WOODHULLE AV","EB"
"7755","Staten Island","2011","7","6","3","0","4","196658","POINT (929365.1 132146.6)","AMBOY RD","VERNON AV","WOODHULLE AV","EB"
"7755","Staten Island","2011","7","6","3","15","3","196658","POINT (929365.1 132146.6)","AMBOY RD","VERNON AV","WOODHULLE AV","EB"
"7755","Staten Island","2011","7","6","3","30","2","196658","POINT (929365.1 132146.6)","AMBOY RD","VERNON AV","WOODHULLE AV","EB"
"7755","Staten Island","2011","7","6","3","45","3","196658","POINT (929365.1 132146.6)","AMBOY RD","VERNON AV","WOODHULLE AV","EB"
"7755","Staten Island","2011","7","6","4","0","3","196658","POINT (929365.1 132146.6)","AMBOY RD","VERNON AV","WOODHULLE AV","EB"
"7755","Staten Island","2011","7","6","4","15","0","196658","POINT (929365.1 132146.6)","AMBOY RD","VERNON AV","WOODHULLE AV","EB"
"7755","Staten Island","2011","7","6","4","30","1","196658","POINT (929365.1 132146.6)","AMBOY RD","VERNON AV","WOODHULLE AV","EB"
"7755","Staten Island","2011","7","6","4","45","4","196658","POINT (929365.1 132146.6)","AMBOY RD","VERNON AV","WOODHULLE AV","EB"
"7755","Staten Island","2011","7","6","5","0","3","196658","POINT (929365.1 132146.6)","AMBOY RD","VERNON AV","WOODHULLE AV","EB"
"7755","Staten Island","2011","7","6","5","15","8","196658","POINT (929365.1 132146.6)","AMBOY RD","VERNON AV","WOODHULLE AV","EB"
"7755","Staten Island","2011","7","6","5","30","7","196658","POINT (929365.1 132146.6)","AMBOY RD","VERNON AV","WOODHULLE AV","EB"
"7755","Staten Island","2011","7","6","5","45","15","196658","POINT (929365.1 132146.6)","AMBOY RD","VERNON AV","WOODHULLE AV","EB"
"7755","Staten Island","2011","7","6","6","0","9","196658","POINT (929365.1 132146.6)","AMBOY RD","VERNON AV","WOODHULLE AV","EB"
"7755","Staten Island","2011","7","6","6","15","18","196658","POINT (929365.1 132146.6)","AMBOY RD","VERNON AV","WOODHULLE AV","EB"
"7755","Staten Island","2011","7","6","6","30","32","196658","POINT (929365.1 132146.6)","AMBOY RD","VERNON AV","WOODHULLE AV","EB"
"7755","Staten Island","2011","7","6","6","45","29","196658","POINT (929365.1 132146.6)","AMBOY RD","VERNON AV","WOODHULLE AV","EB"
"7755","Staten Island","2011","7","6","7","0","49","196658","POINT (929365.1 132146.6)","AMBOY RD","VERNON AV","WOODHULLE AV","EB"
"7755","Staten Island","2011","7","6","7","15","42","196658","POINT (929365.1 132146.6)","AMBOY RD","VERNON AV","WOODHULLE AV","EB"
"7755","Staten Island","2011","7","6","7","30","44","196658","POINT (929365.1 132146.6)","AMBOY RD","VERNON AV","WOODHULLE AV","EB"
"15296","Manhattan","2013","6","23","18","0","126","158725","POINT (998003.8 240509.5)","BROADWAY","W 145 ST","W 146 ST","SB"
"15296","Manhattan","2013","6","23","18","15","133","158725","POINT (998003.8 240509.5)","BROADWAY","W 145 ST","W 146 ST","SB"
"15296","Manhattan","2013","6","23","18","30","156","158725","POINT (998003.8 240509.5)","BROADWAY","W 145 ST","W 146 ST","SB"
"15296","Manhattan","2013","6","23","18","45","154","158725","POINT (998003.8 240509.5)","BROADWAY","W 145 ST","W 146 ST","SB"
"15296","Manhattan","2013","6","23","19","0","142","158725","POINT (998003.8 240509.5)","BROADWAY","W 145 ST","W 146 ST","SB"
"15296","Manhattan","2013","6","23","19","15","150","158725","POINT (998003.8 240509.5)","BROADWAY","W 145 ST","W 146 ST","SB"
"15296","Manhattan","2013","6","23","19","30","121","158725","POINT (998003.8 240509.5)","BROADWAY","W 145 ST","W 146 ST","SB"
"15296","Manhattan","2013","6","23","19","45","118","158725","POINT (998003.8 240509.5)","BROADWAY","W 145 ST","W 146 ST","SB"
"15296","Manhattan","2013","6","23","20","0","103","158725","POINT (998003.8 240509.5)","BROADWAY","W 145 ST","W 146 ST","SB"
"15296","Manhattan","2013","6","23","20","15","113","158725","POINT (998003.8 240509.5)","BROADWAY","W 145 ST","W 146 ST","SB"
"15296","Manhattan","2013","6","23","20","30","124","158725","POINT (998003.8 240509.5)","BROADWAY","W 145 ST","W 146 ST","SB"
"15296","Manhattan","2013","6","23","20","45","129","158725","POINT (998003.8 240509.5)","BROADWAY","W 145 ST","W 146 ST","SB"
"15296","Manhattan","2013","6","23","21","0","110","158725","POINT (998003.8 240509.5)","BROADWAY","W 145 ST","W 146 ST","SB"
"15296","Manhattan","2013","6","23","21","15","110","158725","POINT (998003.8 240509.5)","BROADWAY","W 145 ST","W 146 ST","SB"
"15296","Manhattan","2013","6","23","21","30","109","158725","POINT (998003.8 240509.5)","BROADWAY","W 145 ST","W 146 ST","SB"
"15296","Manhattan","2013","6","23","21","45","109","158725","POINT (998003.8 240509.5)","BROADWAY","W 145 ST","W 146 ST","SB"
"15296","Manhattan","2013","6","23","22","0","107","158725","POINT (998003.8 240509.5)","BROADWAY","W 145 ST","W 146 ST","SB"
"15296","Manhattan","2013","6","23","22","15","94","158725","POINT (998003.8 240509.5)","BROADWAY","W 145 ST","W 146 ST","SB"
"15296","Manhattan","2013","6","23","22","30","90","158725","POINT (998003.8 240509.5)","BROADWAY","W 145 ST","W 146 ST","SB"
"15296","Manhattan","2013","6","23","22","45","84","158725","POINT (998003.8 240509.5)","BROADWAY","W 145 ST","W 146 ST","SB"
"15296","Manhattan","2013","6","23","23","0","81","158725","POINT (998003.8 240509.5)","BROADWAY","W 145 ST","W 146 ST","SB"
"15296","Manhattan","2013","6","23","23","15","96","158725","POINT (998003.8 240509.5)","BROADWAY","W 145 ST","W 146 ST","SB"
"15296","Manhattan","2013","6","23","23","30","87","158725","POINT (998003.8 240509.5)","BROADWAY","W 145 ST","W 146 ST","SB"
"15296","Manhattan","2013","6","23","23","45","79","158725","POINT (998003.8 240509.5)","BROADWAY","W 145 ST","W 146 ST","SB"
"15296","Manhattan","2013","6","24","0","0","80","158725","POINT (998003.8 240509.5)","BROADWAY","W 145 ST","W 146 ST","SB"
"15296","Manhattan","2013","6","24","0","15","78","158725","POINT (998003.8 240509.5)","BROADWAY","W 145 ST","W 146 ST","SB"
"15296","Manhattan","2013","6","24","0","30","78","158725","POINT (998003.8 240509.5)","BROADWAY","W 145 ST","W 146 ST","SB"
"15296","Manhattan","2013","6","24","0","45","65","158725","POINT (998003.8 240509.5)","BROADWAY","W 145 ST","W 146 ST","SB"
"15296","Manhattan","2013","6","24","1","0","57","158725","POINT (998003.8 240509.5)","BROADWAY","W 145 ST","W 146 ST","SB"
"15296","Manhattan","2013","6","24","1","15","48","158725","POINT (998003.8 240509.5)","BROADWAY","W 145 ST","W 146 ST","SB"
"15296","Manhattan","2013","6","24","1","30","50","158725","POINT (998003.8 240509.5)","BROADWAY","W 145 ST","W 146 ST","SB"
"15296","Manhattan","2013","6","24","1","45","68","158725","POINT (998003.8 240509.5)","BROADWAY","W 145 ST","W 146 ST","SB"
"15296","Manhattan","2013","6","24","2","0","54","158725","POINT (998003.8 240509.5)","BROADWAY","W 145 ST","W 146 ST","SB"
"15296","Manhattan","2013","6","24","2","15","54","158725","POINT (998003.8 240509.5)","BROADWAY","W 145 ST","W 146 ST","SB"
"15296","Manhattan","2013","6","24","2","30","44","158725","POINT (998003.8 240509.5)","BROADWAY","W 145 ST","W 146 ST","SB"
"15296","Manhattan","2013","6","24","2","45","49","158725","POINT (998003.8 240509.5)","BROADWAY","W 145 ST","W 146 ST","SB"
"15296","Manhattan","2013","6","24","3","0","47","158725","POINT (998003.8 240509.5)","BROADWAY","W 145 ST","W 146 ST","SB"
"15296","Manhattan","2013","6","24","3","15","37","158725","POINT (998003.8 240509.5)","BROADWAY","W 145 ST","W 146 ST","SB"
"15296","Manhattan","2013","6","24","3","30","34","158725","POINT (998003.8 240509.5)","BROADWAY","W 145 ST","W 146 ST","SB"
"15296","Manhattan","2013","6","24","3","45","36","158725","POINT (998003.8 240509.5)","BROADWAY","W 145 ST","W 146 ST","SB"
"15296","Manhattan","2013","6","24","4","0","60","158725","POINT (998003.8 240509.5)","BROADWAY","W 145 ST","W 146 ST","SB"
"15296","Manhattan","2013","6","24","4","15","54","158725","POINT (998003.8 240509.5)","BROADWAY","W 145 ST","W 146 ST","SB"
"15296","Manhattan","2013","6","24","4","30","50","158725","POINT (998003.8 240509.5)","BROADWAY","W 145 ST","W 146 ST","SB"
"15296","Manhattan","2013","6","24","4","45","57","158725","POINT (998003.8 240509.5)","BROADWAY","W 145 ST","W 146 ST","SB"
"15296","Manhattan","2013","6","24","5","0","40","158725","POINT (998003.8 240509.5)","BROADWAY","W 145 ST","W 146 ST","SB"
"15296","Manhattan","2013","6","24","5","15","49","158725","POINT (998003.8 240509.5)","BROADWAY","W 145 ST","W 146 ST","SB"
"15296","Manhattan","2013","6","24","5","30","57","158725","POINT (998003.8 240509.5)","BROADWAY","W 145 ST","W 146 ST","SB"
"15296","Manhattan","2013","6","24","5","45","72","158725","POINT (998003.8 240509.5)","BROADWAY","W 145 ST","W 146 ST","SB"
"15296","Manhattan","2013","6","24","6","0","84","158725","POINT (998003.8 240509.5)","BROADWAY","W 145 ST","W 146 ST","SB"
"15296","Manhattan","2013","6","24","6","15","116","158725","POINT (998003.8 240509.5)","BROADWAY","W 145 ST","W 146 ST","SB"
"15296","Manhattan","2013","6","24","6","30","111","158725","POINT (998003.8 240509.5)","BROADWAY","W 145 ST","W 146 ST","SB"
"15296","Manhattan","2013","6","24","6","45","142","158725","POINT (998003.8 240509.5)","BROADWAY","W 145 ST","W 146 ST","SB"
"15296","Manhattan","2013","6","24","7","0","145","158725","POINT (998003.8 240509.5)","BROADWAY","W 145 ST","W 146 ST","SB"
"15296","Manhattan","2013","6","24","7","15","173","158725","POINT (998003.8 240509.5)","BROADWAY","W 145 ST","W 146 ST","SB"
"15296","Manhattan","2013","6","24","7","30","175","158725","POINT (998003.8 240509.5)","BROADWAY","W 145 ST","W 146 ST","SB"
"15296","Manhattan","2013","6","24","7","45","168","158725","POINT (998003.8 240509.5)","BROADWAY","W 145 ST","W 146 ST","SB"
"15296","Manhattan","2013","6","24","8","0","192","158725","POINT (998003.8 240509.5)","BROADWAY","W 145 ST","W 146 ST","SB"
"15296","Manhattan","2013","6","24","8","15","180","158725","POINT (998003.8 240509.5)","BROADWAY","W 145 ST","W 146 ST","SB"
"15296","Manhattan","2013","6","24","8","30","160","158725","POINT (998003.8 240509.5)","BROADWAY","W 145 ST","W 146 ST","SB"
"15296","Manhattan","2013","6","24","8","45","156","158725","POINT (998003.8 240509.5)","BROADWAY","W 145 ST","W 146 ST","SB"
"15296","Manhattan","2013","6","24","9","0","171","158725","POINT (998003.8 240509.5)","BROADWAY","W 145 ST","W 146 ST","SB"
"15296","Manhattan","2013","6","24","9","15","149","158725","POINT (998003.8 240509.5)","BROADWAY","W 145 ST","W 146 ST","SB"
"15296","Manhattan","2013","6","24","9","30","138","158725","POINT (998003.8 240509.5)","BROADWAY","W 145 ST","W 146 ST","SB"
"15296","Manhattan","2013","6","24","9","45","133","158725","POINT (998003.8 240509.5)","BROADWAY","W 145 ST","W 146 ST","SB"
"15296","Manhattan","2013","6","24","10","0","139","158725","POINT (998003.8 240509.5)","BROADWAY","W 145 ST","W 146 ST","SB"
"15296","Manhattan","2013","6","24","10","15","118","158725","POINT (998003.8 240509.5)","BROADWAY","W 145 ST","W 146 ST","SB"
"15296","Manhattan","2013","6","24","10","30","115","158725","POINT (998003.8 240509.5)","BROADWAY","W 145 ST","W 146 ST","SB"
"15296","Manhattan","2013","6","24","10","45","126","158725","POINT (998003.8 240509.5)","BROADWAY","W 145 ST","W 146 ST","SB"
"15296","Manhattan","2013","6","24","11","0","128","158725","POINT (998003.8 240509.5)","BROADWAY","W 145 ST","W 146 ST","SB"
"15296","Manhattan","2013","6","24","11","15","98","158725","POINT (998003.8 240509.5)","BROADWAY","W 145 ST","W 146 ST","SB"
"15296","Manhattan","2013","6","24","11","30","101","158725","POINT (998003.8 240509.5)","BROADWAY","W 145 ST","W 146 ST","SB"
"15296","Manhattan","2013","6","24","11","45","98","158725","POINT (998003.8 240509.5)","BROADWAY","W 145 ST","W 146 ST","SB"
"15296","Manhattan","2013","6","24","12","0","88","158725","POINT (998003.8 240509.5)","BROADWAY","W 145 ST","W 146 ST","SB"
"15296","Manhattan","2013","6","24","12","15","79","158725","POINT (998003.8 240509.5)","BROADWAY","W 145 ST","W 146 ST","SB"
"15296","Manhattan","2013","6","24","12","30","83","158725","POINT (998003.8 240509.5)","BROADWAY","W 145 ST","W 146 ST","SB"
"15296","Manhattan","2013","6","24","12","45","49","158725","POINT (998003.8 240509.5)","BROADWAY","W 145 ST","W 146 ST","SB"
"15296","Manhattan","2013","6","24","13","0","80","158725","POINT (998003.8 240509.5)","BROADWAY","W 145 ST","W 146 ST","SB"
"15296","Manhattan","2013","6","24","13","15","100","158725","POINT (998003.8 240509.5)","BROADWAY","W 145 ST","W 146 ST","SB"
"15296","Manhattan","2013","6","24","13","30","40","158725","POINT (998003.8 240509.5)","BROADWAY","W 145 ST","W 146 ST","SB"
"15296","Manhattan","2013","6","24","13","45","56","158725","POINT (998003.8 240509.5)","BROADWAY","W 145 ST","W 146 ST","SB"
"15296","Manhattan","2013","6","24","14","0","48","158725","POINT (998003.8 240509.5)","BROADWAY","W 145 ST","W 146 ST","SB"
"15296","Manhattan","2013","6","24","14","15","36","158725","POINT (998003.8 240509.5)","BROADWAY","W 145 ST","W 146 ST","SB"
"15296","Manhattan","2013","6","24","14","30","43","158725","POINT (998003.8 240509.5)","BROADWAY","W 145 ST","W 146 ST","SB"
"15296","Manhattan","2013","6","24","14","45","36","158725","POINT (998003.8 240509.5)","BROADWAY","W 145 ST","W 146 ST","SB"
"15296","Manhattan","2013","6","24","15","0","47","158725","POINT (998003.8 240509.5)","BROADWAY","W 145 ST","W 146 ST","SB"
"15296","Manhattan","2013","6","24","15","15","78","158725","POINT (998003.8 240509.5)","BROADWAY","W 145 ST","W 146 ST","SB"
"15296","Manhattan","2013","6","24","15","30","58","158725","POINT (998003.8 240509.5)","BROADWAY","W 145 ST","W 146 ST","SB"
"15296","Manhattan","2013","6","24","15","45","85","158725","POINT (998003.8 240509.5)","BROADWAY","W 145 ST","W 146 ST","SB"
"15296","Manhattan","2013","6","24","16","0","82","158725","POINT (998003.8 240509.5)","BROADWAY","W 145 ST","W 146 ST","SB"
"15296","Manhattan","2013","6","24","16","15","91","158725","POINT (998003.8 240509.5)","BROADWAY","W 145 ST","W 146 ST","SB"
"15296","Manhattan","2013","6","24","16","30","64","158725","POINT (998003.8 240509.5)","BROADWAY","W 145 ST","W 146 ST","SB"
"15296","Manhattan","2013","6","24","16","45","82","158725","POINT (998003.8 240509.5)","BROADWAY","W 145 ST","W 146 ST","SB"
"15296","Manhattan","2013","6","24","17","0","62","158725","POINT (998003.8 240509.5)","BROADWAY","W 145 ST","W 146 ST","SB"
"15296","Manhattan","2013","6","24","17","15","64","158725","POINT (998003.8 240509.5)","BROADWAY","W 145 ST","W 146 ST","SB"
"15296","Manhattan","2013","6","24","17","30","58","158725","POINT (998003.8 240509.5)","BROADWAY","W 145 ST","W 146 ST","SB"
"15296","Manhattan","2013","6","24","17","45","46","158725","POINT (998003.8 240509.5)","BROADWAY","W 145 ST","W 146 ST","SB"
"15296","Manhattan","2013","6","24","18","0","69","158725","POINT (998003.8 240509.5)","BROADWAY","W 145 ST","W 146 ST","SB"
"15296","Manhattan","2013","6","24","18","15","49","158725","POINT (998003.8 240509.5)","BROADWAY","W 145 ST","W 146 ST","SB"
"15296","Manhattan","2013","6","24","18","30","58","158725","POINT (998003.8 240509.5)","BROADWAY","W 145 ST","W 146 ST","SB"
"15296","Manhattan","2013","6","24","18","45","49","158725","POINT (998003.8 240509.5)","BROADWAY","W 145 ST","W 146 ST","SB"
"15296","Manhattan","2013","6","24","19","0","69","158725","POINT (998003.8 240509.5)","BROADWAY","W 145 ST","W 146 ST","SB"
"15296","Manhattan","2013","6","24","19","15","56","158725","POINT (998003.8 240509.5)","BROADWAY","W 145 ST","W 146 ST","SB"
"15296","Manhattan","2013","6","24","19","30","70","158725","POINT (998003.8 240509.5)","BROADWAY","W 145 ST","W 146 ST","SB"
"15296","Manhattan","2013","6","24","19","45","82","158725","POINT (998003.8 240509.5)","BROADWAY","W 145 ST","W 146 ST","SB"
"15296","Manhattan","2013","6","24","20","0","90","158725","POINT (998003.8 240509.5)","BROADWAY","W 145 ST","W 146 ST","SB"
"3394","Staten Island","2009","6","28","3","30","1","184610","POINT (963061.9 158743.3)","W/B WINDERMERE RD @ STEUBEN  ST","POUCH TER","STEUBEN ST","WB"
"3394","Staten Island","2009","6","28","3","45","0","184610","POINT (963061.9 158743.3)","W/B WINDERMERE RD @ STEUBEN  ST","POUCH TER","STEUBEN ST","WB"
"3394","Staten Island","2009","6","28","4","0","0","184610","POINT (963061.9 158743.3)","W/B WINDERMERE RD @ STEUBEN  ST","POUCH TER","STEUBEN ST","WB"
"3394","Staten Island","2009","6","28","4","15","1","184610","POINT (963061.9 158743.3)","W/B WINDERMERE RD @ STEUBEN  ST","POUCH TER","STEUBEN ST","WB"
"3394","Staten Island","2009","6","28","4","30","0","184610","POINT (963061.9 158743.3)","W/B WINDERMERE RD @ STEUBEN  ST","POUCH TER","STEUBEN ST","WB"
"3394","Staten Island","2009","6","28","4","45","0","184610","POINT (963061.9 158743.3)","W/B WINDERMERE RD @ STEUBEN  ST","POUCH TER","STEUBEN ST","WB"
"3394","Staten Island","2009","6","28","5","0","0","184610","POINT (963061.9 158743.3)","W/B WINDERMERE RD @ STEUBEN  ST","POUCH TER","STEUBEN ST","WB"
"3394","Staten Island","2009","6","28","5","15","0","184610","POINT (963061.9 158743.3)","W/B WINDERMERE RD @ STEUBEN  ST","POUCH TER","STEUBEN ST","WB"
"3394","Staten Island","2009","6","28","5","30","0","184610","POINT (963061.9 158743.3)","W/B WINDERMERE RD @ STEUBEN  ST","POUCH TER","STEUBEN ST","WB"
"3394","Staten Island","2009","6","28","5","45","2","184610","POINT (963061.9 158743.3)","W/B WINDERMERE RD @ STEUBEN  ST","POUCH TER","STEUBEN ST","WB"
"3394","Staten Island","2009","6","28","6","0","1","184610","POINT (963061.9 158743.3)","W/B WINDERMERE RD @ STEUBEN  ST","POUCH TER","STEUBEN ST","WB"
"3394","Staten Island","2009","6","28","6","15","1","184610","POINT (963061.9 158743.3)","W/B WINDERMERE RD @ STEUBEN  ST","POUCH TER","STEUBEN ST","WB"
"3394","Staten Island","2009","6","28","6","30","0","184610","POINT (963061.9 158743.3)","W/B WINDERMERE RD @ STEUBEN  ST","POUCH TER","STEUBEN ST","WB"
"3394","Staten Island","2009","6","28","6","45","3","184610","POINT (963061.9 158743.3)","W/B WINDERMERE RD @ STEUBEN  ST","POUCH TER","STEUBEN ST","WB"
"3394","Staten Island","2009","6","28","7","0","2","184610","POINT (963061.9 158743.3)","W/B WINDERMERE RD @ STEUBEN  ST","POUCH TER","STEUBEN ST","WB"
"3394","Staten Island","2009","6","28","7","15","2","184610","POINT (963061.9 158743.3)","W/B WINDERMERE RD @ STEUBEN  ST","POUCH TER","STEUBEN ST","WB"
"3394","Staten Island","2009","6","28","7","30","1","184610","POINT (963061.9 158743.3)","W/B WINDERMERE RD @ STEUBEN  ST","POUCH TER","STEUBEN ST","WB"
"3394","Staten Island","2009","6","28","7","45","2","184610","POINT (963061.9 158743.3)","W/B WINDERMERE RD @ STEUBEN  ST","POUCH TER","STEUBEN ST","WB"
"3394","Staten Island","2009","6","28","8","0","4","184610","POINT (963061.9 158743.3)","W/B WINDERMERE RD @ STEUBEN  ST","POUCH TER","STEUBEN ST","WB"
"3394","Staten Island","2009","6","28","8","15","6","184610","POINT (963061.9 158743.3)","W/B WINDERMERE RD @ STEUBEN  ST","POUCH TER","STEUBEN ST","WB"
"3394","Staten Island","2009","6","28","8","30","3","184610","POINT (963061.9 158743.3)","W/B WINDERMERE RD @ STEUBEN  ST","POUCH TER","STEUBEN ST","WB"
"3394","Staten Island","2009","6","28","8","45","3","184610","POINT (963061.9 158743.3)","W/B WINDERMERE RD @ STEUBEN  ST","POUCH TER","STEUBEN ST","WB"
"3394","Staten Island","2009","6","28","9","0","5","184610","POINT (963061.9 158743.3)","W/B WINDERMERE RD @ STEUBEN  ST","POUCH TER","STEUBEN ST","WB"
"3394","Staten Island","2009","6","28","9","15","3","184610","POINT (963061.9 158743.3)","W/B WINDERMERE RD @ STEUBEN  ST","POUCH TER","STEUBEN ST","WB"
"3394","Staten Island","2009","6","28","9","30","3","184610","POINT (963061.9 158743.3)","W/B WINDERMERE RD @ STEUBEN  ST","POUCH TER","STEUBEN ST","WB"
"3394","Staten Island","2009","6","28","9","45","9","184610","POINT (963061.9 158743.3)","W/B WINDERMERE RD @ STEUBEN  ST","POUCH TER","STEUBEN ST","WB"
"3394","Staten Island","2009","6","28","10","0","5","184610","POINT (963061.9 158743.3)","W/B WINDERMERE RD @ STEUBEN  ST","POUCH TER","STEUBEN ST","WB"
"3394","Staten Island","2009","6","28","10","15","4","184610","POINT (963061.9 158743.3)","W/B WINDERMERE RD @ STEUBEN  ST","POUCH TER","STEUBEN ST","WB"
"3394","Staten Island","2009","6","28","10","30","4","184610","POINT (963061.9 158743.3)","W/B WINDERMERE RD @ STEUBEN  ST","POUCH TER","STEUBEN ST","WB"
"3394","Staten Island","2009","6","28","10","45","1","184610","POINT (963061.9 158743.3)","W/B WINDERMERE RD @ STEUBEN  ST","POUCH TER","STEUBEN ST","WB"
"3394","Staten Island","2009","6","28","11","0","10","184610","POINT (963061.9 158743.3)","W/B WINDERMERE RD @ STEUBEN  ST","POUCH TER","STEUBEN ST","WB"
"3394","Staten Island","2009","6","28","11","15","2","184610","POINT (963061.9 158743.3)","W/B WINDERMERE RD @ STEUBEN  ST","POUCH TER","STEUBEN ST","WB"
"3394","Staten Island","2009","6","28","11","30","4","184610","POINT (963061.9 158743.3)","W/B WINDERMERE RD @ STEUBEN  ST","POUCH TER","STEUBEN ST","WB"
"3394","Staten Island","2009","6","28","11","45","5","184610","POINT (963061.9 158743.3)","W/B WINDERMERE RD @ STEUBEN  ST","POUCH TER","STEUBEN ST","WB"
"3394","Staten Island","2009","6","28","12","0","4","184610","POINT (963061.9 158743.3)","W/B WINDERMERE RD @ STEUBEN  ST","POUCH TER","STEUBEN ST","WB"
"3394","Staten Island","2009","6","28","12","15","5","184610","POINT (963061.9 158743.3)","W/B WINDERMERE RD @ STEUBEN  ST","POUCH TER","STEUBEN ST","WB"
"3394","Staten Island","2009","6","28","12","30","7","184610","POINT (963061.9 158743.3)","W/B WINDERMERE RD @ STEUBEN  ST","POUCH TER","STEUBEN ST","WB"
"3394","Staten Island","2009","6","28","12","45","9","184610","POINT (963061.9 158743.3)","W/B WINDERMERE RD @ STEUBEN  ST","POUCH TER","STEUBEN ST","WB"
"3394","Staten Island","2009","6","28","13","0","4","184610","POINT (963061.9 158743.3)","W/B WINDERMERE RD @ STEUBEN  ST","POUCH TER","STEUBEN ST","WB"
"3394","Staten Island","2009","6","28","13","15","5","184610","POINT (963061.9 158743.3)","W/B WINDERMERE RD @ STEUBEN  ST","POUCH TER","STEUBEN ST","WB"
"3394","Staten Island","2009","6","28","13","30","8","184610","POINT (963061.9 158743.3)","W/B WINDERMERE RD @ STEUBEN  ST","POUCH TER","STEUBEN ST","WB"
"3394","Staten Island","2009","6","28","13","45","4","184610","POINT (963061.9 158743.3)","W/B WINDERMERE RD @ STEUBEN  ST","POUCH TER","STEUBEN ST","WB"
"3394","Staten Island","2009","6","28","14","0","6","184610","POINT (963061.9 158743.3)","W/B WINDERMERE RD @ STEUBEN  ST","POUCH TER","STEUBEN ST","WB"
"3394","Staten Island","2009","6","28","14","15","5","184610","POINT (963061.9 158743.3)","W/B WINDERMERE RD @ STEUBEN  ST","POUCH TER","STEUBEN ST","WB"
"3394","Staten Island","2009","6","28","14","30","5","184610","POINT (963061.9 158743.3)","W/B WINDERMERE RD @ STEUBEN  ST","POUCH TER","STEUBEN ST","WB"
"3394","Staten Island","2009","6","28","14","45","4","184610","POINT (963061.9 158743.3)","W/B WINDERMERE RD @ STEUBEN  ST","POUCH TER","STEUBEN ST","WB"
"3394","Staten Island","2009","6","28","15","0","8","184610","POINT (963061.9 158743.3)","W/B WINDERMERE RD @ STEUBEN  ST","POUCH TER","STEUBEN ST","WB"
"3394","Staten Island","2009","6","28","15","15","6","184610","POINT (963061.9 158743.3)","W/B WINDERMERE RD @ STEUBEN  ST","POUCH TER","STEUBEN ST","WB"
"3394","Staten Island","2009","6","28","15","30","5","184610","POINT (963061.9 158743.3)","W/B WINDERMERE RD @ STEUBEN  ST","POUCH TER","STEUBEN ST","WB"
"3394","Staten Island","2009","6","28","15","45","4","184610","POINT (963061.9 158743.3)","W/B WINDERMERE RD @ STEUBEN  ST","POUCH TER","STEUBEN ST","WB"
"3394","Staten Island","2009","6","28","16","0","1","184610","POINT (963061.9 158743.3)","W/B WINDERMERE RD @ STEUBEN  ST","POUCH TER","STEUBEN ST","WB"
"3394","Staten Island","2009","6","28","16","15","7","184610","POINT (963061.9 158743.3)","W/B WINDERMERE RD @ STEUBEN  ST","POUCH TER","STEUBEN ST","WB"
"3394","Staten Island","2009","6","28","16","30","3","184610","POINT (963061.9 158743.3)","W/B WINDERMERE RD @ STEUBEN  ST","POUCH TER","STEUBEN ST","WB"
"3394","Staten Island","2009","6","28","16","45","5","184610","POINT (963061.9 158743.3)","W/B WINDERMERE RD @ STEUBEN  ST","POUCH TER","STEUBEN ST","WB"
"3394","Staten Island","2009","6","28","17","0","6","184610","POINT (963061.9 158743.3)","W/B WINDERMERE RD @ STEUBEN  ST","POUCH TER","STEUBEN ST","WB"
"3394","Staten Island","2009","6","28","17","15","3","184610","POINT (963061.9 158743.3)","W/B WINDERMERE RD @ STEUBEN  ST","POUCH TER","STEUBEN ST","WB"
"3394","Staten Island","2009","6","28","17","30","3","184610","POINT (963061.9 158743.3)","W/B WINDERMERE RD @ STEUBEN  ST","POUCH TER","STEUBEN ST","WB"
"3394","Staten Island","2009","6","28","17","45","7","184610","POINT (963061.9 158743.3)","W/B WINDERMERE RD @ STEUBEN  ST","POUCH TER","STEUBEN ST","WB"
"3394","Staten Island","2009","6","28","18","0","5","184610","POINT (963061.9 158743.3)","W/B WINDERMERE RD @ STEUBEN  ST","POUCH TER","STEUBEN ST","WB"
"3394","Staten Island","2009","6","28","18","15","6","184610","POINT (963061.9 158743.3)","W/B WINDERMERE RD @ STEUBEN  ST","POUCH TER","STEUBEN ST","WB"
"3394","Staten Island","2009","6","28","18","30","4","184610","POINT (963061.9 158743.3)","W/B WINDERMERE RD @ STEUBEN  ST","POUCH TER","STEUBEN ST","WB"
"3394","Staten Island","2009","6","28","18","45","4","184610","POINT (963061.9 158743.3)","W/B WINDERMERE RD @ STEUBEN  ST","POUCH TER","STEUBEN ST","WB"
"3394","Staten Island","2009","6","28","19","0","4","184610","POINT (963061.9 158743.3)","W/B WINDERMERE RD @ STEUBEN  ST","POUCH TER","STEUBEN ST","WB"
"3394","Staten Island","2009","6","28","19","15","5","184610","POINT (963061.9 158743.3)","W/B WINDERMERE RD @ STEUBEN  ST","POUCH TER","STEUBEN ST","WB"
"3394","Staten Island","2009","6","28","19","30","2","184610","POINT (963061.9 158743.3)","W/B WINDERMERE RD @ STEUBEN  ST","POUCH TER","STEUBEN ST","WB"
"3394","Staten Island","2009","6","28","19","45","3","184610","POINT (963061.9 158743.3)","W/B WINDERMERE RD @ STEUBEN  ST","POUCH TER","STEUBEN ST","WB"
"3394","Staten Island","2009","6","28","20","0","1","184610","POINT (963061.9 158743.3)","W/B WINDERMERE RD @ STEUBEN  ST","POUCH TER","STEUBEN ST","WB"
"3394","Staten Island","2009","6","28","20","15","5","184610","POINT (963061.9 158743.3)","W/B WINDERMERE RD @ STEUBEN  ST","POUCH TER","STEUBEN ST","WB"
"3394","Staten Island","2009","6","28","20","30","4","184610","POINT (963061.9 158743.3)","W/B WINDERMERE RD @ STEUBEN  ST","POUCH TER","STEUBEN ST","WB"
"3394","Staten Island","2009","6","28","20","45","5","184610","POINT (963061.9 158743.3)","W/B WINDERMERE RD @ STEUBEN  ST","POUCH TER","STEUBEN ST","WB"
"3394","Staten Island","2009","6","28","21","0","5","184610","POINT (963061.9 158743.3)","W/B WINDERMERE RD @ STEUBEN  ST","POUCH TER","STEUBEN ST","WB"
"3394","Staten Island","2009","6","28","21","15","1","184610","POINT (963061.9 158743.3)","W/B WINDERMERE RD @ STEUBEN  ST","POUCH TER","STEUBEN ST","WB"
"3394","Staten Island","2009","6","28","21","30","3","184610","POINT (963061.9 158743.3)","W/B WINDERMERE RD @ STEUBEN  ST","POUCH TER","STEUBEN ST","WB"
"3394","Staten Island","2009","6","28","21","45","2","184610","POINT (963061.9 158743.3)","W/B WINDERMERE RD @ STEUBEN  ST","POUCH TER","STEUBEN ST","WB"
"3394","Staten Island","2009","6","28","22","0","4","184610","POINT (963061.9 158743.3)","W/B WINDERMERE RD @ STEUBEN  ST","POUCH TER","STEUBEN ST","WB"
"3394","Staten Island","2009","6","28","22","15","3","184610","POINT (963061.9 158743.3)","W/B WINDERMERE RD @ STEUBEN  ST","POUCH TER","STEUBEN ST","WB"
"3394","Staten Island","2009","6","28","22","30","2","184610","POINT (963061.9 158743.3)","W/B WINDERMERE RD @ STEUBEN  ST","POUCH TER","STEUBEN ST","WB"
"3394","Staten Island","2009","6","28","22","45","4","184610","POINT (963061.9 158743.3)","W/B WINDERMERE RD @ STEUBEN  ST","POUCH TER","STEUBEN ST","WB"
"3394","Staten Island","2009","6","28","23","0","2","184610","POINT (963061.9 158743.3)","W/B WINDERMERE RD @ STEUBEN  ST","POUCH TER","STEUBEN ST","WB"
"3394","Staten Island","2009","6","28","23","15","1","184610","POINT (963061.9 158743.3)","W/B WINDERMERE RD @ STEUBEN  ST","POUCH TER","STEUBEN ST","WB"
"3394","Staten Island","2009","6","28","23","30","1","184610","POINT (963061.9 158743.3)","W/B WINDERMERE RD @ STEUBEN  ST","POUCH TER","STEUBEN ST","WB"
"3394","Staten Island","2009","6","28","23","45","3","184610","POINT (963061.9 158743.3)","W/B WINDERMERE RD @ STEUBEN  ST","POUCH TER","STEUBEN ST","WB"
"3394","Staten Island","2009","6","29","0","0","0","184610","POINT (963061.9 158743.3)","W/B WINDERMERE RD @ STEUBEN  ST","POUCH TER","STEUBEN ST","WB"
"3394","Staten Island","2009","6","29","0","15","1","184610","POINT (963061.9 158743.3)","W/B WINDERMERE RD @ STEUBEN  ST","POUCH TER","STEUBEN ST","WB"
"3394","Staten Island","2009","6","29","0","30","0","184610","POINT (963061.9 158743.3)","W/B WINDERMERE RD @ STEUBEN  ST","POUCH TER","STEUBEN ST","WB"
"3394","Staten Island","2009","6","29","0","45","1","184610","POINT (963061.9 158743.3)","W/B WINDERMERE RD @ STEUBEN  ST","POUCH TER","STEUBEN ST","WB"
"3394","Staten Island","2009","6","29","1","0","0","184610","POINT (963061.9 158743.3)","W/B WINDERMERE RD @ STEUBEN  ST","POUCH TER","STEUBEN ST","WB"
"3394","Staten Island","2009","6","29","1","15","2","184610","POINT (963061.9 158743.3)","W/B WINDERMERE RD @ STEUBEN  ST","POUCH TER","STEUBEN ST","WB"
"3394","Staten Island","2009","6","29","1","30","0","184610","POINT (963061.9 158743.3)","W/B WINDERMERE RD @ STEUBEN  ST","POUCH TER","STEUBEN ST","WB"
"3394","Staten Island","2009","6","29","1","45","0","184610","POINT (963061.9 158743.3)","W/B WINDERMERE RD @ STEUBEN  ST","POUCH TER","STEUBEN ST","WB"
"3394","Staten Island","2009","6","29","2","0","1","184610","POINT (963061.9 158743.3)","W/B WINDERMERE RD @ STEUBEN  ST","POUCH TER","STEUBEN ST","WB"
"3394","Staten Island","2009","6","29","2","15","0","184610","POINT (963061.9 158743.3)","W/B WINDERMERE RD @ STEUBEN  ST","POUCH TER","STEUBEN ST","WB"
"3394","Staten Island","2009","6","29","2","30","0","184610","POINT (963061.9 158743.3)","W/B WINDERMERE RD @ STEUBEN  ST","POUCH TER","STEUBEN ST","WB"
"3394","Staten Island","2009","6","29","2","45","0","184610","POINT (963061.9 158743.3)","W/B WINDERMERE RD @ STEUBEN  ST","POUCH TER","STEUBEN ST","WB"
"3394","Staten Island","2009","6","29","3","0","0","184610","POINT (963061.9 158743.3)","W/B WINDERMERE RD @ STEUBEN  ST","POUCH TER","STEUBEN ST","WB"
"3394","Staten Island","2009","6","29","3","15","0","184610","POINT (963061.9 158743.3)","W/B WINDERMERE RD @ STEUBEN  ST","POUCH TER","STEUBEN ST","WB"
"3394","Staten Island","2009","6","29","3","30","0","184610","POINT (963061.9 158743.3)","W/B WINDERMERE RD @ STEUBEN  ST","POUCH TER","STEUBEN ST","WB"
"3394","Staten Island","2009","6","29","3","45","0","184610","POINT (963061.9 158743.3)","W/B WINDERMERE RD @ STEUBEN  ST","POUCH TER","STEUBEN ST","WB"
"3394","Staten Island","2009","6","29","4","0","0","184610","POINT (963061.9 158743.3)","W/B WINDERMERE RD @ STEUBEN  ST","POUCH TER","STEUBEN ST","WB"
"3394","Staten Island","2009","6","29","4","15","0","184610","POINT (963061.9 158743.3)","W/B WINDERMERE RD @ STEUBEN  ST","POUCH TER","STEUBEN ST","WB"
"3394","Staten Island","2009","6","29","4","30","0","184610","POINT (963061.9 158743.3)","W/B WINDERMERE RD @ STEUBEN  ST","POUCH TER","STEUBEN ST","WB"
"3394","Staten Island","2009","6","29","4","45","1","184610","POINT (963061.9 158743.3)","W/B WINDERMERE RD @ STEUBEN  ST","POUCH TER","STEUBEN ST","WB"
"3394","Staten Island","2009","6","29","5","0","0","184610","POINT (963061.9 158743.3)","W/B WINDERMERE RD @ STEUBEN  ST","POUCH TER","STEUBEN ST","WB"
"3394","Staten Island","2009","6","29","5","15","5","184610","POINT (963061.9 158743.3)","W/B WINDERMERE RD @ STEUBEN  ST","POUCH TER","STEUBEN ST","WB"
"3394","Staten Island","2009","6","29","5","30","1","184610","POINT (963061.9 158743.3)","W/B WINDERMERE RD @ STEUBEN  ST","POUCH TER","STEUBEN ST","WB"
"16192","Queens","2013","11","13","3","30","1","151569","POINT (1023712.1 196468.6)","UNION TP","WOODHAVEN BLVD","WOODHAVEN BOULEVARD","EB"
"16192","Queens","2013","11","13","3","45","2","151569","POINT (1023712.1 196468.6)","UNION TP","WOODHAVEN BLVD","WOODHAVEN BOULEVARD","EB"
"16192","Queens","2013","11","13","4","0","5","151569","POINT (1023712.1 196468.6)","UNION TP","WOODHAVEN BLVD","WOODHAVEN BOULEVARD","EB"
"16192","Queens","2013","11","13","4","15","3","151569","POINT (1023712.1 196468.6)","UNION TP","WOODHAVEN BLVD","WOODHAVEN BOULEVARD","EB"
"16192","Queens","2013","11","13","4","30","9","151569","POINT (1023712.1 196468.6)","UNION TP","WOODHAVEN BLVD","WOODHAVEN BOULEVARD","EB"
"16192","Queens","2013","11","13","4","45","10","151569","POINT (1023712.1 196468.6)","UNION TP","WOODHAVEN BLVD","WOODHAVEN BOULEVARD","EB"
"16192","Queens","2013","11","13","5","0","13","151569","POINT (1023712.1 196468.6)","UNION TP","WOODHAVEN BLVD","WOODHAVEN BOULEVARD","EB"
"16192","Queens","2013","11","13","5","15","24","151569","POINT (1023712.1 196468.6)","UNION TP","WOODHAVEN BLVD","WOODHAVEN BOULEVARD","EB"
"16192","Queens","2013","11","13","5","30","27","151569","POINT (1023712.1 196468.6)","UNION TP","WOODHAVEN BLVD","WOODHAVEN BOULEVARD","EB"
"16192","Queens","2013","11","13","5","45","42","151569","POINT (1023712.1 196468.6)","UNION TP","WOODHAVEN BLVD","WOODHAVEN BOULEVARD","EB"
"16192","Queens","2013","11","13","6","0","45","151569","POINT (1023712.1 196468.6)","UNION TP","WOODHAVEN BLVD","WOODHAVEN BOULEVARD","EB"
"16192","Queens","2013","11","13","6","15","57","151569","POINT (1023712.1 196468.6)","UNION TP","WOODHAVEN BLVD","WOODHAVEN BOULEVARD","EB"
"16192","Queens","2013","11","13","6","30","85","151569","POINT (1023712.1 196468.6)","UNION TP","WOODHAVEN BLVD","WOODHAVEN BOULEVARD","EB"
"16192","Queens","2013","11","13","6","45","100","151569","POINT (1023712.1 196468.6)","UNION TP","WOODHAVEN BLVD","WOODHAVEN BOULEVARD","EB"
"16192","Queens","2013","11","13","7","0","93","151569","POINT (1023712.1 196468.6)","UNION TP","WOODHAVEN BLVD","WOODHAVEN BOULEVARD","EB"
"16192","Queens","2013","11","13","7","15","131","151569","POINT (1023712.1 196468.6)","UNION TP","WOODHAVEN BLVD","WOODHAVEN BOULEVARD","EB"
"16192","Queens","2013","11","13","7","30","110","151569","POINT (1023712.1 196468.6)","UNION TP","WOODHAVEN BLVD","WOODHAVEN BOULEVARD","EB"
"16192","Queens","2013","11","13","7","45","128","151569","POINT (1023712.1 196468.6)","UNION TP","WOODHAVEN BLVD","WOODHAVEN BOULEVARD","EB"
"16192","Queens","2013","11","13","8","0","128","151569","POINT (1023712.1 196468.6)","UNION TP","WOODHAVEN BLVD","WOODHAVEN BOULEVARD","EB"
"16192","Queens","2013","11","13","8","15","120","151569","POINT (1023712.1 196468.6)","UNION TP","WOODHAVEN BLVD","WOODHAVEN BOULEVARD","EB"
"16192","Queens","2013","11","13","8","30","109","151569","POINT (1023712.1 196468.6)","UNION TP","WOODHAVEN BLVD","WOODHAVEN BOULEVARD","EB"
"16192","Queens","2013","11","13","8","45","140","151569","POINT (1023712.1 196468.6)","UNION TP","WOODHAVEN BLVD","WOODHAVEN BOULEVARD","EB"
"16192","Queens","2013","11","13","9","0","86","151569","POINT (1023712.1 196468.6)","UNION TP","WOODHAVEN BLVD","WOODHAVEN BOULEVARD","EB"
"16192","Queens","2013","11","13","9","15","83","151569","POINT (1023712.1 196468.6)","UNION TP","WOODHAVEN BLVD","WOODHAVEN BOULEVARD","EB"
"16192","Queens","2013","11","13","9","30","93","151569","POINT (1023712.1 196468.6)","UNION TP","WOODHAVEN BLVD","WOODHAVEN BOULEVARD","EB"
"16192","Queens","2013","11","13","9","45","81","151569","POINT (1023712.1 196468.6)","UNION TP","WOODHAVEN BLVD","WOODHAVEN BOULEVARD","EB"
"16192","Queens","2013","11","13","10","0","80","151569","POINT (1023712.1 196468.6)","UNION TP","WOODHAVEN BLVD","WOODHAVEN BOULEVARD","EB"
"16192","Queens","2013","11","13","10","15","88","151569","POINT (1023712.1 196468.6)","UNION TP","WOODHAVEN BLVD","WOODHAVEN BOULEVARD","EB"
"16192","Queens","2013","11","13","10","30","81","151569","POINT (1023712.1 196468.6)","UNION TP","WOODHAVEN BLVD","WOODHAVEN BOULEVARD","EB"
"16192","Queens","2013","11","13","10","45","104","151569","POINT (1023712.1 196468.6)","UNION TP","WOODHAVEN BLVD","WOODHAVEN BOULEVARD","EB"
"16192","Queens","2013","11","13","11","0","89","151569","POINT (1023712.1 196468.6)","UNION TP","WOODHAVEN BLVD","WOODHAVEN BOULEVARD","EB"
"16192","Queens","2013","11","13","11","15","105","151569","POINT (1023712.1 196468.6)","UNION TP","WOODHAVEN BLVD","WOODHAVEN BOULEVARD","EB"
"16192","Queens","2013","11","13","11","30","104","151569","POINT (1023712.1 196468.6)","UNION TP","WOODHAVEN BLVD","WOODHAVEN BOULEVARD","EB"
"16192","Queens","2013","11","13","11","45","106","151569","POINT (1023712.1 196468.6)","UNION TP","WOODHAVEN BLVD","WOODHAVEN BOULEVARD","EB"
"16192","Queens","2013","11","13","12","0","95","151569","POINT (1023712.1 196468.6)","UNION TP","WOODHAVEN BLVD","WOODHAVEN BOULEVARD","EB"
"16192","Queens","2013","11","13","12","15","118","151569","POINT (1023712.1 196468.6)","UNION TP","WOODHAVEN BLVD","WOODHAVEN BOULEVARD","EB"
"16192","Queens","2013","11","13","12","30","107","151569","POINT (1023712.1 196468.6)","UNION TP","WOODHAVEN BLVD","WOODHAVEN BOULEVARD","EB"
"16192","Queens","2013","11","13","12","45","111","151569","POINT (1023712.1 196468.6)","UNION TP","WOODHAVEN BLVD","WOODHAVEN BOULEVARD","EB"
"16192","Queens","2013","11","13","13","0","110","151569","POINT (1023712.1 196468.6)","UNION TP","WOODHAVEN BLVD","WOODHAVEN BOULEVARD","EB"
"16192","Queens","2013","11","13","13","15","92","151569","POINT (1023712.1 196468.6)","UNION TP","WOODHAVEN BLVD","WOODHAVEN BOULEVARD","EB"
"16192","Queens","2013","11","13","13","30","98","151569","POINT (1023712.1 196468.6)","UNION TP","WOODHAVEN BLVD","WOODHAVEN BOULEVARD","EB"
"16192","Queens","2013","11","13","13","45","115","151569","POINT (1023712.1 196468.6)","UNION TP","WOODHAVEN BLVD","WOODHAVEN BOULEVARD","EB"
"16192","Queens","2013","11","13","14","0","119","151569","POINT (1023712.1 196468.6)","UNION TP","WOODHAVEN BLVD","WOODHAVEN BOULEVARD","EB"
"16192","Queens","2013","11","13","14","15","155","151569","POINT (1023712.1 196468.6)","UNION TP","WOODHAVEN BLVD","WOODHAVEN BOULEVARD","EB"
"16192","Queens","2013","11","13","14","30","143","151569","POINT (1023712.1 196468.6)","UNION TP","WOODHAVEN BLVD","WOODHAVEN BOULEVARD","EB"
"16192","Queens","2013","11","13","14","45","97","151569","POINT (1023712.1 196468.6)","UNION TP","WOODHAVEN BLVD","WOODHAVEN BOULEVARD","EB"
"16192","Queens","2013","11","13","15","0","127","151569","POINT (1023712.1 196468.6)","UNION TP","WOODHAVEN BLVD","WOODHAVEN BOULEVARD","EB"
"16192","Queens","2013","11","13","15","15","150","151569","POINT (1023712.1 196468.6)","UNION TP","WOODHAVEN BLVD","WOODHAVEN BOULEVARD","EB"
"16192","Queens","2013","11","13","15","30","159","151569","POINT (1023712.1 196468.6)","UNION TP","WOODHAVEN BLVD","WOODHAVEN BOULEVARD","EB"
"16192","Queens","2013","11","13","15","45","194","151569","POINT (1023712.1 196468.6)","UNION TP","WOODHAVEN BLVD","WOODHAVEN BOULEVARD","EB"
"16192","Queens","2013","11","13","16","0","194","151569","POINT (1023712.1 196468.6)","UNION TP","WOODHAVEN BLVD","WOODHAVEN BOULEVARD","EB"
"16192","Queens","2013","11","13","16","15","202","151569","POINT (1023712.1 196468.6)","UNION TP","WOODHAVEN BLVD","WOODHAVEN BOULEVARD","EB"
"16192","Queens","2013","11","13","16","30","155","151569","POINT (1023712.1 196468.6)","UNION TP","WOODHAVEN BLVD","WOODHAVEN BOULEVARD","EB"
"16192","Queens","2013","11","13","16","45","145","151569","POINT (1023712.1 196468.6)","UNION TP","WOODHAVEN BLVD","WOODHAVEN BOULEVARD","EB"
"16192","Queens","2013","11","13","17","0","137","151569","POINT (1023712.1 196468.6)","UNION TP","WOODHAVEN BLVD","WOODHAVEN BOULEVARD","EB"
"16192","Queens","2013","11","13","17","15","165","151569","POINT (1023712.1 196468.6)","UNION TP","WOODHAVEN BLVD","WOODHAVEN BOULEVARD","EB"
"16192","Queens","2013","11","13","17","30","168","151569","POINT (1023712.1 196468.6)","UNION TP","WOODHAVEN BLVD","WOODHAVEN BOULEVARD","EB"
"16192","Queens","2013","11","13","17","45","156","151569","POINT (1023712.1 196468.6)","UNION TP","WOODHAVEN BLVD","WOODHAVEN BOULEVARD","EB"
"16192","Queens","2013","11","13","18","0","153","151569","POINT (1023712.1 196468.6)","UNION TP","WOODHAVEN BLVD","WOODHAVEN BOULEVARD","EB"
"16192","Queens","2013","11","13","18","15","126","151569","POINT (1023712.1 196468.6)","UNION TP","WOODHAVEN BLVD","WOODHAVEN BOULEVARD","EB"
"16192","Queens","2013","11","13","18","30","141","151569","POINT (1023712.1 196468.6)","UNION TP","WOODHAVEN BLVD","WOODHAVEN BOULEVARD","EB"
"16192","Queens","2013","11","13","18","45","116","151569","POINT (1023712.1 196468.6)","UNION TP","WOODHAVEN BLVD","WOODHAVEN BOULEVARD","EB"
"16192","Queens","2013","11","13","19","0","95","151569","POINT (1023712.1 196468.6)","UNION TP","WOODHAVEN BLVD","WOODHAVEN BOULEVARD","EB"
"16192","Queens","2013","11","13","19","15","87","151569","POINT (1023712.1 196468.6)","UNION TP","WOODHAVEN BLVD","WOODHAVEN BOULEVARD","EB"
"16192","Queens","2013","11","13","19","30","76","151569","POINT (1023712.1 196468.6)","UNION TP","WOODHAVEN BLVD","WOODHAVEN BOULEVARD","EB"
"16192","Queens","2013","11","13","19","45","80","151569","POINT (1023712.1 196468.6)","UNION TP","WOODHAVEN BLVD","WOODHAVEN BOULEVARD","EB"
"16192","Queens","2013","11","13","20","0","58","151569","POINT (1023712.1 196468.6)","UNION TP","WOODHAVEN BLVD","WOODHAVEN BOULEVARD","EB"
"16192","Queens","2013","11","13","20","15","56","151569","POINT (1023712.1 196468.6)","UNION TP","WOODHAVEN BLVD","WOODHAVEN BOULEVARD","EB"
"15799","Manhattan","2013","11","13","21","30","69","151599","POINT (987508.5 202584.5)","E HOUSTON ST","ORCHARD ST","ALLEN ST","EB"
"15799","Manhattan","2013","11","13","21","45","180","151599","POINT (987508.5 202584.5)","E HOUSTON ST","ORCHARD ST","ALLEN ST","EB"
"15799","Manhattan","2013","11","13","22","0","168","151599","POINT (987508.5 202584.5)","E HOUSTON ST","ORCHARD ST","ALLEN ST","EB"
"15799","Manhattan","2013","11","13","22","15","137","151599","POINT (987508.5 202584.5)","E HOUSTON ST","ORCHARD ST","ALLEN ST","EB"
"15799","Manhattan","2013","11","13","22","30","145","151599","POINT (987508.5 202584.5)","E HOUSTON ST","ORCHARD ST","ALLEN ST","EB"
"15799","Manhattan","2013","11","13","22","45","151","151599","POINT (987508.5 202584.5)","E HOUSTON ST","ORCHARD ST","ALLEN ST","EB"
"15799","Manhattan","2013","11","13","23","0","156","151599","POINT (987508.5 202584.5)","E HOUSTON ST","ORCHARD ST","ALLEN ST","EB"
"15799","Manhattan","2013","11","13","23","15","188","151599","POINT (987508.5 202584.5)","E HOUSTON ST","ORCHARD ST","ALLEN ST","EB"
"15799","Manhattan","2013","11","13","23","30","172","151599","POINT (987508.5 202584.5)","E HOUSTON ST","ORCHARD ST","ALLEN ST","EB"
"15799","Manhattan","2013","11","13","23","45","158","151599","POINT (987508.5 202584.5)","E HOUSTON ST","ORCHARD ST","ALLEN ST","EB"
"15799","Manhattan","2013","11","14","0","0","175","151599","POINT (987508.5 202584.5)","E HOUSTON ST","ORCHARD ST","ALLEN ST","EB"
"15799","Manhattan","2013","11","14","0","15","149","151599","POINT (987508.5 202584.5)","E HOUSTON ST","ORCHARD ST","ALLEN ST","EB"
"15799","Manhattan","2013","11","14","0","30","136","151599","POINT (987508.5 202584.5)","E HOUSTON ST","ORCHARD ST","ALLEN ST","EB"
"15799","Manhattan","2013","11","14","0","45","113","151599","POINT (987508.5 202584.5)","E HOUSTON ST","ORCHARD ST","ALLEN ST","EB"
"15799","Manhattan","2013","11","14","1","0","101","151599","POINT (987508.5 202584.5)","E HOUSTON ST","ORCHARD ST","ALLEN ST","EB"
"15799","Manhattan","2013","11","14","1","15","111","151599","POINT (987508.5 202584.5)","E HOUSTON ST","ORCHARD ST","ALLEN ST","EB"
"15799","Manhattan","2013","11","14","1","30","106","151599","POINT (987508.5 202584.5)","E HOUSTON ST","ORCHARD ST","ALLEN ST","EB"
"15799","Manhattan","2013","11","14","1","45","83","151599","POINT (987508.5 202584.5)","E HOUSTON ST","ORCHARD ST","ALLEN ST","EB"
"15799","Manhattan","2013","11","14","2","0","89","151599","POINT (987508.5 202584.5)","E HOUSTON ST","ORCHARD ST","ALLEN ST","EB"
"15799","Manhattan","2013","11","14","2","15","85","151599","POINT (987508.5 202584.5)","E HOUSTON ST","ORCHARD ST","ALLEN ST","EB"
"15799","Manhattan","2013","11","14","2","30","79","151599","POINT (987508.5 202584.5)","E HOUSTON ST","ORCHARD ST","ALLEN ST","EB"
"15799","Manhattan","2013","11","14","2","45","74","151599","POINT (987508.5 202584.5)","E HOUSTON ST","ORCHARD ST","ALLEN ST","EB"
"15799","Manhattan","2013","11","14","3","0","71","151599","POINT (987508.5 202584.5)","E HOUSTON ST","ORCHARD ST","ALLEN ST","EB"
"15799","Manhattan","2013","11","14","3","15","56","151599","POINT (987508.5 202584.5)","E HOUSTON ST","ORCHARD ST","ALLEN ST","EB"
"15799","Manhattan","2013","11","14","3","30","78","151599","POINT (987508.5 202584.5)","E HOUSTON ST","ORCHARD ST","ALLEN ST","EB"
"15799","Manhattan","2013","11","14","3","45","56","151599","POINT (987508.5 202584.5)","E HOUSTON ST","ORCHARD ST","ALLEN ST","EB"
"15799","Manhattan","2013","11","14","4","0","62","151599","POINT (987508.5 202584.5)","E HOUSTON ST","ORCHARD ST","ALLEN ST","EB"
"15799","Manhattan","2013","11","14","4","15","60","151599","POINT (987508.5 202584.5)","E HOUSTON ST","ORCHARD ST","ALLEN ST","EB"
"15799","Manhattan","2013","11","14","4","30","60","151599","POINT (987508.5 202584.5)","E HOUSTON ST","ORCHARD ST","ALLEN ST","EB"
"15799","Manhattan","2013","11","14","4","45","68","151599","POINT (987508.5 202584.5)","E HOUSTON ST","ORCHARD ST","ALLEN ST","EB"
"15799","Manhattan","2013","11","14","5","0","70","151599","POINT (987508.5 202584.5)","E HOUSTON ST","ORCHARD ST","ALLEN ST","EB"
"15799","Manhattan","2013","11","14","5","15","105","151599","POINT (987508.5 202584.5)","E HOUSTON ST","ORCHARD ST","ALLEN ST","EB"
"15799","Manhattan","2013","11","14","5","30","95","151599","POINT (987508.5 202584.5)","E HOUSTON ST","ORCHARD ST","ALLEN ST","EB"
"15799","Manhattan","2013","11","14","5","45","86","151599","POINT (987508.5 202584.5)","E HOUSTON ST","ORCHARD ST","ALLEN ST","EB"
"15799","Manhattan","2013","11","14","6","0","55","151599","POINT (987508.5 202584.5)","E HOUSTON ST","ORCHARD ST","ALLEN ST","EB"
"15799","Manhattan","2013","11","14","6","15","63","151599","POINT (987508.5 202584.5)","E HOUSTON ST","ORCHARD ST","ALLEN ST","EB"
"15799","Manhattan","2013","11","14","6","30","84","151599","POINT (987508.5 202584.5)","E HOUSTON ST","ORCHARD ST","ALLEN ST","EB"
"7515","Queens","2009","3","5","14","0","103","156260","POINT (1038334.9 203103)","S/B 164 ST @ 77 ROAD","77 AV","77 RD","SB"
"7515","Queens","2009","3","5","14","15","132","156260","POINT (1038334.9 203103)","S/B 164 ST @ 77 ROAD","77 AV","77 RD","SB"
"7515","Queens","2009","3","5","14","30","114","156260","POINT (1038334.9 203103)","S/B 164 ST @ 77 ROAD","77 AV","77 RD","SB"
"7515","Queens","2009","3","5","14","45","104","156260","POINT (1038334.9 203103)","S/B 164 ST @ 77 ROAD","77 AV","77 RD","SB"
"7515","Queens","2009","3","5","15","0","105","156260","POINT (1038334.9 203103)","S/B 164 ST @ 77 ROAD","77 AV","77 RD","SB"
"7515","Queens","2009","3","5","15","15","98","156260","POINT (1038334.9 203103)","S/B 164 ST @ 77 ROAD","77 AV","77 RD","SB"
"7515","Queens","2009","3","5","15","30","121","156260","POINT (1038334.9 203103)","S/B 164 ST @ 77 ROAD","77 AV","77 RD","SB"
"7515","Queens","2009","3","5","15","45","115","156260","POINT (1038334.9 203103)","S/B 164 ST @ 77 ROAD","77 AV","77 RD","SB"
"7515","Queens","2009","3","5","16","0","130","156260","POINT (1038334.9 203103)","S/B 164 ST @ 77 ROAD","77 AV","77 RD","SB"
"7515","Queens","2009","3","5","16","15","179","156260","POINT (1038334.9 203103)","S/B 164 ST @ 77 ROAD","77 AV","77 RD","SB"
"7515","Queens","2009","3","5","16","30","145","156260","POINT (1038334.9 203103)","S/B 164 ST @ 77 ROAD","77 AV","77 RD","SB"
"7515","Queens","2009","3","5","16","45","124","156260","POINT (1038334.9 203103)","S/B 164 ST @ 77 ROAD","77 AV","77 RD","SB"
"7515","Queens","2009","3","5","17","0","148","156260","POINT (1038334.9 203103)","S/B 164 ST @ 77 ROAD","77 AV","77 RD","SB"
"7515","Queens","2009","3","5","17","15","128","156260","POINT (1038334.9 203103)","S/B 164 ST @ 77 ROAD","77 AV","77 RD","SB"
"7515","Queens","2009","3","5","17","30","142","156260","POINT (1038334.9 203103)","S/B 164 ST @ 77 ROAD","77 AV","77 RD","SB"
"7515","Queens","2009","3","5","17","45","126","156260","POINT (1038334.9 203103)","S/B 164 ST @ 77 ROAD","77 AV","77 RD","SB"
"7515","Queens","2009","3","5","18","0","156","156260","POINT (1038334.9 203103)","S/B 164 ST @ 77 ROAD","77 AV","77 RD","SB"
"7515","Queens","2009","3","5","18","15","131","156260","POINT (1038334.9 203103)","S/B 164 ST @ 77 ROAD","77 AV","77 RD","SB"
"7515","Queens","2009","3","5","18","30","152","156260","POINT (1038334.9 203103)","S/B 164 ST @ 77 ROAD","77 AV","77 RD","SB"
"7515","Queens","2009","3","5","18","45","127","156260","POINT (1038334.9 203103)","S/B 164 ST @ 77 ROAD","77 AV","77 RD","SB"
"7515","Queens","2009","3","5","19","0","128","156260","POINT (1038334.9 203103)","S/B 164 ST @ 77 ROAD","77 AV","77 RD","SB"
"7515","Queens","2009","3","5","19","15","120","156260","POINT (1038334.9 203103)","S/B 164 ST @ 77 ROAD","77 AV","77 RD","SB"
"7515","Queens","2009","3","5","19","30","120","156260","POINT (1038334.9 203103)","S/B 164 ST @ 77 ROAD","77 AV","77 RD","SB"
"7515","Queens","2009","3","5","19","45","103","156260","POINT (1038334.9 203103)","S/B 164 ST @ 77 ROAD","77 AV","77 RD","SB"
"7515","Queens","2009","3","5","20","0","85","156260","POINT (1038334.9 203103)","S/B 164 ST @ 77 ROAD","77 AV","77 RD","SB"
"7515","Queens","2009","3","5","20","15","89","156260","POINT (1038334.9 203103)","S/B 164 ST @ 77 ROAD","77 AV","77 RD","SB"
"7515","Queens","2009","3","5","20","30","76","156260","POINT (1038334.9 203103)","S/B 164 ST @ 77 ROAD","77 AV","77 RD","SB"
"7515","Queens","2009","3","5","20","45","61","156260","POINT (1038334.9 203103)","S/B 164 ST @ 77 ROAD","77 AV","77 RD","SB"
"7515","Queens","2009","3","5","21","0","81","156260","POINT (1038334.9 203103)","S/B 164 ST @ 77 ROAD","77 AV","77 RD","SB"
"7515","Queens","2009","3","5","21","15","85","156260","POINT (1038334.9 203103)","S/B 164 ST @ 77 ROAD","77 AV","77 RD","SB"
"7515","Queens","2009","3","5","21","30","71","156260","POINT (1038334.9 203103)","S/B 164 ST @ 77 ROAD","77 AV","77 RD","SB"
"7515","Queens","2009","3","5","21","45","46","156260","POINT (1038334.9 203103)","S/B 164 ST @ 77 ROAD","77 AV","77 RD","SB"
"7515","Queens","2009","3","5","22","0","54","156260","POINT (1038334.9 203103)","S/B 164 ST @ 77 ROAD","77 AV","77 RD","SB"
"7515","Queens","2009","3","5","22","15","58","156260","POINT (1038334.9 203103)","S/B 164 ST @ 77 ROAD","77 AV","77 RD","SB"
"7515","Queens","2009","3","5","22","30","66","156260","POINT (1038334.9 203103)","S/B 164 ST @ 77 ROAD","77 AV","77 RD","SB"
"7515","Queens","2009","3","5","22","45","59","156260","POINT (1038334.9 203103)","S/B 164 ST @ 77 ROAD","77 AV","77 RD","SB"
"7515","Queens","2009","3","5","23","0","45","156260","POINT (1038334.9 203103)","S/B 164 ST @ 77 ROAD","77 AV","77 RD","SB"
"7515","Queens","2009","3","5","23","15","53","156260","POINT (1038334.9 203103)","S/B 164 ST @ 77 ROAD","77 AV","77 RD","SB"
"7515","Queens","2009","3","5","23","30","48","156260","POINT (1038334.9 203103)","S/B 164 ST @ 77 ROAD","77 AV","77 RD","SB"
"7515","Queens","2009","3","5","23","45","27","156260","POINT (1038334.9 203103)","S/B 164 ST @ 77 ROAD","77 AV","77 RD","SB"
"7515","Queens","2009","3","6","0","0","36","156260","POINT (1038334.9 203103)","S/B 164 ST @ 77 ROAD","77 AV","77 RD","SB"
"7515","Queens","2009","3","6","0","15","36","156260","POINT (1038334.9 203103)","S/B 164 ST @ 77 ROAD","77 AV","77 RD","SB"
"7515","Queens","2009","3","6","0","30","27","156260","POINT (1038334.9 203103)","S/B 164 ST @ 77 ROAD","77 AV","77 RD","SB"
"7515","Queens","2009","3","6","0","45","28","156260","POINT (1038334.9 203103)","S/B 164 ST @ 77 ROAD","77 AV","77 RD","SB"
"7515","Queens","2009","3","6","1","0","12","156260","POINT (1038334.9 203103)","S/B 164 ST @ 77 ROAD","77 AV","77 RD","SB"
"7515","Queens","2009","3","6","1","15","16","156260","POINT (1038334.9 203103)","S/B 164 ST @ 77 ROAD","77 AV","77 RD","SB"
"7515","Queens","2009","3","6","1","30","14","156260","POINT (1038334.9 203103)","S/B 164 ST @ 77 ROAD","77 AV","77 RD","SB"
"7515","Queens","2009","3","6","1","45","18","156260","POINT (1038334.9 203103)","S/B 164 ST @ 77 ROAD","77 AV","77 RD","SB"
"7515","Queens","2009","3","6","2","0","14","156260","POINT (1038334.9 203103)","S/B 164 ST @ 77 ROAD","77 AV","77 RD","SB"
"7515","Queens","2009","3","6","2","15","7","156260","POINT (1038334.9 203103)","S/B 164 ST @ 77 ROAD","77 AV","77 RD","SB"
"7515","Queens","2009","3","6","2","30","10","156260","POINT (1038334.9 203103)","S/B 164 ST @ 77 ROAD","77 AV","77 RD","SB"
"7515","Queens","2009","3","6","2","45","7","156260","POINT (1038334.9 203103)","S/B 164 ST @ 77 ROAD","77 AV","77 RD","SB"
"7515","Queens","2009","3","6","3","0","9","156260","POINT (1038334.9 203103)","S/B 164 ST @ 77 ROAD","77 AV","77 RD","SB"
"7515","Queens","2009","3","6","3","15","9","156260","POINT (1038334.9 203103)","S/B 164 ST @ 77 ROAD","77 AV","77 RD","SB"
"7515","Queens","2009","3","6","3","30","9","156260","POINT (1038334.9 203103)","S/B 164 ST @ 77 ROAD","77 AV","77 RD","SB"
"7515","Queens","2009","3","6","3","45","11","156260","POINT (1038334.9 203103)","S/B 164 ST @ 77 ROAD","77 AV","77 RD","SB"
"7515","Queens","2009","3","6","4","0","7","156260","POINT (1038334.9 203103)","S/B 164 ST @ 77 ROAD","77 AV","77 RD","SB"
"7515","Queens","2009","3","6","4","15","10","156260","POINT (1038334.9 203103)","S/B 164 ST @ 77 ROAD","77 AV","77 RD","SB"
"7515","Queens","2009","3","6","4","30","5","156260","POINT (1038334.9 203103)","S/B 164 ST @ 77 ROAD","77 AV","77 RD","SB"
"7515","Queens","2009","3","6","4","45","7","156260","POINT (1038334.9 203103)","S/B 164 ST @ 77 ROAD","77 AV","77 RD","SB"
"7515","Queens","2009","3","6","5","0","9","156260","POINT (1038334.9 203103)","S/B 164 ST @ 77 ROAD","77 AV","77 RD","SB"
"7515","Queens","2009","3","6","5","15","5","156260","POINT (1038334.9 203103)","S/B 164 ST @ 77 ROAD","77 AV","77 RD","SB"
"7515","Queens","2009","3","6","5","30","10","156260","POINT (1038334.9 203103)","S/B 164 ST @ 77 ROAD","77 AV","77 RD","SB"
"7515","Queens","2009","3","6","5","45","16","156260","POINT (1038334.9 203103)","S/B 164 ST @ 77 ROAD","77 AV","77 RD","SB"
"7515","Queens","2009","3","6","6","0","13","156260","POINT (1038334.9 203103)","S/B 164 ST @ 77 ROAD","77 AV","77 RD","SB"
"7515","Queens","2009","3","6","6","15","13","156260","POINT (1038334.9 203103)","S/B 164 ST @ 77 ROAD","77 AV","77 RD","SB"
"7515","Queens","2009","3","6","6","30","33","156260","POINT (1038334.9 203103)","S/B 164 ST @ 77 ROAD","77 AV","77 RD","SB"
"7515","Queens","2009","3","6","6","45","32","156260","POINT (1038334.9 203103)","S/B 164 ST @ 77 ROAD","77 AV","77 RD","SB"
"7515","Queens","2009","3","6","7","0","42","156260","POINT (1038334.9 203103)","S/B 164 ST @ 77 ROAD","77 AV","77 RD","SB"
"7515","Queens","2009","3","6","7","15","56","156260","POINT (1038334.9 203103)","S/B 164 ST @ 77 ROAD","77 AV","77 RD","SB"
"7515","Queens","2009","3","6","7","30","98","156260","POINT (1038334.9 203103)","S/B 164 ST @ 77 ROAD","77 AV","77 RD","SB"
"7515","Queens","2009","3","6","7","45","112","156260","POINT (1038334.9 203103)","S/B 164 ST @ 77 ROAD","77 AV","77 RD","SB"
"7515","Queens","2009","3","6","8","0","118","156260","POINT (1038334.9 203103)","S/B 164 ST @ 77 ROAD","77 AV","77 RD","SB"
"7515","Queens","2009","3","6","8","15","145","156260","POINT (1038334.9 203103)","S/B 164 ST @ 77 ROAD","77 AV","77 RD","SB"
"7515","Queens","2009","3","6","8","30","188","156260","POINT (1038334.9 203103)","S/B 164 ST @ 77 ROAD","77 AV","77 RD","SB"
"7515","Queens","2009","3","6","8","45","169","156260","POINT (1038334.9 203103)","S/B 164 ST @ 77 ROAD","77 AV","77 RD","SB"
"7515","Queens","2009","3","6","9","0","171","156260","POINT (1038334.9 203103)","S/B 164 ST @ 77 ROAD","77 AV","77 RD","SB"
"7515","Queens","2009","3","6","9","15","205","156260","POINT (1038334.9 203103)","S/B 164 ST @ 77 ROAD","77 AV","77 RD","SB"
"7515","Queens","2009","3","6","9","30","143","156260","POINT (1038334.9 203103)","S/B 164 ST @ 77 ROAD","77 AV","77 RD","SB"
"7515","Queens","2009","3","6","9","45","147","156260","POINT (1038334.9 203103)","S/B 164 ST @ 77 ROAD","77 AV","77 RD","SB"
"7515","Queens","2009","3","6","10","0","129","156260","POINT (1038334.9 203103)","S/B 164 ST @ 77 ROAD","77 AV","77 RD","SB"
"7515","Queens","2009","3","6","10","15","125","156260","POINT (1038334.9 203103)","S/B 164 ST @ 77 ROAD","77 AV","77 RD","SB"
"7515","Queens","2009","3","6","10","30","115","156260","POINT (1038334.9 203103)","S/B 164 ST @ 77 ROAD","77 AV","77 RD","SB"
"7515","Queens","2009","3","6","10","45","116","156260","POINT (1038334.9 203103)","S/B 164 ST @ 77 ROAD","77 AV","77 RD","SB"
"7515","Queens","2009","3","6","11","0","90","156260","POINT (1038334.9 203103)","S/B 164 ST @ 77 ROAD","77 AV","77 RD","SB"
"7515","Queens","2009","3","6","11","15","104","156260","POINT (1038334.9 203103)","S/B 164 ST @ 77 ROAD","77 AV","77 RD","SB"
"7515","Queens","2009","3","6","11","30","87","156260","POINT (1038334.9 203103)","S/B 164 ST @ 77 ROAD","77 AV","77 RD","SB"
"7515","Queens","2009","3","6","11","45","103","156260","POINT (1038334.9 203103)","S/B 164 ST @ 77 ROAD","77 AV","77 RD","SB"
"7515","Queens","2009","3","6","12","0","120","156260","POINT (1038334.9 203103)","S/B 164 ST @ 77 ROAD","77 AV","77 RD","SB"
"7515","Queens","2009","3","6","12","15","119","156260","POINT (1038334.9 203103)","S/B 164 ST @ 77 ROAD","77 AV","77 RD","SB"
"7515","Queens","2009","3","6","12","30","89","156260","POINT (1038334.9 203103)","S/B 164 ST @ 77 ROAD","77 AV","77 RD","SB"
"7515","Queens","2009","3","6","12","45","114","156260","POINT (1038334.9 203103)","S/B 164 ST @ 77 ROAD","77 AV","77 RD","SB"
"7515","Queens","2009","3","6","13","0","97","156260","POINT (1038334.9 203103)","S/B 164 ST @ 77 ROAD","77 AV","77 RD","SB"
"7515","Queens","2009","3","6","13","15","127","156260","POINT (1038334.9 203103)","S/B 164 ST @ 77 ROAD","77 AV","77 RD","SB"
"7515","Queens","2009","3","6","13","30","91","156260","POINT (1038334.9 203103)","S/B 164 ST @ 77 ROAD","77 AV","77 RD","SB"
"7515","Queens","2009","3","6","13","45","102","156260","POINT (1038334.9 203103)","S/B 164 ST @ 77 ROAD","77 AV","77 RD","SB"
"7515","Queens","2009","3","6","14","0","93","156260","POINT (1038334.9 203103)","S/B 164 ST @ 77 ROAD","77 AV","77 RD","SB"
"7515","Queens","2009","3","6","14","15","111","156260","POINT (1038334.9 203103)","S/B 164 ST @ 77 ROAD","77 AV","77 RD","SB"
"7515","Queens","2009","3","6","14","30","105","156260","POINT (1038334.9 203103)","S/B 164 ST @ 77 ROAD","77 AV","77 RD","SB"
"7515","Queens","2009","3","6","14","45","121","156260","POINT (1038334.9 203103)","S/B 164 ST @ 77 ROAD","77 AV","77 RD","SB"
"7515","Queens","2009","3","6","15","0","130","156260","POINT (1038334.9 203103)","S/B 164 ST @ 77 ROAD","77 AV","77 RD","SB"
"7515","Queens","2009","3","6","15","15","133","156260","POINT (1038334.9 203103)","S/B 164 ST @ 77 ROAD","77 AV","77 RD","SB"
"7515","Queens","2009","3","6","15","30","159","156260","POINT (1038334.9 203103)","S/B 164 ST @ 77 ROAD","77 AV","77 RD","SB"
"7515","Queens","2009","3","6","15","45","155","156260","POINT (1038334.9 203103)","S/B 164 ST @ 77 ROAD","77 AV","77 RD","SB"
"7515","Queens","2009","3","6","16","0","176","156260","POINT (1038334.9 203103)","S/B 164 ST @ 77 ROAD","77 AV","77 RD","SB"
"22562","Queens","2016","5","9","11","0","316","155613","POINT (1059678.8154876027 198480.09766927382)","HEMPSTEAD AVENUE","Cross Island Parkway","Cross Is Pkwy Nb En Hempstead Wb","WB"
"22562","Queens","2016","5","9","11","15","369","155613","POINT (1059678.8154876027 198480.09766927382)","HEMPSTEAD AVENUE","Cross Island Parkway","Cross Is Pkwy Nb En Hempstead Wb","WB"
"22562","Queens","2016","5","9","11","30","355","155613","POINT (1059678.8154876027 198480.09766927382)","HEMPSTEAD AVENUE","Cross Island Parkway","Cross Is Pkwy Nb En Hempstead Wb","WB"
"22562","Queens","2016","5","9","11","45","361","155613","POINT (1059678.8154876027 198480.09766927382)","HEMPSTEAD AVENUE","Cross Island Parkway","Cross Is Pkwy Nb En Hempstead Wb","WB"
"22562","Queens","2016","5","9","12","0","324","155613","POINT (1059678.8154876027 198480.09766927382)","HEMPSTEAD AVENUE","Cross Island Parkway","Cross Is Pkwy Nb En Hempstead Wb","WB"
"22562","Queens","2016","5","9","12","15","353","155613","POINT (1059678.8154876027 198480.09766927382)","HEMPSTEAD AVENUE","Cross Island Parkway","Cross Is Pkwy Nb En Hempstead Wb","WB"
"22562","Queens","2016","5","9","12","30","378","155613","POINT (1059678.8154876027 198480.09766927382)","HEMPSTEAD AVENUE","Cross Island Parkway","Cross Is Pkwy Nb En Hempstead Wb","WB"
"22562","Queens","2016","5","9","12","45","378","155613","POINT (1059678.8154876027 198480.09766927382)","HEMPSTEAD AVENUE","Cross Island Parkway","Cross Is Pkwy Nb En Hempstead Wb","WB"
"22562","Queens","2016","5","9","13","0","353","155613","POINT (1059678.8154876027 198480.09766927382)","HEMPSTEAD AVENUE","Cross Island Parkway","Cross Is Pkwy Nb En Hempstead Wb","WB"
"22562","Queens","2016","5","9","13","15","358","155613","POINT (1059678.8154876027 198480.09766927382)","HEMPSTEAD AVENUE","Cross Island Parkway","Cross Is Pkwy Nb En Hempstead Wb","WB"
"22562","Queens","2016","5","9","13","30","388","155613","POINT (1059678.8154876027 198480.09766927382)","HEMPSTEAD AVENUE","Cross Island Parkway","Cross Is Pkwy Nb En Hempstead Wb","WB"
"22562","Queens","2016","5","9","13","45","404","155613","POINT (1059678.8154876027 198480.09766927382)","HEMPSTEAD AVENUE","Cross Island Parkway","Cross Is Pkwy Nb En Hempstead Wb","WB"
"22562","Queens","2016","5","9","14","0","395","155613","POINT (1059678.8154876027 198480.09766927382)","HEMPSTEAD AVENUE","Cross Island Parkway","Cross Is Pkwy Nb En Hempstead Wb","WB"
"22562","Queens","2016","5","9","14","15","415","155613","POINT (1059678.8154876027 198480.09766927382)","HEMPSTEAD AVENUE","Cross Island Parkway","Cross Is Pkwy Nb En Hempstead Wb","WB"
"22562","Queens","2016","5","9","14","30","392","155613","POINT (1059678.8154876027 198480.09766927382)","HEMPSTEAD AVENUE","Cross Island Parkway","Cross Is Pkwy Nb En Hempstead Wb","WB"
"22562","Queens","2016","5","9","14","45","427","155613","POINT (1059678.8154876027 198480.09766927382)","HEMPSTEAD AVENUE","Cross Island Parkway","Cross Is Pkwy Nb En Hempstead Wb","WB"
"22562","Queens","2016","5","9","15","0","350","155613","POINT (1059678.8154876027 198480.09766927382)","HEMPSTEAD AVENUE","Cross Island Parkway","Cross Is Pkwy Nb En Hempstead Wb","WB"
"22562","Queens","2016","5","9","15","15","372","155613","POINT (1059678.8154876027 198480.09766927382)","HEMPSTEAD AVENUE","Cross Island Parkway","Cross Is Pkwy Nb En Hempstead Wb","WB"
"22562","Queens","2016","5","9","15","30","360","155613","POINT (1059678.8154876027 198480.09766927382)","HEMPSTEAD AVENUE","Cross Island Parkway","Cross Is Pkwy Nb En Hempstead Wb","WB"
"22562","Queens","2016","5","9","15","45","341","155613","POINT (1059678.8154876027 198480.09766927382)","HEMPSTEAD AVENUE","Cross Island Parkway","Cross Is Pkwy Nb En Hempstead Wb","WB"
"22562","Queens","2016","5","9","16","0","349","155613","POINT (1059678.8154876027 198480.09766927382)","HEMPSTEAD AVENUE","Cross Island Parkway","Cross Is Pkwy Nb En Hempstead Wb","WB"
"22562","Queens","2016","5","9","16","15","364","155613","POINT (1059678.8154876027 198480.09766927382)","HEMPSTEAD AVENUE","Cross Island Parkway","Cross Is Pkwy Nb En Hempstead Wb","WB"
"22562","Queens","2016","5","9","16","30","402","155613","POINT (1059678.8154876027 198480.09766927382)","HEMPSTEAD AVENUE","Cross Island Parkway","Cross Is Pkwy Nb En Hempstead Wb","WB"
"22562","Queens","2016","5","9","16","45","349","155613","POINT (1059678.8154876027 198480.09766927382)","HEMPSTEAD AVENUE","Cross Island Parkway","Cross Is Pkwy Nb En Hempstead Wb","WB"
"22562","Queens","2016","5","9","17","0","356","155613","POINT (1059678.8154876027 198480.09766927382)","HEMPSTEAD AVENUE","Cross Island Parkway","Cross Is Pkwy Nb En Hempstead Wb","WB"
"22562","Queens","2016","5","9","17","15","380","155613","POINT (1059678.8154876027 198480.09766927382)","HEMPSTEAD AVENUE","Cross Island Parkway","Cross Is Pkwy Nb En Hempstead Wb","WB"
"22562","Queens","2016","5","9","17","30","403","155613","POINT (1059678.8154876027 198480.09766927382)","HEMPSTEAD AVENUE","Cross Island Parkway","Cross Is Pkwy Nb En Hempstead Wb","WB"
"22562","Queens","2016","5","9","17","45","389","155613","POINT (1059678.8154876027 198480.09766927382)","HEMPSTEAD AVENUE","Cross Island Parkway","Cross Is Pkwy Nb En Hempstead Wb","WB"
"22562","Queens","2016","5","9","18","0","383","155613","POINT (1059678.8154876027 198480.09766927382)","HEMPSTEAD AVENUE","Cross Island Parkway","Cross Is Pkwy Nb En Hempstead Wb","WB"
"22562","Queens","2016","5","9","18","15","415","155613","POINT (1059678.8154876027 198480.09766927382)","HEMPSTEAD AVENUE","Cross Island Parkway","Cross Is Pkwy Nb En Hempstead Wb","WB"
"22562","Queens","2016","5","9","18","30","348","155613","POINT (1059678.8154876027 198480.09766927382)","HEMPSTEAD AVENUE","Cross Island Parkway","Cross Is Pkwy Nb En Hempstead Wb","WB"
"22562","Queens","2016","5","9","18","45","359","155613","POINT (1059678.8154876027 198480.09766927382)","HEMPSTEAD AVENUE","Cross Island Parkway","Cross Is Pkwy Nb En Hempstead Wb","WB"
"22562","Queens","2016","5","9","19","0","376","155613","POINT (1059678.8154876027 198480.09766927382)","HEMPSTEAD AVENUE","Cross Island Parkway","Cross Is Pkwy Nb En Hempstead Wb","WB"
"22562","Queens","2016","5","9","19","15","399","155613","POINT (1059678.8154876027 198480.09766927382)","HEMPSTEAD AVENUE","Cross Island Parkway","Cross Is Pkwy Nb En Hempstead Wb","WB"
"22562","Queens","2016","5","9","19","30","362","155613","POINT (1059678.8154876027 198480.09766927382)","HEMPSTEAD AVENUE","Cross Island Parkway","Cross Is Pkwy Nb En Hempstead Wb","WB"
"22562","Queens","2016","5","9","19","45","375","155613","POINT (1059678.8154876027 198480.09766927382)","HEMPSTEAD AVENUE","Cross Island Parkway","Cross Is Pkwy Nb En Hempstead Wb","WB"
"22562","Queens","2016","5","9","20","0","340","155613","POINT (1059678.8154876027 198480.09766927382)","HEMPSTEAD AVENUE","Cross Island Parkway","Cross Is Pkwy Nb En Hempstead Wb","WB"
"22562","Queens","2016","5","9","20","15","357","155613","POINT (1059678.8154876027 198480.09766927382)","HEMPSTEAD AVENUE","Cross Island Parkway","Cross Is Pkwy Nb En Hempstead Wb","WB"
"22562","Queens","2016","5","9","20","30","322","155613","POINT (1059678.8154876027 198480.09766927382)","HEMPSTEAD AVENUE","Cross Island Parkway","Cross Is Pkwy Nb En Hempstead Wb","WB"
"22562","Queens","2016","5","9","20","45","329","155613","POINT (1059678.8154876027 198480.09766927382)","HEMPSTEAD AVENUE","Cross Island Parkway","Cross Is Pkwy Nb En Hempstead Wb","WB"
"22562","Queens","2016","5","9","21","0","303","155613","POINT (1059678.8154876027 198480.09766927382)","HEMPSTEAD AVENUE","Cross Island Parkway","Cross Is Pkwy Nb En Hempstead Wb","WB"
"22562","Queens","2016","5","9","21","15","293","155613","POINT (1059678.8154876027 198480.09766927382)","HEMPSTEAD AVENUE","Cross Island Parkway","Cross Is Pkwy Nb En Hempstead Wb","WB"
"22562","Queens","2016","5","9","21","30","250","155613","POINT (1059678.8154876027 198480.09766927382)","HEMPSTEAD AVENUE","Cross Island Parkway","Cross Is Pkwy Nb En Hempstead Wb","WB"
"22562","Queens","2016","5","9","21","45","268","155613","POINT (1059678.8154876027 198480.09766927382)","HEMPSTEAD AVENUE","Cross Island Parkway","Cross Is Pkwy Nb En Hempstead Wb","WB"
"22562","Queens","2016","5","9","22","0","248","155613","POINT (1059678.8154876027 198480.09766927382)","HEMPSTEAD AVENUE","Cross Island Parkway","Cross Is Pkwy Nb En Hempstead Wb","WB"
"22562","Queens","2016","5","9","22","15","249","155613","POINT (1059678.8154876027 198480.09766927382)","HEMPSTEAD AVENUE","Cross Island Parkway","Cross Is Pkwy Nb En Hempstead Wb","WB"
"22562","Queens","2016","5","9","22","30","212","155613","POINT (1059678.8154876027 198480.09766927382)","HEMPSTEAD AVENUE","Cross Island Parkway","Cross Is Pkwy Nb En Hempstead Wb","WB"
"22562","Queens","2016","5","9","22","45","191","155613","POINT (1059678.8154876027 198480.09766927382)","HEMPSTEAD AVENUE","Cross Island Parkway","Cross Is Pkwy Nb En Hempstead Wb","WB"
"22562","Queens","2016","5","9","23","0","199","155613","POINT (1059678.8154876027 198480.09766927382)","HEMPSTEAD AVENUE","Cross Island Parkway","Cross Is Pkwy Nb En Hempstead Wb","WB"
"22562","Queens","2016","5","9","23","15","152","155613","POINT (1059678.8154876027 198480.09766927382)","HEMPSTEAD AVENUE","Cross Island Parkway","Cross Is Pkwy Nb En Hempstead Wb","WB"
"22562","Queens","2016","5","9","23","30","151","155613","POINT (1059678.8154876027 198480.09766927382)","HEMPSTEAD AVENUE","Cross Island Parkway","Cross Is Pkwy Nb En Hempstead Wb","WB"
"22562","Queens","2016","5","9","23","45","128","155613","POINT (1059678.8154876027 198480.09766927382)","HEMPSTEAD AVENUE","Cross Island Parkway","Cross Is Pkwy Nb En Hempstead Wb","WB"
"22562","Queens","2016","5","10","0","0","107","155613","POINT (1059678.8154876027 198480.09766927382)","HEMPSTEAD AVENUE","Cross Island Parkway","Cross Is Pkwy Nb En Hempstead Wb","WB"
"22562","Queens","2016","5","10","0","15","115","155613","POINT (1059678.8154876027 198480.09766927382)","HEMPSTEAD AVENUE","Cross Island Parkway","Cross Is Pkwy Nb En Hempstead Wb","WB"
"22562","Queens","2016","5","10","0","30","97","155613","POINT (1059678.8154876027 198480.09766927382)","HEMPSTEAD AVENUE","Cross Island Parkway","Cross Is Pkwy Nb En Hempstead Wb","WB"
"22562","Queens","2016","5","10","0","45","84","155613","POINT (1059678.8154876027 198480.09766927382)","HEMPSTEAD AVENUE","Cross Island Parkway","Cross Is Pkwy Nb En Hempstead Wb","WB"
"22562","Queens","2016","5","10","1","0","63","155613","POINT (1059678.8154876027 198480.09766927382)","HEMPSTEAD AVENUE","Cross Island Parkway","Cross Is Pkwy Nb En Hempstead Wb","WB"
"22562","Queens","2016","5","10","1","15","59","155613","POINT (1059678.8154876027 198480.09766927382)","HEMPSTEAD AVENUE","Cross Island Parkway","Cross Is Pkwy Nb En Hempstead Wb","WB"
"22562","Queens","2016","5","10","1","30","60","155613","POINT (1059678.8154876027 198480.09766927382)","HEMPSTEAD AVENUE","Cross Island Parkway","Cross Is Pkwy Nb En Hempstead Wb","WB"
"22562","Queens","2016","5","10","1","45","65","155613","POINT (1059678.8154876027 198480.09766927382)","HEMPSTEAD AVENUE","Cross Island Parkway","Cross Is Pkwy Nb En Hempstead Wb","WB"
"22562","Queens","2016","5","10","2","0","44","155613","POINT (1059678.8154876027 198480.09766927382)","HEMPSTEAD AVENUE","Cross Island Parkway","Cross Is Pkwy Nb En Hempstead Wb","WB"
"22562","Queens","2016","5","10","2","15","49","155613","POINT (1059678.8154876027 198480.09766927382)","HEMPSTEAD AVENUE","Cross Island Parkway","Cross Is Pkwy Nb En Hempstead Wb","WB"
"22562","Queens","2016","5","10","2","30","38","155613","POINT (1059678.8154876027 198480.09766927382)","HEMPSTEAD AVENUE","Cross Island Parkway","Cross Is Pkwy Nb En Hempstead Wb","WB"
"22562","Queens","2016","5","10","2","45","46","155613","POINT (1059678.8154876027 198480.09766927382)","HEMPSTEAD AVENUE","Cross Island Parkway","Cross Is Pkwy Nb En Hempstead Wb","WB"
"22562","Queens","2016","5","10","3","0","34","155613","POINT (1059678.8154876027 198480.09766927382)","HEMPSTEAD AVENUE","Cross Island Parkway","Cross Is Pkwy Nb En Hempstead Wb","WB"
"22562","Queens","2016","5","10","3","15","40","155613","POINT (1059678.8154876027 198480.09766927382)","HEMPSTEAD AVENUE","Cross Island Parkway","Cross Is Pkwy Nb En Hempstead Wb","WB"
"22562","Queens","2016","5","10","3","30","50","155613","POINT (1059678.8154876027 198480.09766927382)","HEMPSTEAD AVENUE","Cross Island Parkway","Cross Is Pkwy Nb En Hempstead Wb","WB"
"22562","Queens","2016","5","10","3","45","42","155613","POINT (1059678.8154876027 198480.09766927382)","HEMPSTEAD AVENUE","Cross Island Parkway","Cross Is Pkwy Nb En Hempstead Wb","WB"
"22562","Queens","2016","5","10","4","0","60","155613","POINT (1059678.8154876027 198480.09766927382)","HEMPSTEAD AVENUE","Cross Island Parkway","Cross Is Pkwy Nb En Hempstead Wb","WB"
"22562","Queens","2016","5","10","4","15","77","155613","POINT (1059678.8154876027 198480.09766927382)","HEMPSTEAD AVENUE","Cross Island Parkway","Cross Is Pkwy Nb En Hempstead Wb","WB"
"22562","Queens","2016","5","10","4","30","98","155613","POINT (1059678.8154876027 198480.09766927382)","HEMPSTEAD AVENUE","Cross Island Parkway","Cross Is Pkwy Nb En Hempstead Wb","WB"
"22562","Queens","2016","5","10","4","45","134","155613","POINT (1059678.8154876027 198480.09766927382)","HEMPSTEAD AVENUE","Cross Island Parkway","Cross Is Pkwy Nb En Hempstead Wb","WB"
"22562","Queens","2016","5","10","5","0","163","155613","POINT (1059678.8154876027 198480.09766927382)","HEMPSTEAD AVENUE","Cross Island Parkway","Cross Is Pkwy Nb En Hempstead Wb","WB"
"22562","Queens","2016","5","10","5","15","227","155613","POINT (1059678.8154876027 198480.09766927382)","HEMPSTEAD AVENUE","Cross Island Parkway","Cross Is Pkwy Nb En Hempstead Wb","WB"
"22562","Queens","2016","5","10","5","30","304","155613","POINT (1059678.8154876027 198480.09766927382)","HEMPSTEAD AVENUE","Cross Island Parkway","Cross Is Pkwy Nb En Hempstead Wb","WB"
"22562","Queens","2016","5","10","5","45","371","155613","POINT (1059678.8154876027 198480.09766927382)","HEMPSTEAD AVENUE","Cross Island Parkway","Cross Is Pkwy Nb En Hempstead Wb","WB"
"22562","Queens","2016","5","10","6","0","367","155613","POINT (1059678.8154876027 198480.09766927382)","HEMPSTEAD AVENUE","Cross Island Parkway","Cross Is Pkwy Nb En Hempstead Wb","WB"
"22562","Queens","2016","5","10","6","15","484","155613","POINT (1059678.8154876027 198480.09766927382)","HEMPSTEAD AVENUE","Cross Island Parkway","Cross Is Pkwy Nb En Hempstead Wb","WB"
"22562","Queens","2016","5","10","6","30","533","155613","POINT (1059678.8154876027 198480.09766927382)","HEMPSTEAD AVENUE","Cross Island Parkway","Cross Is Pkwy Nb En Hempstead Wb","WB"
"22562","Queens","2016","5","10","6","45","507","155613","POINT (1059678.8154876027 198480.09766927382)","HEMPSTEAD AVENUE","Cross Island Parkway","Cross Is Pkwy Nb En Hempstead Wb","WB"
"22562","Queens","2016","5","10","7","0","505","155613","POINT (1059678.8154876027 198480.09766927382)","HEMPSTEAD AVENUE","Cross Island Parkway","Cross Is Pkwy Nb En Hempstead Wb","WB"
"22562","Queens","2016","5","10","7","15","495","155613","POINT (1059678.8154876027 198480.09766927382)","HEMPSTEAD AVENUE","Cross Island Parkway","Cross Is Pkwy Nb En Hempstead Wb","WB"
"22562","Queens","2016","5","10","7","30","499","155613","POINT (1059678.8154876027 198480.09766927382)","HEMPSTEAD AVENUE","Cross Island Parkway","Cross Is Pkwy Nb En Hempstead Wb","WB"
"22562","Queens","2016","5","10","7","45","471","155613","POINT (1059678.8154876027 198480.09766927382)","HEMPSTEAD AVENUE","Cross Island Parkway","Cross Is Pkwy Nb En Hempstead Wb","WB"
"22562","Queens","2016","5","10","8","0","470","155613","POINT (1059678.8154876027 198480.09766927382)","HEMPSTEAD AVENUE","Cross Island Parkway","Cross Is Pkwy Nb En Hempstead Wb","WB"
"22562","Queens","2016","5","10","8","15","419","155613","POINT (1059678.8154876027 198480.09766927382)","HEMPSTEAD AVENUE","Cross Island Parkway","Cross Is Pkwy Nb En Hempstead Wb","WB"
"22562","Queens","2016","5","10","8","30","413","155613","POINT (1059678.8154876027 198480.09766927382)","HEMPSTEAD AVENUE","Cross Island Parkway","Cross Is Pkwy Nb En Hempstead Wb","WB"
"22562","Queens","2016","5","10","8","45","384","155613","POINT (1059678.8154876027 198480.09766927382)","HEMPSTEAD AVENUE","Cross Island Parkway","Cross Is Pkwy Nb En Hempstead Wb","WB"
"22562","Queens","2016","5","10","9","0","365","155613","POINT (1059678.8154876027 198480.09766927382)","HEMPSTEAD AVENUE","Cross Island Parkway","Cross Is Pkwy Nb En Hempstead Wb","WB"
"22562","Queens","2016","5","10","9","15","395","155613","POINT (1059678.8154876027 198480.09766927382)","HEMPSTEAD AVENUE","Cross Island Parkway","Cross Is Pkwy Nb En Hempstead Wb","WB"
"22562","Queens","2016","5","10","9","30","310","155613","POINT (1059678.8154876027 198480.09766927382)","HEMPSTEAD AVENUE","Cross Island Parkway","Cross Is Pkwy Nb En Hempstead Wb","WB"
"22562","Queens","2016","5","10","9","45","376","155613","POINT (1059678.8154876027 198480.09766927382)","HEMPSTEAD AVENUE","Cross Island Parkway","Cross Is Pkwy Nb En Hempstead Wb","WB"
"22562","Queens","2016","5","10","10","0","335","155613","POINT (1059678.8154876027 198480.09766927382)","HEMPSTEAD AVENUE","Cross Island Parkway","Cross Is Pkwy Nb En Hempstead Wb","WB"
"22562","Queens","2016","5","10","10","15","329","155613","POINT (1059678.8154876027 198480.09766927382)","HEMPSTEAD AVENUE","Cross Island Parkway","Cross Is Pkwy Nb En Hempstead Wb","WB"
"22562","Queens","2016","5","10","10","30","356","155613","POINT (1059678.8154876027 198480.09766927382)","HEMPSTEAD AVENUE","Cross Island Parkway","Cross Is Pkwy Nb En Hempstead Wb","WB"
"22562","Queens","2016","5","10","10","45","344","155613","POINT (1059678.8154876027 198480.09766927382)","HEMPSTEAD AVENUE","Cross Island Parkway","Cross Is Pkwy Nb En Hempstead Wb","WB"
"22562","Queens","2016","5","10","11","0","351","155613","POINT (1059678.8154876027 198480.09766927382)","HEMPSTEAD AVENUE","Cross Island Parkway","Cross Is Pkwy Nb En Hempstead Wb","WB"
"22562","Queens","2016","5","10","11","15","320","155613","POINT (1059678.8154876027 198480.09766927382)","HEMPSTEAD AVENUE","Cross Island Parkway","Cross Is Pkwy Nb En Hempstead Wb","WB"
"22562","Queens","2016","5","10","11","30","373","155613","POINT (1059678.8154876027 198480.09766927382)","HEMPSTEAD AVENUE","Cross Island Parkway","Cross Is Pkwy Nb En Hempstead Wb","WB"
"22562","Queens","2016","5","10","11","45","304","155613","POINT (1059678.8154876027 198480.09766927382)","HEMPSTEAD AVENUE","Cross Island Parkway","Cross Is Pkwy Nb En Hempstead Wb","WB"
"22562","Queens","2016","5","10","12","0","327","155613","POINT (1059678.8154876027 198480.09766927382)","HEMPSTEAD AVENUE","Cross Island Parkway","Cross Is Pkwy Nb En Hempstead Wb","WB"
"22562","Queens","2016","5","10","12","15","358","155613","POINT (1059678.8154876027 198480.09766927382)","HEMPSTEAD AVENUE","Cross Island Parkway","Cross Is Pkwy Nb En Hempstead Wb","WB"
"22562","Queens","2016","5","10","12","30","316","155613","POINT (1059678.8154876027 198480.09766927382)","HEMPSTEAD AVENUE","Cross Island Parkway","Cross Is Pkwy Nb En Hempstead Wb","WB"
"22562","Queens","2016","5","10","12","45","362","155613","POINT (1059678.8154876027 198480.09766927382)","HEMPSTEAD AVENUE","Cross Island Parkway","Cross Is Pkwy Nb En Hempstead Wb","WB"
"22562","Queens","2016","5","10","13","0","383","155613","POINT (1059678.8154876027 198480.09766927382)","HEMPSTEAD AVENUE","Cross Island Parkway","Cross Is Pkwy Nb En Hempstead Wb","WB"
"7767","Staten Island","2011","10","20","14","0","141","138444","POINT (963268.1 173049.4)","BAY ST","SLOSSON TERR","SOUTH ST","NB"
"7767","Staten Island","2011","10","20","14","15","134","138444","POINT (963268.1 173049.4)","BAY ST","SLOSSON TERR","SOUTH ST","NB"
"7767","Staten Island","2011","10","20","14","30","146","138444","POINT (963268.1 173049.4)","BAY ST","SLOSSON TERR","SOUTH ST","NB"
"7767","Staten Island","2011","10","20","14","45","161","138444","POINT (963268.1 173049.4)","BAY ST","SLOSSON TERR","SOUTH ST","NB"
"7767","Staten Island","2011","10","20","15","0","152","138444","POINT (963268.1 173049.4)","BAY ST","SLOSSON TERR","SOUTH ST","NB"
"7767","Staten Island","2011","10","20","15","15","162","138444","POINT (963268.1 173049.4)","BAY ST","SLOSSON TERR","SOUTH ST","NB"
"7767","Staten Island","2011","10","20","15","30","172","138444","POINT (963268.1 173049.4)","BAY ST","SLOSSON TERR","SOUTH ST","NB"
"7767","Staten Island","2011","10","20","15","45","164","138444","POINT (963268.1 173049.4)","BAY ST","SLOSSON TERR","SOUTH ST","NB"
"7767","Staten Island","2011","10","20","16","0","155","138444","POINT (963268.1 173049.4)","BAY ST","SLOSSON TERR","SOUTH ST","NB"
"7767","Staten Island","2011","10","20","16","15","166","138444","POINT (963268.1 173049.4)","BAY ST","SLOSSON TERR","SOUTH ST","NB"
"7767","Staten Island","2011","10","20","16","30","148","138444","POINT (963268.1 173049.4)","BAY ST","SLOSSON TERR","SOUTH ST","NB"
"7767","Staten Island","2011","10","20","16","45","171","138444","POINT (963268.1 173049.4)","BAY ST","SLOSSON TERR","SOUTH ST","NB"
"7767","Staten Island","2011","10","20","17","0","170","138444","POINT (963268.1 173049.4)","BAY ST","SLOSSON TERR","SOUTH ST","NB"
"7767","Staten Island","2011","10","20","17","15","170","138444","POINT (963268.1 173049.4)","BAY ST","SLOSSON TERR","SOUTH ST","NB"
"7767","Staten Island","2011","10","20","17","30","148","138444","POINT (963268.1 173049.4)","BAY ST","SLOSSON TERR","SOUTH ST","NB"
"7767","Staten Island","2011","10","20","17","45","156","138444","POINT (963268.1 173049.4)","BAY ST","SLOSSON TERR","SOUTH ST","NB"
"7767","Staten Island","2011","10","20","18","0","141","138444","POINT (963268.1 173049.4)","BAY ST","SLOSSON TERR","SOUTH ST","NB"
"7767","Staten Island","2011","10","20","18","15","144","138444","POINT (963268.1 173049.4)","BAY ST","SLOSSON TERR","SOUTH ST","NB"
"7767","Staten Island","2011","10","20","18","30","113","138444","POINT (963268.1 173049.4)","BAY ST","SLOSSON TERR","SOUTH ST","NB"
"7767","Staten Island","2011","10","20","18","45","125","138444","POINT (963268.1 173049.4)","BAY ST","SLOSSON TERR","SOUTH ST","NB"
"7767","Staten Island","2011","10","20","19","0","96","138444","POINT (963268.1 173049.4)","BAY ST","SLOSSON TERR","SOUTH ST","NB"
"7767","Staten Island","2011","10","20","19","15","107","138444","POINT (963268.1 173049.4)","BAY ST","SLOSSON TERR","SOUTH ST","NB"
"7767","Staten Island","2011","10","20","19","30","124","138444","POINT (963268.1 173049.4)","BAY ST","SLOSSON TERR","SOUTH ST","NB"
"7767","Staten Island","2011","10","20","19","45","85","138444","POINT (963268.1 173049.4)","BAY ST","SLOSSON TERR","SOUTH ST","NB"
"7767","Staten Island","2011","10","20","20","0","87","138444","POINT (963268.1 173049.4)","BAY ST","SLOSSON TERR","SOUTH ST","NB"
"7767","Staten Island","2011","10","20","20","15","108","138444","POINT (963268.1 173049.4)","BAY ST","SLOSSON TERR","SOUTH ST","NB"
"7767","Staten Island","2011","10","20","20","30","61","138444","POINT (963268.1 173049.4)","BAY ST","SLOSSON TERR","SOUTH ST","NB"
"7767","Staten Island","2011","10","20","20","45","94","138444","POINT (963268.1 173049.4)","BAY ST","SLOSSON TERR","SOUTH ST","NB"
"7767","Staten Island","2011","10","20","21","0","66","138444","POINT (963268.1 173049.4)","BAY ST","SLOSSON TERR","SOUTH ST","NB"
"7767","Staten Island","2011","10","20","21","15","106","138444","POINT (963268.1 173049.4)","BAY ST","SLOSSON TERR","SOUTH ST","NB"
"7767","Staten Island","2011","10","20","21","30","65","138444","POINT (963268.1 173049.4)","BAY ST","SLOSSON TERR","SOUTH ST","NB"
"7767","Staten Island","2011","10","20","21","45","90","138444","POINT (963268.1 173049.4)","BAY ST","SLOSSON TERR","SOUTH ST","NB"
"7767","Staten Island","2011","10","20","22","0","65","138444","POINT (963268.1 173049.4)","BAY ST","SLOSSON TERR","SOUTH ST","NB"
"7767","Staten Island","2011","10","20","22","15","83","138444","POINT (963268.1 173049.4)","BAY ST","SLOSSON TERR","SOUTH ST","NB"
"7767","Staten Island","2011","10","20","22","30","38","138444","POINT (963268.1 173049.4)","BAY ST","SLOSSON TERR","SOUTH ST","NB"
"7767","Staten Island","2011","10","20","22","45","81","138444","POINT (963268.1 173049.4)","BAY ST","SLOSSON TERR","SOUTH ST","NB"
"7767","Staten Island","2011","10","20","23","0","51","138444","POINT (963268.1 173049.4)","BAY ST","SLOSSON TERR","SOUTH ST","NB"
"7767","Staten Island","2011","10","20","23","15","65","138444","POINT (963268.1 173049.4)","BAY ST","SLOSSON TERR","SOUTH ST","NB"
"7767","Staten Island","2011","10","20","23","30","43","138444","POINT (963268.1 173049.4)","BAY ST","SLOSSON TERR","SOUTH ST","NB"
"7767","Staten Island","2011","10","20","23","45","50","138444","POINT (963268.1 173049.4)","BAY ST","SLOSSON TERR","SOUTH ST","NB"
"7767","Staten Island","2011","10","21","0","0","33","138444","POINT (963268.1 173049.4)","BAY ST","SLOSSON TERR","SOUTH ST","NB"
"7767","Staten Island","2011","10","21","0","15","37","138444","POINT (963268.1 173049.4)","BAY ST","SLOSSON TERR","SOUTH ST","NB"
"7767","Staten Island","2011","10","21","0","30","18","138444","POINT (963268.1 173049.4)","BAY ST","SLOSSON TERR","SOUTH ST","NB"
"7767","Staten Island","2011","10","21","0","45","26","138444","POINT (963268.1 173049.4)","BAY ST","SLOSSON TERR","SOUTH ST","NB"
"7767","Staten Island","2011","10","21","1","0","23","138444","POINT (963268.1 173049.4)","BAY ST","SLOSSON TERR","SOUTH ST","NB"
"7767","Staten Island","2011","10","21","1","15","25","138444","POINT (963268.1 173049.4)","BAY ST","SLOSSON TERR","SOUTH ST","NB"
"7767","Staten Island","2011","10","21","1","30","15","138444","POINT (963268.1 173049.4)","BAY ST","SLOSSON TERR","SOUTH ST","NB"
"7767","Staten Island","2011","10","21","1","45","22","138444","POINT (963268.1 173049.4)","BAY ST","SLOSSON TERR","SOUTH ST","NB"
"7767","Staten Island","2011","10","21","2","0","8","138444","POINT (963268.1 173049.4)","BAY ST","SLOSSON TERR","SOUTH ST","NB"
"7767","Staten Island","2011","10","21","2","15","9","138444","POINT (963268.1 173049.4)","BAY ST","SLOSSON TERR","SOUTH ST","NB"
"7767","Staten Island","2011","10","21","2","30","10","138444","POINT (963268.1 173049.4)","BAY ST","SLOSSON TERR","SOUTH ST","NB"
"7767","Staten Island","2011","10","21","2","45","16","138444","POINT (963268.1 173049.4)","BAY ST","SLOSSON TERR","SOUTH ST","NB"
"7767","Staten Island","2011","10","21","3","0","21","138444","POINT (963268.1 173049.4)","BAY ST","SLOSSON TERR","SOUTH ST","NB"
"7767","Staten Island","2011","10","21","3","15","15","138444","POINT (963268.1 173049.4)","BAY ST","SLOSSON TERR","SOUTH ST","NB"
"7767","Staten Island","2011","10","21","3","30","15","138444","POINT (963268.1 173049.4)","BAY ST","SLOSSON TERR","SOUTH ST","NB"
"7767","Staten Island","2011","10","21","3","45","31","138444","POINT (963268.1 173049.4)","BAY ST","SLOSSON TERR","SOUTH ST","NB"
"7767","Staten Island","2011","10","21","4","0","12","138444","POINT (963268.1 173049.4)","BAY ST","SLOSSON TERR","SOUTH ST","NB"
"7767","Staten Island","2011","10","21","4","15","25","138444","POINT (963268.1 173049.4)","BAY ST","SLOSSON TERR","SOUTH ST","NB"
"7767","Staten Island","2011","10","21","4","30","49","138444","POINT (963268.1 173049.4)","BAY ST","SLOSSON TERR","SOUTH ST","NB"
"7767","Staten Island","2011","10","21","4","45","44","138444","POINT (963268.1 173049.4)","BAY ST","SLOSSON TERR","SOUTH ST","NB"
"7767","Staten Island","2011","10","21","5","0","41","138444","POINT (963268.1 173049.4)","BAY ST","SLOSSON TERR","SOUTH ST","NB"
"7767","Staten Island","2011","10","21","5","15","64","138444","POINT (963268.1 173049.4)","BAY ST","SLOSSON TERR","SOUTH ST","NB"
"7767","Staten Island","2011","10","21","5","30","64","138444","POINT (963268.1 173049.4)","BAY ST","SLOSSON TERR","SOUTH ST","NB"
"7767","Staten Island","2011","10","21","5","45","121","138444","POINT (963268.1 173049.4)","BAY ST","SLOSSON TERR","SOUTH ST","NB"
"7767","Staten Island","2011","10","21","6","0","125","138444","POINT (963268.1 173049.4)","BAY ST","SLOSSON TERR","SOUTH ST","NB"
"7767","Staten Island","2011","10","21","6","15","155","138444","POINT (963268.1 173049.4)","BAY ST","SLOSSON TERR","SOUTH ST","NB"
"7767","Staten Island","2011","10","21","6","30","175","138444","POINT (963268.1 173049.4)","BAY ST","SLOSSON TERR","SOUTH ST","NB"
"7767","Staten Island","2011","10","21","6","45","216","138444","POINT (963268.1 173049.4)","BAY ST","SLOSSON TERR","SOUTH ST","NB"
"7767","Staten Island","2011","10","21","7","0","191","138444","POINT (963268.1 173049.4)","BAY ST","SLOSSON TERR","SOUTH ST","NB"
"7767","Staten Island","2011","10","21","7","15","212","138444","POINT (963268.1 173049.4)","BAY ST","SLOSSON TERR","SOUTH ST","NB"
"7767","Staten Island","2011","10","21","7","30","234","138444","POINT (963268.1 173049.4)","BAY ST","SLOSSON TERR","SOUTH ST","NB"
"7767","Staten Island","2011","10","21","7","45","286","138444","POINT (963268.1 173049.4)","BAY ST","SLOSSON TERR","SOUTH ST","NB"
"7767","Staten Island","2011","10","21","8","0","228","138444","POINT (963268.1 173049.4)","BAY ST","SLOSSON TERR","SOUTH ST","NB"
"7767","Staten Island","2011","10","21","8","15","250","138444","POINT (963268.1 173049.4)","BAY ST","SLOSSON TERR","SOUTH ST","NB"
"7767","Staten Island","2011","10","21","8","30","268","138444","POINT (963268.1 173049.4)","BAY ST","SLOSSON TERR","SOUTH ST","NB"
"7767","Staten Island","2011","10","21","8","45","270","138444","POINT (963268.1 173049.4)","BAY ST","SLOSSON TERR","SOUTH ST","NB"
"7767","Staten Island","2011","10","21","9","0","219","138444","POINT (963268.1 173049.4)","BAY ST","SLOSSON TERR","SOUTH ST","NB"
"7767","Staten Island","2011","10","21","9","15","167","138444","POINT (963268.1 173049.4)","BAY ST","SLOSSON TERR","SOUTH ST","NB"
"7767","Staten Island","2011","10","21","9","30","146","138444","POINT (963268.1 173049.4)","BAY ST","SLOSSON TERR","SOUTH ST","NB"
"7767","Staten Island","2011","10","21","9","45","161","138444","POINT (963268.1 173049.4)","BAY ST","SLOSSON TERR","SOUTH ST","NB"
"7767","Staten Island","2011","10","21","10","0","149","138444","POINT (963268.1 173049.4)","BAY ST","SLOSSON TERR","SOUTH ST","NB"
"7767","Staten Island","2011","10","21","10","15","128","138444","POINT (963268.1 173049.4)","BAY ST","SLOSSON TERR","SOUTH ST","NB"
"7767","Staten Island","2011","10","21","10","30","144","138444","POINT (963268.1 173049.4)","BAY ST","SLOSSON TERR","SOUTH ST","NB"
"7767","Staten Island","2011","10","21","10","45","166","138444","POINT (963268.1 173049.4)","BAY ST","SLOSSON TERR","SOUTH ST","NB"
"7767","Staten Island","2011","10","21","11","0","143","138444","POINT (963268.1 173049.4)","BAY ST","SLOSSON TERR","SOUTH ST","NB"
"7767","Staten Island","2011","10","21","11","15","163","138444","POINT (963268.1 173049.4)","BAY ST","SLOSSON TERR","SOUTH ST","NB"
"7767","Staten Island","2011","10","21","11","30","134","138444","POINT (963268.1 173049.4)","BAY ST","SLOSSON TERR","SOUTH ST","NB"
"7767","Staten Island","2011","10","21","11","45","168","138444","POINT (963268.1 173049.4)","BAY ST","SLOSSON TERR","SOUTH ST","NB"
"7767","Staten Island","2011","10","21","12","0","131","138444","POINT (963268.1 173049.4)","BAY ST","SLOSSON TERR","SOUTH ST","NB"
"7767","Staten Island","2011","10","21","12","15","149","138444","POINT (963268.1 173049.4)","BAY ST","SLOSSON TERR","SOUTH ST","NB"
"7767","Staten Island","2011","10","21","12","30","152","138444","POINT (963268.1 173049.4)","BAY ST","SLOSSON TERR","SOUTH ST","NB"
"7767","Staten Island","2011","10","21","12","45","142","138444","POINT (963268.1 173049.4)","BAY ST","SLOSSON TERR","SOUTH ST","NB"
"7767","Staten Island","2011","10","21","13","0","169","138444","POINT (963268.1 173049.4)","BAY ST","SLOSSON TERR","SOUTH ST","NB"
"7767","Staten Island","2011","10","21","13","15","149","138444","POINT (963268.1 173049.4)","BAY ST","SLOSSON TERR","SOUTH ST","NB"
"7767","Staten Island","2011","10","21","13","30","141","138444","POINT (963268.1 173049.4)","BAY ST","SLOSSON TERR","SOUTH ST","NB"
"7767","Staten Island","2011","10","21","13","45","157","138444","POINT (963268.1 173049.4)","BAY ST","SLOSSON TERR","SOUTH ST","NB"
"7767","Staten Island","2011","10","21","14","0","153","138444","POINT (963268.1 173049.4)","BAY ST","SLOSSON TERR","SOUTH ST","NB"
"7767","Staten Island","2011","10","21","14","15","144","138444","POINT (963268.1 173049.4)","BAY ST","SLOSSON TERR","SOUTH ST","NB"
"7767","Staten Island","2011","10","21","14","30","177","138444","POINT (963268.1 173049.4)","BAY ST","SLOSSON TERR","SOUTH ST","NB"
"7767","Staten Island","2011","10","21","14","45","193","138444","POINT (963268.1 173049.4)","BAY ST","SLOSSON TERR","SOUTH ST","NB"
"7767","Staten Island","2011","10","21","15","0","176","138444","POINT (963268.1 173049.4)","BAY ST","SLOSSON TERR","SOUTH ST","NB"
"7767","Staten Island","2011","10","21","15","15","205","138444","POINT (963268.1 173049.4)","BAY ST","SLOSSON TERR","SOUTH ST","NB"
"7767","Staten Island","2011","10","21","15","30","183","138444","POINT (963268.1 173049.4)","BAY ST","SLOSSON TERR","SOUTH ST","NB"
"7767","Staten Island","2011","10","21","15","45","238","138444","POINT (963268.1 173049.4)","BAY ST","SLOSSON TERR","SOUTH ST","NB"
"7767","Staten Island","2011","10","21","16","0","150","138444","POINT (963268.1 173049.4)","BAY ST","SLOSSON TERR","SOUTH ST","NB"
"11557","Manhattan","2012","12","11","20","30","243","142396","POINT (979722.1 196384.8)","BATTERY PARK VIADUCT","BATTERY PLACE","BEND","SB"
"11557","Manhattan","2012","12","11","20","45","197","142396","POINT (979722.1 196384.8)","BATTERY PARK VIADUCT","BATTERY PLACE","BEND","SB"
"11557","Manhattan","2012","12","11","21","0","198","142396","POINT (979722.1 196384.8)","BATTERY PARK VIADUCT","BATTERY PLACE","BEND","SB"
"11557","Manhattan","2012","12","11","21","15","170","142396","POINT (979722.1 196384.8)","BATTERY PARK VIADUCT","BATTERY PLACE","BEND","SB"
"11557","Manhattan","2012","12","11","21","30","177","142396","POINT (979722.1 196384.8)","BATTERY PARK VIADUCT","BATTERY PLACE","BEND","SB"
"11557","Manhattan","2012","12","11","21","45","169","142396","POINT (979722.1 196384.8)","BATTERY PARK VIADUCT","BATTERY PLACE","BEND","SB"
"11557","Manhattan","2012","12","11","22","0","239","142396","POINT (979722.1 196384.8)","BATTERY PARK VIADUCT","BATTERY PLACE","BEND","SB"
"11557","Manhattan","2012","12","11","22","15","211","142396","POINT (979722.1 196384.8)","BATTERY PARK VIADUCT","BATTERY PLACE","BEND","SB"
"11557","Manhattan","2012","12","11","22","30","170","142396","POINT (979722.1 196384.8)","BATTERY PARK VIADUCT","BATTERY PLACE","BEND","SB"
"11557","Manhattan","2012","12","11","22","45","137","142396","POINT (979722.1 196384.8)","BATTERY PARK VIADUCT","BATTERY PLACE","BEND","SB"
"11557","Manhattan","2012","12","11","23","0","100","142396","POINT (979722.1 196384.8)","BATTERY PARK VIADUCT","BATTERY PLACE","BEND","SB"
"11557","Manhattan","2012","12","11","23","15","83","142396","POINT (979722.1 196384.8)","BATTERY PARK VIADUCT","BATTERY PLACE","BEND","SB"
"11557","Manhattan","2012","12","11","23","30","105","142396","POINT (979722.1 196384.8)","BATTERY PARK VIADUCT","BATTERY PLACE","BEND","SB"
"11557","Manhattan","2012","12","11","23","45","67","142396","POINT (979722.1 196384.8)","BATTERY PARK VIADUCT","BATTERY PLACE","BEND","SB"
"11557","Manhattan","2012","12","12","0","0","54","142396","POINT (979722.1 196384.8)","BATTERY PARK VIADUCT","BATTERY PLACE","BEND","SB"
"11557","Manhattan","2012","12","12","0","15","67","142396","POINT (979722.1 196384.8)","BATTERY PARK VIADUCT","BATTERY PLACE","BEND","SB"
"11557","Manhattan","2012","12","12","0","30","48","142396","POINT (979722.1 196384.8)","BATTERY PARK VIADUCT","BATTERY PLACE","BEND","SB"
"11557","Manhattan","2012","12","12","0","45","36","142396","POINT (979722.1 196384.8)","BATTERY PARK VIADUCT","BATTERY PLACE","BEND","SB"
"11557","Manhattan","2012","12","12","1","0","52","142396","POINT (979722.1 196384.8)","BATTERY PARK VIADUCT","BATTERY PLACE","BEND","SB"
"11557","Manhattan","2012","12","12","1","15","45","142396","POINT (979722.1 196384.8)","BATTERY PARK VIADUCT","BATTERY PLACE","BEND","SB"
"11557","Manhattan","2012","12","12","1","30","41","142396","POINT (979722.1 196384.8)","BATTERY PARK VIADUCT","BATTERY PLACE","BEND","SB"
"11557","Manhattan","2012","12","12","1","45","31","142396","POINT (979722.1 196384.8)","BATTERY PARK VIADUCT","BATTERY PLACE","BEND","SB"
"11557","Manhattan","2012","12","12","2","0","28","142396","POINT (979722.1 196384.8)","BATTERY PARK VIADUCT","BATTERY PLACE","BEND","SB"
"11557","Manhattan","2012","12","12","2","15","18","142396","POINT (979722.1 196384.8)","BATTERY PARK VIADUCT","BATTERY PLACE","BEND","SB"
"11557","Manhattan","2012","12","12","2","30","20","142396","POINT (979722.1 196384.8)","BATTERY PARK VIADUCT","BATTERY PLACE","BEND","SB"
"11557","Manhattan","2012","12","12","2","45","20","142396","POINT (979722.1 196384.8)","BATTERY PARK VIADUCT","BATTERY PLACE","BEND","SB"
"11557","Manhattan","2012","12","12","3","0","21","142396","POINT (979722.1 196384.8)","BATTERY PARK VIADUCT","BATTERY PLACE","BEND","SB"
"11557","Manhattan","2012","12","12","3","15","21","142396","POINT (979722.1 196384.8)","BATTERY PARK VIADUCT","BATTERY PLACE","BEND","SB"
"11557","Manhattan","2012","12","12","3","30","13","142396","POINT (979722.1 196384.8)","BATTERY PARK VIADUCT","BATTERY PLACE","BEND","SB"
"11557","Manhattan","2012","12","12","3","45","11","142396","POINT (979722.1 196384.8)","BATTERY PARK VIADUCT","BATTERY PLACE","BEND","SB"
"11557","Manhattan","2012","12","12","4","0","17","142396","POINT (979722.1 196384.8)","BATTERY PARK VIADUCT","BATTERY PLACE","BEND","SB"
"11557","Manhattan","2012","12","12","4","15","28","142396","POINT (979722.1 196384.8)","BATTERY PARK VIADUCT","BATTERY PLACE","BEND","SB"
"11557","Manhattan","2012","12","12","4","30","22","142396","POINT (979722.1 196384.8)","BATTERY PARK VIADUCT","BATTERY PLACE","BEND","SB"
"11557","Manhattan","2012","12","12","4","45","32","142396","POINT (979722.1 196384.8)","BATTERY PARK VIADUCT","BATTERY PLACE","BEND","SB"
"11557","Manhattan","2012","12","12","5","0","42","142396","POINT (979722.1 196384.8)","BATTERY PARK VIADUCT","BATTERY PLACE","BEND","SB"
"11557","Manhattan","2012","12","12","5","15","81","142396","POINT (979722.1 196384.8)","BATTERY PARK VIADUCT","BATTERY PLACE","BEND","SB"
"11557","Manhattan","2012","12","12","5","30","120","142396","POINT (979722.1 196384.8)","BATTERY PARK VIADUCT","BATTERY PLACE","BEND","SB"
"11557","Manhattan","2012","12","12","5","45","154","142396","POINT (979722.1 196384.8)","BATTERY PARK VIADUCT","BATTERY PLACE","BEND","SB"
"11557","Manhattan","2012","12","12","6","0","228","142396","POINT (979722.1 196384.8)","BATTERY PARK VIADUCT","BATTERY PLACE","BEND","SB"
"11557","Manhattan","2012","12","12","6","15","286","142396","POINT (979722.1 196384.8)","BATTERY PARK VIADUCT","BATTERY PLACE","BEND","SB"
"11557","Manhattan","2012","12","12","6","30","348","142396","POINT (979722.1 196384.8)","BATTERY PARK VIADUCT","BATTERY PLACE","BEND","SB"
"11557","Manhattan","2012","12","12","6","45","389","142396","POINT (979722.1 196384.8)","BATTERY PARK VIADUCT","BATTERY PLACE","BEND","SB"
"11557","Manhattan","2012","12","21","8","15","579","142396","POINT (979722.1 196384.8)","BATTERY PARK VIADUCT","BATTERY PLACE","BEND","SB"
"11557","Manhattan","2012","12","21","8","30","620","142396","POINT (979722.1 196384.8)","BATTERY PARK VIADUCT","BATTERY PLACE","BEND","SB"
"11557","Manhattan","2012","12","21","8","45","557","142396","POINT (979722.1 196384.8)","BATTERY PARK VIADUCT","BATTERY PLACE","BEND","SB"
"11557","Manhattan","2012","12","21","9","0","587","142396","POINT (979722.1 196384.8)","BATTERY PARK VIADUCT","BATTERY PLACE","BEND","SB"
"11557","Manhattan","2012","12","21","9","15","595","142396","POINT (979722.1 196384.8)","BATTERY PARK VIADUCT","BATTERY PLACE","BEND","SB"
"11557","Manhattan","2012","12","21","9","30","593","142396","POINT (979722.1 196384.8)","BATTERY PARK VIADUCT","BATTERY PLACE","BEND","SB"
"11557","Manhattan","2012","12","21","9","45","588","142396","POINT (979722.1 196384.8)","BATTERY PARK VIADUCT","BATTERY PLACE","BEND","SB"
"11557","Manhattan","2012","12","21","10","0","298","142396","POINT (979722.1 196384.8)","BATTERY PARK VIADUCT","BATTERY PLACE","BEND","SB"
"11557","Manhattan","2012","12","21","10","15","523","142396","POINT (979722.1 196384.8)","BATTERY PARK VIADUCT","BATTERY PLACE","BEND","SB"
"11557","Manhattan","2012","12","21","10","30","476","142396","POINT (979722.1 196384.8)","BATTERY PARK VIADUCT","BATTERY PLACE","BEND","SB"
"11557","Manhattan","2012","12","21","10","45","524","142396","POINT (979722.1 196384.8)","BATTERY PARK VIADUCT","BATTERY PLACE","BEND","SB"
"11557","Manhattan","2012","12","21","11","0","358","142396","POINT (979722.1 196384.8)","BATTERY PARK VIADUCT","BATTERY PLACE","BEND","SB"
"11557","Manhattan","2012","12","21","11","15","377","142396","POINT (979722.1 196384.8)","BATTERY PARK VIADUCT","BATTERY PLACE","BEND","SB"
"11557","Manhattan","2012","12","21","11","30","595","142396","POINT (979722.1 196384.8)","BATTERY PARK VIADUCT","BATTERY PLACE","BEND","SB"
"11557","Manhattan","2012","12","21","11","45","657","142396","POINT (979722.1 196384.8)","BATTERY PARK VIADUCT","BATTERY PLACE","BEND","SB"
"11557","Manhattan","2012","12","21","12","0","398","142396","POINT (979722.1 196384.8)","BATTERY PARK VIADUCT","BATTERY PLACE","BEND","SB"
"11557","Manhattan","2012","12","21","12","15","415","142396","POINT (979722.1 196384.8)","BATTERY PARK VIADUCT","BATTERY PLACE","BEND","SB"
"11557","Manhattan","2012","12","21","12","30","633","142396","POINT (979722.1 196384.8)","BATTERY PARK VIADUCT","BATTERY PLACE","BEND","SB"
"11557","Manhattan","2012","12","21","12","45","496","142396","POINT (979722.1 196384.8)","BATTERY PARK VIADUCT","BATTERY PLACE","BEND","SB"
"11557","Manhattan","2012","12","21","13","0","401","142396","POINT (979722.1 196384.8)","BATTERY PARK VIADUCT","BATTERY PLACE","BEND","SB"
"11557","Manhattan","2012","12","21","13","15","639","142396","POINT (979722.1 196384.8)","BATTERY PARK VIADUCT","BATTERY PLACE","BEND","SB"
"11557","Manhattan","2012","12","21","13","30","616","142396","POINT (979722.1 196384.8)","BATTERY PARK VIADUCT","BATTERY PLACE","BEND","SB"
"11557","Manhattan","2012","12","21","13","45","570","142396","POINT (979722.1 196384.8)","BATTERY PARK VIADUCT","BATTERY PLACE","BEND","SB"
"11557","Manhattan","2012","12","21","14","0","394","142396","POINT (979722.1 196384.8)","BATTERY PARK VIADUCT","BATTERY PLACE","BEND","SB"
"11557","Manhattan","2012","12","21","14","15","507","142396","POINT (979722.1 196384.8)","BATTERY PARK VIADUCT","BATTERY PLACE","BEND","SB"
"11557","Manhattan","2012","12","21","14","30","461","142396","POINT (979722.1 196384.8)","BATTERY PARK VIADUCT","BATTERY PLACE","BEND","SB"
"11557","Manhattan","2012","12","21","14","45","594","142396","POINT (979722.1 196384.8)","BATTERY PARK VIADUCT","BATTERY PLACE","BEND","SB"
"11557","Manhattan","2012","12","21","15","0","371","142396","POINT (979722.1 196384.8)","BATTERY PARK VIADUCT","BATTERY PLACE","BEND","SB"
"11557","Manhattan","2012","12","21","15","15","403","142396","POINT (979722.1 196384.8)","BATTERY PARK VIADUCT","BATTERY PLACE","BEND","SB"
"11557","Manhattan","2012","12","21","15","30","364","142396","POINT (979722.1 196384.8)","BATTERY PARK VIADUCT","BATTERY PLACE","BEND","SB"
"11557","Manhattan","2012","12","21","15","45","426","142396","POINT (979722.1 196384.8)","BATTERY PARK VIADUCT","BATTERY PLACE","BEND","SB"
"11557","Manhattan","2012","12","21","16","0","356","142396","POINT (979722.1 196384.8)","BATTERY PARK VIADUCT","BATTERY PLACE","BEND","SB"
"11557","Manhattan","2012","12","21","16","15","348","142396","POINT (979722.1 196384.8)","BATTERY PARK VIADUCT","BATTERY PLACE","BEND","SB"
"11557","Manhattan","2012","12","21","16","30","375","142396","POINT (979722.1 196384.8)","BATTERY PARK VIADUCT","BATTERY PLACE","BEND","SB"
"11557","Manhattan","2012","12","21","16","45","330","142396","POINT (979722.1 196384.8)","BATTERY PARK VIADUCT","BATTERY PLACE","BEND","SB"
"11557","Manhattan","2012","12","21","17","0","309","142396","POINT (979722.1 196384.8)","BATTERY PARK VIADUCT","BATTERY PLACE","BEND","SB"
"11557","Manhattan","2012","12","21","17","15","359","142396","POINT (979722.1 196384.8)","BATTERY PARK VIADUCT","BATTERY PLACE","BEND","SB"
"11557","Manhattan","2012","12","21","17","30","352","142396","POINT (979722.1 196384.8)","BATTERY PARK VIADUCT","BATTERY PLACE","BEND","SB"
"11557","Manhattan","2012","12","21","17","45","325","142396","POINT (979722.1 196384.8)","BATTERY PARK VIADUCT","BATTERY PLACE","BEND","SB"
"11557","Manhattan","2012","12","21","18","0","324","142396","POINT (979722.1 196384.8)","BATTERY PARK VIADUCT","BATTERY PLACE","BEND","SB"
"11557","Manhattan","2012","12","21","18","15","342","142396","POINT (979722.1 196384.8)","BATTERY PARK VIADUCT","BATTERY PLACE","BEND","SB"
"11557","Manhattan","2012","12","21","18","30","298","142396","POINT (979722.1 196384.8)","BATTERY PARK VIADUCT","BATTERY PLACE","BEND","SB"
"11557","Manhattan","2012","12","21","18","45","284","142396","POINT (979722.1 196384.8)","BATTERY PARK VIADUCT","BATTERY PLACE","BEND","SB"
"11557","Manhattan","2012","12","21","19","0","384","142396","POINT (979722.1 196384.8)","BATTERY PARK VIADUCT","BATTERY PLACE","BEND","SB"
"11557","Manhattan","2012","12","21","19","15","245","142396","POINT (979722.1 196384.8)","BATTERY PARK VIADUCT","BATTERY PLACE","BEND","SB"
"11557","Manhattan","2012","12","21","19","30","261","142396","POINT (979722.1 196384.8)","BATTERY PARK VIADUCT","BATTERY PLACE","BEND","SB"
"11557","Manhattan","2012","12","21","19","45","235","142396","POINT (979722.1 196384.8)","BATTERY PARK VIADUCT","BATTERY PLACE","BEND","SB"
"11557","Manhattan","2012","12","21","20","0","202","142396","POINT (979722.1 196384.8)","BATTERY PARK VIADUCT","BATTERY PLACE","BEND","SB"
"11557","Manhattan","2012","12","21","20","15","209","142396","POINT (979722.1 196384.8)","BATTERY PARK VIADUCT","BATTERY PLACE","BEND","SB"
"11557","Manhattan","2012","12","21","20","30","188","142396","POINT (979722.1 196384.8)","BATTERY PARK VIADUCT","BATTERY PLACE","BEND","SB"
"11557","Manhattan","2012","12","21","20","45","193","142396","POINT (979722.1 196384.8)","BATTERY PARK VIADUCT","BATTERY PLACE","BEND","SB"
"11557","Manhattan","2012","12","21","21","0","176","142396","POINT (979722.1 196384.8)","BATTERY PARK VIADUCT","BATTERY PLACE","BEND","SB"
"11557","Manhattan","2012","12","21","21","15","162","142396","POINT (979722.1 196384.8)","BATTERY PARK VIADUCT","BATTERY PLACE","BEND","SB"
"11557","Manhattan","2012","12","21","21","30","167","142396","POINT (979722.1 196384.8)","BATTERY PARK VIADUCT","BATTERY PLACE","BEND","SB"
"11557","Manhattan","2012","12","21","21","45","152","142396","POINT (979722.1 196384.8)","BATTERY PARK VIADUCT","BATTERY PLACE","BEND","SB"
"11557","Manhattan","2012","12","21","22","0","164","142396","POINT (979722.1 196384.8)","BATTERY PARK VIADUCT","BATTERY PLACE","BEND","SB"
"11557","Manhattan","2012","12","21","22","15","173","142396","POINT (979722.1 196384.8)","BATTERY PARK VIADUCT","BATTERY PLACE","BEND","SB"
"11557","Manhattan","2012","12","21","22","30","200","142396","POINT (979722.1 196384.8)","BATTERY PARK VIADUCT","BATTERY PLACE","BEND","SB"
"11557","Manhattan","2012","12","21","22","45","193","142396","POINT (979722.1 196384.8)","BATTERY PARK VIADUCT","BATTERY PLACE","BEND","SB"
"11557","Manhattan","2012","12","21","23","0","196","142396","POINT (979722.1 196384.8)","BATTERY PARK VIADUCT","BATTERY PLACE","BEND","SB"
"11557","Manhattan","2012","12","21","23","15","147","142396","POINT (979722.1 196384.8)","BATTERY PARK VIADUCT","BATTERY PLACE","BEND","SB"
"11557","Manhattan","2012","12","21","23","30","173","142396","POINT (979722.1 196384.8)","BATTERY PARK VIADUCT","BATTERY PLACE","BEND","SB"
"11557","Manhattan","2012","12","21","23","45","159","142396","POINT (979722.1 196384.8)","BATTERY PARK VIADUCT","BATTERY PLACE","BEND","SB"
"37598","Queens","2024","6","6","13","15","104","196368","POINT (1023055.8409196973 185039.53691861132)","SUTTER AVENUE","Dead End","North Conduit Avenue","EB"
"37598","Queens","2024","6","6","13","30","93","196368","POINT (1023055.8409196973 185039.53691861132)","SUTTER AVENUE","Dead End","North Conduit Avenue","EB"
"37598","Queens","2024","6","6","13","45","108","196368","POINT (1023055.8409196973 185039.53691861132)","SUTTER AVENUE","Dead End","North Conduit Avenue","EB"
"37598","Queens","2024","6","6","14","0","106","196368","POINT (1023055.8409196973 185039.53691861132)","SUTTER AVENUE","Dead End","North Conduit Avenue","EB"
"37598","Queens","2024","6","6","14","15","120","196368","POINT (1023055.8409196973 185039.53691861132)","SUTTER AVENUE","Dead End","North Conduit Avenue","EB"
"37598","Queens","2024","6","6","14","30","125","196368","POINT (1023055.8409196973 185039.53691861132)","SUTTER AVENUE","Dead End","North Conduit Avenue","EB"
"37598","Queens","2024","6","6","14","45","130","196368","POINT (1023055.8409196973 185039.53691861132)","SUTTER AVENUE","Dead End","North Conduit Avenue","EB"
"37598","Queens","2024","6","6","15","0","117","196368","POINT (1023055.8409196973 185039.53691861132)","SUTTER AVENUE","Dead End","North Conduit Avenue","EB"
"37598","Queens","2024","6","6","15","15","104","196368","POINT (1023055.8409196973 185039.53691861132)","SUTTER AVENUE","Dead End","North Conduit Avenue","EB"
"37598","Queens","2024","6","6","15","30","122","196368","POINT (1023055.8409196973 185039.53691861132)","SUTTER AVENUE","Dead End","North Conduit Avenue","EB"
"37598","Queens","2024","6","6","15","45","116","196368","POINT (1023055.8409196973 185039.53691861132)","SUTTER AVENUE","Dead End","North Conduit Avenue","EB"
"37598","Queens","2024","6","6","16","0","108","196368","POINT (1023055.8409196973 185039.53691861132)","SUTTER AVENUE","Dead End","North Conduit Avenue","EB"
"37598","Queens","2024","6","6","16","15","116","196368","POINT (1023055.8409196973 185039.53691861132)","SUTTER AVENUE","Dead End","North Conduit Avenue","EB"
"37598","Queens","2024","6","6","16","30","111","196368","POINT (1023055.8409196973 185039.53691861132)","SUTTER AVENUE","Dead End","North Conduit Avenue","EB"
"37598","Queens","2024","6","6","16","45","130","196368","POINT (1023055.8409196973 185039.53691861132)","SUTTER AVENUE","Dead End","North Conduit Avenue","EB"
"37598","Queens","2024","6","6","17","0","115","196368","POINT (1023055.8409196973 185039.53691861132)","SUTTER AVENUE","Dead End","North Conduit Avenue","EB"
"37598","Queens","2024","6","6","17","15","127","196368","POINT (1023055.8409196973 185039.53691861132)","SUTTER AVENUE","Dead End","North Conduit Avenue","EB"
"37598","Queens","2024","6","6","17","30","130","196368","POINT (1023055.8409196973 185039.53691861132)","SUTTER AVENUE","Dead End","North Conduit Avenue","EB"
"37598","Queens","2024","6","6","17","45","127","196368","POINT (1023055.8409196973 185039.53691861132)","SUTTER AVENUE","Dead End","North Conduit Avenue","EB"
"37598","Queens","2024","6","6","18","0","105","196368","POINT (1023055.8409196973 185039.53691861132)","SUTTER AVENUE","Dead End","North Conduit Avenue","EB"
"37598","Queens","2024","6","6","18","15","102","196368","POINT (1023055.8409196973 185039.53691861132)","SUTTER AVENUE","Dead End","North Conduit Avenue","EB"
"37598","Queens","2024","6","6","18","30","99","196368","POINT (1023055.8409196973 185039.53691861132)","SUTTER AVENUE","Dead End","North Conduit Avenue","EB"
"37598","Queens","2024","6","6","18","45","115","196368","POINT (1023055.8409196973 185039.53691861132)","SUTTER AVENUE","Dead End","North Conduit Avenue","EB"
"37598","Queens","2024","6","6","19","0","98","196368","POINT (1023055.8409196973 185039.53691861132)","SUTTER AVENUE","Dead End","North Conduit Avenue","EB"
"37598","Queens","2024","6","6","19","15","124","196368","POINT (1023055.8409196973 185039.53691861132)","SUTTER AVENUE","Dead End","North Conduit Avenue","EB"
"37598","Queens","2024","6","6","19","30","98","196368","POINT (1023055.8409196973 185039.53691861132)","SUTTER AVENUE","Dead End","North Conduit Avenue","EB"
"37598","Queens","2024","6","6","19","45","110","196368","POINT (1023055.8409196973 185039.53691861132)","SUTTER AVENUE","Dead End","North Conduit Avenue","EB"
"37598","Queens","2024","6","6","20","0","98","196368","POINT (1023055.8409196973 185039.53691861132)","SUTTER AVENUE","Dead End","North Conduit Avenue","EB"
"37598","Queens","2024","6","6","20","15","77","196368","POINT (1023055.8409196973 185039.53691861132)","SUTTER AVENUE","Dead End","North Conduit Avenue","EB"
"37598","Queens","2024","6","6","20","30","73","196368","POINT (1023055.8409196973 185039.53691861132)","SUTTER AVENUE","Dead End","North Conduit Avenue","EB"
"37598","Queens","2024","6","6","20","45","77","196368","POINT (1023055.8409196973 185039.53691861132)","SUTTER AVENUE","Dead End","North Conduit Avenue","EB"
"37598","Queens","2024","6","6","21","0","84","196368","POINT (1023055.8409196973 185039.53691861132)","SUTTER AVENUE","Dead End","North Conduit Avenue","EB"
"37598","Queens","2024","6","6","21","15","97","196368","POINT (1023055.8409196973 185039.53691861132)","SUTTER AVENUE","Dead End","North Conduit Avenue","EB"
"37598","Queens","2024","6","6","21","30","77","196368","POINT (1023055.8409196973 185039.53691861132)","SUTTER AVENUE","Dead End","North Conduit Avenue","EB"
"37598","Queens","2024","6","6","21","45","63","196368","POINT (1023055.8409196973 185039.53691861132)","SUTTER AVENUE","Dead End","North Conduit Avenue","EB"
"37598","Queens","2024","6","6","22","0","66","196368","POINT (1023055.8409196973 185039.53691861132)","SUTTER AVENUE","Dead End","North Conduit Avenue","EB"
"37598","Queens","2024","6","6","22","15","57","196368","POINT (1023055.8409196973 185039.53691861132)","SUTTER AVENUE","Dead End","North Conduit Avenue","EB"
"37598","Queens","2024","6","6","22","30","80","196368","POINT (1023055.8409196973 185039.53691861132)","SUTTER AVENUE","Dead End","North Conduit Avenue","EB"
"37598","Queens","2024","6","6","22","45","75","196368","POINT (1023055.8409196973 185039.53691861132)","SUTTER AVENUE","Dead End","North Conduit Avenue","EB"
"37598","Queens","2024","6","6","23","0","70","196368","POINT (1023055.8409196973 185039.53691861132)","SUTTER AVENUE","Dead End","North Conduit Avenue","EB"
"37598","Queens","2024","6","6","23","15","58","196368","POINT (1023055.8409196973 185039.53691861132)","SUTTER AVENUE","Dead End","North Conduit Avenue","EB"
"37598","Queens","2024","6","6","23","30","64","196368","POINT (1023055.8409196973 185039.53691861132)","SUTTER AVENUE","Dead End","North Conduit Avenue","EB"
"37598","Queens","2024","6","6","23","45","41","196368","POINT (1023055.8409196973 185039.53691861132)","SUTTER AVENUE","Dead End","North Conduit Avenue","EB"
"37598","Queens","2024","6","7","0","0","50","196368","POINT (1023055.8409196973 185039.53691861132)","SUTTER AVENUE","Dead End","North Conduit Avenue","EB"
"37598","Queens","2024","6","7","0","15","38","196368","POINT (1023055.8409196973 185039.53691861132)","SUTTER AVENUE","Dead End","North Conduit Avenue","EB"
"37598","Queens","2024","6","7","0","30","34","196368","POINT (1023055.8409196973 185039.53691861132)","SUTTER AVENUE","Dead End","North Conduit Avenue","EB"
"37598","Queens","2024","6","7","0","45","34","196368","POINT (1023055.8409196973 185039.53691861132)","SUTTER AVENUE","Dead End","North Conduit Avenue","EB"
"37598","Queens","2024","6","7","1","0","36","196368","POINT (1023055.8409196973 185039.53691861132)","SUTTER AVENUE","Dead End","North Conduit Avenue","EB"
"37598","Queens","2024","6","7","1","15","25","196368","POINT (1023055.8409196973 185039.53691861132)","SUTTER AVENUE","Dead End","North Conduit Avenue","EB"
"37598","Queens","2024","6","7","1","30","27","196368","POINT (1023055.8409196973 185039.53691861132)","SUTTER AVENUE","Dead End","North Conduit Avenue","EB"
"37598","Queens","2024","6","7","1","45","19","196368","POINT (1023055.8409196973 185039.53691861132)","SUTTER AVENUE","Dead End","North Conduit Avenue","EB"
"37598","Queens","2024","6","7","2","0","20","196368","POINT (1023055.8409196973 185039.53691861132)","SUTTER AVENUE","Dead End","North Conduit Avenue","EB"
"37598","Queens","2024","6","7","2","15","23","196368","POINT (1023055.8409196973 185039.53691861132)","SUTTER AVENUE","Dead End","North Conduit Avenue","EB"
"37598","Queens","2024","6","7","2","30","16","196368","POINT (1023055.8409196973 185039.53691861132)","SUTTER AVENUE","Dead End","North Conduit Avenue","EB"
"37598","Queens","2024","6","7","2","45","14","196368","POINT (1023055.8409196973 185039.53691861132)","SUTTER AVENUE","Dead End","North Conduit Avenue","EB"
"37598","Queens","2024","6","7","3","0","20","196368","POINT (1023055.8409196973 185039.53691861132)","SUTTER AVENUE","Dead End","North Conduit Avenue","EB"
"37598","Queens","2024","6","7","3","15","16","196368","POINT (1023055.8409196973 185039.53691861132)","SUTTER AVENUE","Dead End","North Conduit Avenue","EB"
"37598","Queens","2024","6","7","3","30","14","196368","POINT (1023055.8409196973 185039.53691861132)","SUTTER AVENUE","Dead End","North Conduit Avenue","EB"
"37598","Queens","2024","6","7","3","45","17","196368","POINT (1023055.8409196973 185039.53691861132)","SUTTER AVENUE","Dead End","North Conduit Avenue","EB"
"37598","Queens","2024","6","7","4","0","22","196368","POINT (1023055.8409196973 185039.53691861132)","SUTTER AVENUE","Dead End","North Conduit Avenue","EB"
"37598","Queens","2024","6","7","4","15","28","196368","POINT (1023055.8409196973 185039.53691861132)","SUTTER AVENUE","Dead End","North Conduit Avenue","EB"
"37598","Queens","2024","6","7","4","30","34","196368","POINT (1023055.8409196973 185039.53691861132)","SUTTER AVENUE","Dead End","North Conduit Avenue","EB"
"37598","Queens","2024","6","7","4","45","37","196368","POINT (1023055.8409196973 185039.53691861132)","SUTTER AVENUE","Dead End","North Conduit Avenue","EB"
"37598","Queens","2024","6","7","5","0","40","196368","POINT (1023055.8409196973 185039.53691861132)","SUTTER AVENUE","Dead End","North Conduit Avenue","EB"
"37598","Queens","2024","6","7","5","15","48","196368","POINT (1023055.8409196973 185039.53691861132)","SUTTER AVENUE","Dead End","North Conduit Avenue","EB"
"37598","Queens","2024","6","7","5","30","60","196368","POINT (1023055.8409196973 185039.53691861132)","SUTTER AVENUE","Dead End","North Conduit Avenue","EB"
"37598","Queens","2024","6","7","5","45","79","196368","POINT (1023055.8409196973 185039.53691861132)","SUTTER AVENUE","Dead End","North Conduit Avenue","EB"
"37598","Queens","2024","6","7","6","0","62","196368","POINT (1023055.8409196973 185039.53691861132)","SUTTER AVENUE","Dead End","North Conduit Avenue","EB"
"37598","Queens","2024","6","7","6","15","73","196368","POINT (1023055.8409196973 185039.53691861132)","SUTTER AVENUE","Dead End","North Conduit Avenue","EB"
"37598","Queens","2024","6","7","6","30","72","196368","POINT (1023055.8409196973 185039.53691861132)","SUTTER AVENUE","Dead End","North Conduit Avenue","EB"
"37598","Queens","2024","6","7","6","45","120","196368","POINT (1023055.8409196973 185039.53691861132)","SUTTER AVENUE","Dead End","North Conduit Avenue","EB"
"37598","Queens","2024","6","7","7","0","117","196368","POINT (1023055.8409196973 185039.53691861132)","SUTTER AVENUE","Dead End","North Conduit Avenue","EB"
"37598","Queens","2024","6","7","7","15","116","196368","POINT (1023055.8409196973 185039.53691861132)","SUTTER AVENUE","Dead End","North Conduit Avenue","EB"
"37598","Queens","2024","6","7","7","30","132","196368","POINT (1023055.8409196973 185039.53691861132)","SUTTER AVENUE","Dead End","North Conduit Avenue","EB"
"37598","Queens","2024","6","7","7","45","147","196368","POINT (1023055.8409196973 185039.53691861132)","SUTTER AVENUE","Dead End","North Conduit Avenue","EB"
"37598","Queens","2024","6","7","8","0","142","196368","POINT (1023055.8409196973 185039.53691861132)","SUTTER AVENUE","Dead End","North Conduit Avenue","EB"
"37598","Queens","2024","6","7","8","15","119","196368","POINT (1023055.8409196973 185039.53691861132)","SUTTER AVENUE","Dead End","North Conduit Avenue","EB"
"37598","Queens","2024","6","7","8","30","128","196368","POINT (1023055.8409196973 185039.53691861132)","SUTTER AVENUE","Dead End","North Conduit Avenue","EB"
"37598","Queens","2024","6","7","8","45","106","196368","POINT (1023055.8409196973 185039.53691861132)","SUTTER AVENUE","Dead End","North Conduit Avenue","EB"
"37598","Queens","2024","6","7","9","0","102","196368","POINT (1023055.8409196973 185039.53691861132)","SUTTER AVENUE","Dead End","North Conduit Avenue","EB"
"37598","Queens","2024","6","7","9","15","94","196368","POINT (1023055.8409196973 185039.53691861132)","SUTTER AVENUE","Dead End","North Conduit Avenue","EB"
"37598","Queens","2024","6","7","9","30","99","196368","POINT (1023055.8409196973 185039.53691861132)","SUTTER AVENUE","Dead End","North Conduit Avenue","EB"
"37598","Queens","2024","6","7","9","45","76","196368","POINT (1023055.8409196973 185039.53691861132)","SUTTER AVENUE","Dead End","North Conduit Avenue","EB"
"37598","Queens","2024","6","7","10","0","68","196368","POINT (1023055.8409196973 185039.53691861132)","SUTTER AVENUE","Dead End","North Conduit Avenue","EB"
"37598","Queens","2024","6","7","10","15","86","196368","POINT (1023055.8409196973 185039.53691861132)","SUTTER AVENUE","Dead End","North Conduit Avenue","EB"
"37598","Queens","2024","6","7","10","30","71","196368","POINT (1023055.8409196973 185039.53691861132)","SUTTER AVENUE","Dead End","North Conduit Avenue","EB"
"37598","Queens","2024","6","7","10","45","91","196368","POINT (1023055.8409196973 185039.53691861132)","SUTTER AVENUE","Dead End","North Conduit Avenue","EB"
"37598","Queens","2024","6","7","11","0","76","196368","POINT (1023055.8409196973 185039.53691861132)","SUTTER AVENUE","Dead End","North Conduit Avenue","EB"
"37598","Queens","2024","6","7","11","15","94","196368","POINT (1023055.8409196973 185039.53691861132)","SUTTER AVENUE","Dead End","North Conduit Avenue","EB"
"37598","Queens","2024","6","7","11","30","114","196368","POINT (1023055.8409196973 185039.53691861132)","SUTTER AVENUE","Dead End","North Conduit Avenue","EB"
"37598","Queens","2024","6","7","11","45","119","196368","POINT (1023055.8409196973 185039.53691861132)","SUTTER AVENUE","Dead End","North Conduit Avenue","EB"
"37598","Queens","2024","6","7","12","0","126","196368","POINT (1023055.8409196973 185039.53691861132)","SUTTER AVENUE","Dead End","North Conduit Avenue","EB"
"37598","Queens","2024","6","7","12","15","110","196368","POINT (1023055.8409196973 185039.53691861132)","SUTTER AVENUE","Dead End","North Conduit Avenue","EB"
"37598","Queens","2024","6","7","12","30","103","196368","POINT (1023055.8409196973 185039.53691861132)","SUTTER AVENUE","Dead End","North Conduit Avenue","EB"
"37598","Queens","2024","6","7","12","45","115","196368","POINT (1023055.8409196973 185039.53691861132)","SUTTER AVENUE","Dead End","North Conduit Avenue","EB"
"37598","Queens","2024","6","7","13","0","108","196368","POINT (1023055.8409196973 185039.53691861132)","SUTTER AVENUE","Dead End","North Conduit Avenue","EB"
"37598","Queens","2024","6","7","13","15","115","196368","POINT (1023055.8409196973 185039.53691861132)","SUTTER AVENUE","Dead End","North Conduit Avenue","EB"
"37598","Queens","2024","6","7","13","30","98","196368","POINT (1023055.8409196973 185039.53691861132)","SUTTER AVENUE","Dead End","North Conduit Avenue","EB"
"37598","Queens","2024","6","7","13","45","109","196368","POINT (1023055.8409196973 185039.53691861132)","SUTTER AVENUE","Dead End","North Conduit Avenue","EB"
"37598","Queens","2024","6","7","14","0","123","196368","POINT (1023055.8409196973 185039.53691861132)","SUTTER AVENUE","Dead End","North Conduit Avenue","EB"
"37598","Queens","2024","6","7","14","15","109","196368","POINT (1023055.8409196973 185039.53691861132)","SUTTER AVENUE","Dead End","North Conduit Avenue","EB"
"37598","Queens","2024","6","7","14","30","119","196368","POINT (1023055.8409196973 185039.53691861132)","SUTTER AVENUE","Dead End","North Conduit Avenue","EB"
"37598","Queens","2024","6","7","14","45","129","196368","POINT (1023055.8409196973 185039.53691861132)","SUTTER AVENUE","Dead End","North Conduit Avenue","EB"
"37598","Queens","2024","6","7","15","0","114","196368","POINT (1023055.8409196973 185039.53691861132)","SUTTER AVENUE","Dead End","North Conduit Avenue","EB"
"37598","Queens","2024","6","7","15","15","120","196368","POINT (1023055.8409196973 185039.53691861132)","SUTTER AVENUE","Dead End","North Conduit Avenue","EB"
"32970","Queens","2021","5","24","16","15","190","156766","POINT (1030108.0718283273 173404.8617156597)","NORTH CHANNEL BRIDGE","Dead End","Cross Bay Boulevard","NB"
"32970","Queens","2021","5","24","16","30","190","156766","POINT (1030108.0718283273 173404.8617156597)","NORTH CHANNEL BRIDGE","Dead End","Cross Bay Boulevard","NB"
"32970","Queens","2021","5","24","16","45","187","156766","POINT (1030108.0718283273 173404.8617156597)","NORTH CHANNEL BRIDGE","Dead End","Cross Bay Boulevard","NB"
"32970","Queens","2021","5","24","17","0","168","156766","POINT (1030108.0718283273 173404.8617156597)","NORTH CHANNEL BRIDGE","Dead End","Cross Bay Boulevard","NB"
"32970","Queens","2021","5","24","17","15","205","156766","POINT (1030108.0718283273 173404.8617156597)","NORTH CHANNEL BRIDGE","Dead End","Cross Bay Boulevard","NB"
"32970","Queens","2021","5","24","17","30","180","156766","POINT (1030108.0718283273 173404.8617156597)","NORTH CHANNEL BRIDGE","Dead End","Cross Bay Boulevard","NB"
"32970","Queens","2021","5","24","17","45","151","156766","POINT (1030108.0718283273 173404.8617156597)","NORTH CHANNEL BRIDGE","Dead End","Cross Bay Boulevard","NB"
"32970","Queens","2021","5","24","18","0","166","156766","POINT (1030108.0718283273 173404.8617156597)","NORTH CHANNEL BRIDGE","Dead End","Cross Bay Boulevard","NB"
"32970","Queens","2021","5","24","18","15","155","156766","POINT (1030108.0718283273 173404.8617156597)","NORTH CHANNEL BRIDGE","Dead End","Cross Bay Boulevard","NB"
"32970","Queens","2021","5","24","18","30","150","156766","POINT (1030108.0718283273 173404.8617156597)","NORTH CHANNEL BRIDGE","Dead End","Cross Bay Boulevard","NB"
"32970","Queens","2021","5","24","18","45","176","156766","POINT (1030108.0718283273 173404.8617156597)","NORTH CHANNEL BRIDGE","Dead End","Cross Bay Boulevard","NB"
"32970","Queens","2021","5","24","19","0","161","156766","POINT (1030108.0718283273 173404.8617156597)","NORTH CHANNEL BRIDGE","Dead End","Cross Bay Boulevard","NB"
"32970","Queens","2021","5","24","19","15","129","156766","POINT (1030108.0718283273 173404.8617156597)","NORTH CHANNEL BRIDGE","Dead End","Cross Bay Boulevard","NB"
"32970","Queens","2021","5","24","19","30","141","156766","POINT (1030108.0718283273 173404.8617156597)","NORTH CHANNEL BRIDGE","Dead End","Cross Bay Boulevard","NB"
"32970","Queens","2021","5","24","19","45","132","156766","POINT (1030108.0718283273 173404.8617156597)","NORTH CHANNEL BRIDGE","Dead End","Cross Bay Boulevard","NB"
"32970","Queens","2021","5","24","20","0","112","156766","POINT (1030108.0718283273 173404.8617156597)","NORTH CHANNEL BRIDGE","Dead End","Cross Bay Boulevard","NB"
"32970","Queens","2021","5","24","20","15","125","156766","POINT (1030108.0718283273 173404.8617156597)","NORTH CHANNEL BRIDGE","Dead End","Cross Bay Boulevard","NB"
"32970","Queens","2021","5","24","20","30","110","156766","POINT (1030108.0718283273 173404.8617156597)","NORTH CHANNEL BRIDGE","Dead End","Cross Bay Boulevard","NB"
"32970","Queens","2021","5","24","20","45","121","156766","POINT (1030108.0718283273 173404.8617156597)","NORTH CHANNEL BRIDGE","Dead End","Cross Bay Boulevard","NB"
"32970","Queens","2021","5","24","21","0","105","156766","POINT (1030108.0718283273 173404.8617156597)","NORTH CHANNEL BRIDGE","Dead End","Cross Bay Boulevard","NB"
"32970","Queens","2021","5","24","21","15","86","156766","POINT (1030108.0718283273 173404.8617156597)","NORTH CHANNEL BRIDGE","Dead End","Cross Bay Boulevard","NB"
"32970","Queens","2021","5","24","21","30","85","156766","POINT (1030108.0718283273 173404.8617156597)","NORTH CHANNEL BRIDGE","Dead End","Cross Bay Boulevard","NB"
"32970","Queens","2021","5","24","21","45","87","156766","POINT (1030108.0718283273 173404.8617156597)","NORTH CHANNEL BRIDGE","Dead End","Cross Bay Boulevard","NB"
"32970","Queens","2021","5","24","22","0","78","156766","POINT (1030108.0718283273 173404.8617156597)","NORTH CHANNEL BRIDGE","Dead End","Cross Bay Boulevard","NB"
"32970","Queens","2021","5","24","22","15","80","156766","POINT (1030108.0718283273 173404.8617156597)","NORTH CHANNEL BRIDGE","Dead End","Cross Bay Boulevard","NB"
"32970","Queens","2021","5","24","22","30","75","156766","POINT (1030108.0718283273 173404.8617156597)","NORTH CHANNEL BRIDGE","Dead End","Cross Bay Boulevard","NB"
"32970","Queens","2021","5","24","22","45","64","156766","POINT (1030108.0718283273 173404.8617156597)","NORTH CHANNEL BRIDGE","Dead End","Cross Bay Boulevard","NB"
"32970","Queens","2021","5","24","23","0","57","156766","POINT (1030108.0718283273 173404.8617156597)","NORTH CHANNEL BRIDGE","Dead End","Cross Bay Boulevard","NB"
"32970","Queens","2021","5","24","23","15","56","156766","POINT (1030108.0718283273 173404.8617156597)","NORTH CHANNEL BRIDGE","Dead End","Cross Bay Boulevard","NB"
"32970","Queens","2021","5","24","23","30","54","156766","POINT (1030108.0718283273 173404.8617156597)","NORTH CHANNEL BRIDGE","Dead End","Cross Bay Boulevard","NB"
"32970","Queens","2021","5","24","23","45","43","156766","POINT (1030108.0718283273 173404.8617156597)","NORTH CHANNEL BRIDGE","Dead End","Cross Bay Boulevard","NB"
"32970","Queens","2021","5","28","0","0","52","156766","POINT (1030108.0718283273 173404.8617156597)","NORTH CHANNEL BRIDGE","Dead End","Cross Bay Boulevard","NB"
"32970","Queens","2021","5","28","0","15","59","156766","POINT (1030108.0718283273 173404.8617156597)","NORTH CHANNEL BRIDGE","Dead End","Cross Bay Boulevard","NB"
"32970","Queens","2021","5","28","0","30","49","156766","POINT (1030108.0718283273 173404.8617156597)","NORTH CHANNEL BRIDGE","Dead End","Cross Bay Boulevard","NB"
"32970","Queens","2021","5","28","0","45","45","156766","POINT (1030108.0718283273 173404.8617156597)","NORTH CHANNEL BRIDGE","Dead End","Cross Bay Boulevard","NB"
"32970","Queens","2021","5","28","1","0","31","156766","POINT (1030108.0718283273 173404.8617156597)","NORTH CHANNEL BRIDGE","Dead End","Cross Bay Boulevard","NB"
"32970","Queens","2021","5","28","1","15","29","156766","POINT (1030108.0718283273 173404.8617156597)","NORTH CHANNEL BRIDGE","Dead End","Cross Bay Boulevard","NB"
"32970","Queens","2021","5","28","1","30","36","156766","POINT (1030108.0718283273 173404.8617156597)","NORTH CHANNEL BRIDGE","Dead End","Cross Bay Boulevard","NB"
"32970","Queens","2021","5","28","1","45","27","156766","POINT (1030108.0718283273 173404.8617156597)","NORTH CHANNEL BRIDGE","Dead End","Cross Bay Boulevard","NB"
"32970","Queens","2021","5","28","2","0","22","156766","POINT (1030108.0718283273 173404.8617156597)","NORTH CHANNEL BRIDGE","Dead End","Cross Bay Boulevard","NB"
"32970","Queens","2021","5","28","2","15","30","156766","POINT (1030108.0718283273 173404.8617156597)","NORTH CHANNEL BRIDGE","Dead End","Cross Bay Boulevard","NB"
"32970","Queens","2021","5","28","2","30","26","156766","POINT (1030108.0718283273 173404.8617156597)","NORTH CHANNEL BRIDGE","Dead End","Cross Bay Boulevard","NB"
"32970","Queens","2021","5","28","2","45","21","156766","POINT (1030108.0718283273 173404.8617156597)","NORTH CHANNEL BRIDGE","Dead End","Cross Bay Boulevard","NB"
"32970","Queens","2021","5","28","3","0","27","156766","POINT (1030108.0718283273 173404.8617156597)","NORTH CHANNEL BRIDGE","Dead End","Cross Bay Boulevard","NB"
"32970","Queens","2021","5","28","3","15","22","156766","POINT (1030108.0718283273 173404.8617156597)","NORTH CHANNEL BRIDGE","Dead End","Cross Bay Boulevard","NB"
"32970","Queens","2021","5","28","3","30","25","156766","POINT (1030108.0718283273 173404.8617156597)","NORTH CHANNEL BRIDGE","Dead End","Cross Bay Boulevard","NB"
"32970","Queens","2021","5","28","3","45","29","156766","POINT (1030108.0718283273 173404.8617156597)","NORTH CHANNEL BRIDGE","Dead End","Cross Bay Boulevard","NB"
"32970","Queens","2021","5","28","4","0","49","156766","POINT (1030108.0718283273 173404.8617156597)","NORTH CHANNEL BRIDGE","Dead End","Cross Bay Boulevard","NB"
"32970","Queens","2021","5","28","4","15","47","156766","POINT (1030108.0718283273 173404.8617156597)","NORTH CHANNEL BRIDGE","Dead End","Cross Bay Boulevard","NB"
"32970","Queens","2021","5","28","4","30","51","156766","POINT (1030108.0718283273 173404.8617156597)","NORTH CHANNEL BRIDGE","Dead End","Cross Bay Boulevard","NB"
"32970","Queens","2021","5","28","4","45","65","156766","POINT (1030108.0718283273 173404.8617156597)","NORTH CHANNEL BRIDGE","Dead End","Cross Bay Boulevard","NB"
"32970","Queens","2021","5","28","5","0","70","156766","POINT (1030108.0718283273 173404.8617156597)","NORTH CHANNEL BRIDGE","Dead End","Cross Bay Boulevard","NB"
"32970","Queens","2021","5","28","5","15","94","156766","POINT (1030108.0718283273 173404.8617156597)","NORTH CHANNEL BRIDGE","Dead End","Cross Bay Boulevard","NB"
"32970","Queens","2021","5","28","5","30","153","156766","POINT (1030108.0718283273 173404.8617156597)","NORTH CHANNEL BRIDGE","Dead End","Cross Bay Boulevard","NB"
"32970","Queens","2021","5","28","5","45","192","156766","POINT (1030108.0718283273 173404.8617156597)","NORTH CHANNEL BRIDGE","Dead End","Cross Bay Boulevard","NB"
"32970","Queens","2021","5","28","6","0","186","156766","POINT (1030108.0718283273 173404.8617156597)","NORTH CHANNEL BRIDGE","Dead End","Cross Bay Boulevard","NB"
"32970","Queens","2021","5","28","6","15","184","156766","POINT (1030108.0718283273 173404.8617156597)","NORTH CHANNEL BRIDGE","Dead End","Cross Bay Boulevard","NB"
"32970","Queens","2021","5","28","6","30","209","156766","POINT (1030108.0718283273 173404.8617156597)","NORTH CHANNEL BRIDGE","Dead End","Cross Bay Boulevard","NB"
"32970","Queens","2021","5","28","6","45","204","156766","POINT (1030108.0718283273 173404.8617156597)","NORTH CHANNEL BRIDGE","Dead End","Cross Bay Boulevard","NB"
"32970","Queens","2021","5","28","7","0","250","156766","POINT (1030108.0718283273 173404.8617156597)","NORTH CHANNEL BRIDGE","Dead End","Cross Bay Boulevard","NB"
"32970","Queens","2021","5","28","7","15","257","156766","POINT (1030108.0718283273 173404.8617156597)","NORTH CHANNEL BRIDGE","Dead End","Cross Bay Boulevard","NB"
"32970","Queens","2021","5","28","7","30","242","156766","POINT (1030108.0718283273 173404.8617156597)","NORTH CHANNEL BRIDGE","Dead End","Cross Bay Boulevard","NB"
"32970","Queens","2021","5","28","7","45","244","156766","POINT (1030108.0718283273 173404.8617156597)","NORTH CHANNEL BRIDGE","Dead End","Cross Bay Boulevard","NB"
"32970","Queens","2021","5","28","8","0","219","156766","POINT (1030108.0718283273 173404.8617156597)","NORTH CHANNEL BRIDGE","Dead End","Cross Bay Boulevard","NB"
"32970","Queens","2021","5","28","8","15","235","156766","POINT (1030108.0718283273 173404.8617156597)","NORTH CHANNEL BRIDGE","Dead End","Cross Bay Boulevard","NB"
"32970","Queens","2021","5","28","8","30","229","156766","POINT (1030108.0718283273 173404.8617156597)","NORTH CHANNEL BRIDGE","Dead End","Cross Bay Boulevard","NB"
"32970","Queens","2021","5","28","8","45","238","156766","POINT (1030108.0718283273 173404.8617156597)","NORTH CHANNEL BRIDGE","Dead End","Cross Bay Boulevard","NB"
"32970","Queens","2021","5","28","9","0","165","156766","POINT (1030108.0718283273 173404.8617156597)","NORTH CHANNEL BRIDGE","Dead End","Cross Bay Boulevard","NB"
"32970","Queens","2021","5","28","9","15","176","156766","POINT (1030108.0718283273 173404.8617156597)","NORTH CHANNEL BRIDGE","Dead End","Cross Bay Boulevard","NB"
"32970","Queens","2021","5","28","9","30","168","156766","POINT (1030108.0718283273 173404.8617156597)","NORTH CHANNEL BRIDGE","Dead End","Cross Bay Boulevard","NB"
"32970","Queens","2021","5","28","9","45","200","156766","POINT (1030108.0718283273 173404.8617156597)","NORTH CHANNEL BRIDGE","Dead End","Cross Bay Boulevard","NB"
"32970","Queens","2021","5","28","10","0","157","156766","POINT (1030108.0718283273 173404.8617156597)","NORTH CHANNEL BRIDGE","Dead End","Cross Bay Boulevard","NB"
"32970","Queens","2021","5","28","10","15","180","156766","POINT (1030108.0718283273 173404.8617156597)","NORTH CHANNEL BRIDGE","Dead End","Cross Bay Boulevard","NB"
"32970","Queens","2021","5","28","10","30","179","156766","POINT (1030108.0718283273 173404.8617156597)","NORTH CHANNEL BRIDGE","Dead End","Cross Bay Boulevard","NB"
"32970","Queens","2021","5","28","10","45","211","156766","POINT (1030108.0718283273 173404.8617156597)","NORTH CHANNEL BRIDGE","Dead End","Cross Bay Boulevard","NB"
"32970","Queens","2021","5","28","11","0","188","156766","POINT (1030108.0718283273 173404.8617156597)","NORTH CHANNEL BRIDGE","Dead End","Cross Bay Boulevard","NB"
"32970","Queens","2021","5","28","11","15","175","156766","POINT (1030108.0718283273 173404.8617156597)","NORTH CHANNEL BRIDGE","Dead End","Cross Bay Boulevard","NB"
"32970","Queens","2021","5","28","11","30","190","156766","POINT (1030108.0718283273 173404.8617156597)","NORTH CHANNEL BRIDGE","Dead End","Cross Bay Boulevard","NB"
"32970","Queens","2021","5","28","11","45","189","156766","POINT (1030108.0718283273 173404.8617156597)","NORTH CHANNEL BRIDGE","Dead End","Cross Bay Boulevard","NB"
"32970","Queens","2021","5","28","12","0","207","156766","POINT (1030108.0718283273 173404.8617156597)","NORTH CHANNEL BRIDGE","Dead End","Cross Bay Boulevard","NB"
"32970","Queens","2021","5","28","12","15","178","156766","POINT (1030108.0718283273 173404.8617156597)","NORTH CHANNEL BRIDGE","Dead End","Cross Bay Boulevard","NB"
"32970","Queens","2021","5","28","12","30","168","156766","POINT (1030108.0718283273 173404.8617156597)","NORTH CHANNEL BRIDGE","Dead End","Cross Bay Boulevard","NB"
"32970","Queens","2021","5","28","12","45","221","156766","POINT (1030108.0718283273 173404.8617156597)","NORTH CHANNEL BRIDGE","Dead End","Cross Bay Boulevard","NB"
"32970","Queens","2021","5","28","13","0","182","156766","POINT (1030108.0718283273 173404.8617156597)","NORTH CHANNEL BRIDGE","Dead End","Cross Bay Boulevard","NB"
"32970","Queens","2021","5","28","13","15","210","156766","POINT (1030108.0718283273 173404.8617156597)","NORTH CHANNEL BRIDGE","Dead End","Cross Bay Boulevard","NB"
"32970","Queens","2021","5","28","13","30","215","156766","POINT (1030108.0718283273 173404.8617156597)","NORTH CHANNEL BRIDGE","Dead End","Cross Bay Boulevard","NB"
"32970","Queens","2021","5","28","13","45","196","156766","POINT (1030108.0718283273 173404.8617156597)","NORTH CHANNEL BRIDGE","Dead End","Cross Bay Boulevard","NB"
"32970","Queens","2021","5","28","14","0","257","156766","POINT (1030108.0718283273 173404.8617156597)","NORTH CHANNEL BRIDGE","Dead End","Cross Bay Boulevard","NB"
"32970","Queens","2021","5","28","14","15","249","156766","POINT (1030108.0718283273 173404.8617156597)","NORTH CHANNEL BRIDGE","Dead End","Cross Bay Boulevard","NB"
"32970","Queens","2021","5","28","14","30","283","156766","POINT (1030108.0718283273 173404.8617156597)","NORTH CHANNEL BRIDGE","Dead End","Cross Bay Boulevard","NB"
"32970","Queens","2021","5","28","14","45","261","156766","POINT (1030108.0718283273 173404.8617156597)","NORTH CHANNEL BRIDGE","Dead End","Cross Bay Boulevard","NB"
"32970","Queens","2021","5","28","15","0","242","156766","POINT (1030108.0718283273 173404.8617156597)","NORTH CHANNEL BRIDGE","Dead End","Cross Bay Boulevard","NB"
"32970","Queens","2021","5","28","15","15","241","156766","POINT (1030108.0718283273 173404.8617156597)","NORTH CHANNEL BRIDGE","Dead End","Cross Bay Boulevard","NB"
"32970","Queens","2021","5","28","15","30","269","156766","POINT (1030108.0718283273 173404.8617156597)","NORTH CHANNEL BRIDGE","Dead End","Cross Bay Boulevard","NB"
"32970","Queens","2021","5","28","15","45","248","156766","POINT (1030108.0718283273 173404.8617156597)","NORTH CHANNEL BRIDGE","Dead End","Cross Bay Boulevard","NB"
"32970","Queens","2021","5","28","16","0","231","156766","POINT (1030108.0718283273 173404.8617156597)","NORTH CHANNEL BRIDGE","Dead End","Cross Bay Boulevard","NB"
"32970","Queens","2021","5","28","16","15","239","156766","POINT (1030108.0718283273 173404.8617156597)","NORTH CHANNEL BRIDGE","Dead End","Cross Bay Boulevard","NB"
"32970","Queens","2021","5","28","16","30","227","156766","POINT (1030108.0718283273 173404.8617156597)","NORTH CHANNEL BRIDGE","Dead End","Cross Bay Boulevard","NB"
"32970","Queens","2021","5","28","16","45","193","156766","POINT (1030108.0718283273 173404.8617156597)","NORTH CHANNEL BRIDGE","Dead End","Cross Bay Boulevard","NB"
"32970","Queens","2021","5","28","17","0","169","156766","POINT (1030108.0718283273 173404.8617156597)","NORTH CHANNEL BRIDGE","Dead End","Cross Bay Boulevard","NB"
"32970","Queens","2021","5","28","17","15","215","156766","POINT (1030108.0718283273 173404.8617156597)","NORTH CHANNEL BRIDGE","Dead End","Cross Bay Boulevard","NB"
"32970","Queens","2021","5","28","17","30","187","156766","POINT (1030108.0718283273 173404.8617156597)","NORTH CHANNEL BRIDGE","Dead End","Cross Bay Boulevard","NB"
"32970","Queens","2021","5","28","17","45","184","156766","POINT (1030108.0718283273 173404.8617156597)","NORTH CHANNEL BRIDGE","Dead End","Cross Bay Boulevard","NB"
"32970","Queens","2021","5","28","18","0","217","156766","POINT (1030108.0718283273 173404.8617156597)","NORTH CHANNEL BRIDGE","Dead End","Cross Bay Boulevard","NB"
"32970","Queens","2021","5","28","18","15","168","156766","POINT (1030108.0718283273 173404.8617156597)","NORTH CHANNEL BRIDGE","Dead End","Cross Bay Boulevard","NB"
"23910","Brooklyn","2016","7","15","16","30","130","157647","POINT (998656.497974607 151955.2757842087)","EMMONS AVENUE","East 21 Street","Dead End","WB"
"23910","Brooklyn","2016","7","15","16","45","149","157647","POINT (998656.497974607 151955.2757842087)","EMMONS AVENUE","East 21 Street","Dead End","WB"
"23910","Brooklyn","2016","7","15","17","0","142","157647","POINT (998656.497974607 151955.2757842087)","EMMONS AVENUE","East 21 Street","Dead End","WB"
"23910","Brooklyn","2016","7","15","17","15","149","157647","POINT (998656.497974607 151955.2757842087)","EMMONS AVENUE","East 21 Street","Dead End","WB"
"23910","Brooklyn","2016","7","15","17","30","149","157647","POINT (998656.497974607 151955.2757842087)","EMMONS AVENUE","East 21 Street","Dead End","WB"
"23910","Brooklyn","2016","7","15","17","45","134","157647","POINT (998656.497974607 151955.2757842087)","EMMONS AVENUE","East 21 Street","Dead End","WB"
"23910","Brooklyn","2016","7","15","18","0","151","157647","POINT (998656.497974607 151955.2757842087)","EMMONS AVENUE","East 21 Street","Dead End","WB"
"23910","Brooklyn","2016","7","15","18","15","126","157647","POINT (998656.497974607 151955.2757842087)","EMMONS AVENUE","East 21 Street","Dead End","WB"
"23910","Brooklyn","2016","7","15","18","30","113","157647","POINT (998656.497974607 151955.2757842087)","EMMONS AVENUE","East 21 Street","Dead End","WB"
"23910","Brooklyn","2016","7","15","18","45","135","157647","POINT (998656.497974607 151955.2757842087)","EMMONS AVENUE","East 21 Street","Dead End","WB"
"23910","Brooklyn","2016","7","15","19","0","147","157647","POINT (998656.497974607 151955.2757842087)","EMMONS AVENUE","East 21 Street","Dead End","WB"
"23910","Brooklyn","2016","7","15","19","15","152","157647","POINT (998656.497974607 151955.2757842087)","EMMONS AVENUE","East 21 Street","Dead End","WB"
"23910","Brooklyn","2016","7","15","19","30","148","157647","POINT (998656.497974607 151955.2757842087)","EMMONS AVENUE","East 21 Street","Dead End","WB"
"23910","Brooklyn","2016","7","15","19","45","171","157647","POINT (998656.497974607 151955.2757842087)","EMMONS AVENUE","East 21 Street","Dead End","WB"
"23910","Brooklyn","2016","7","15","20","0","183","157647","POINT (998656.497974607 151955.2757842087)","EMMONS AVENUE","East 21 Street","Dead End","WB"
"23910","Brooklyn","2016","7","15","20","15","145","157647","POINT (998656.497974607 151955.2757842087)","EMMONS AVENUE","East 21 Street","Dead End","WB"
"23910","Brooklyn","2016","7","15","20","30","144","157647","POINT (998656.497974607 151955.2757842087)","EMMONS AVENUE","East 21 Street","Dead End","WB"
"23910","Brooklyn","2016","7","15","20","45","192","157647","POINT (998656.497974607 151955.2757842087)","EMMONS AVENUE","East 21 Street","Dead End","WB"
"23910","Brooklyn","2016","7","15","21","0","194","157647","POINT (998656.497974607 151955.2757842087)","EMMONS AVENUE","East 21 Street","Dead End","WB"
"23910","Brooklyn","2016","7","15","21","15","151","157647","POINT (998656.497974607 151955.2757842087)","EMMONS AVENUE","East 21 Street","Dead End","WB"
"23910","Brooklyn","2016","7","15","21","30","174","157647","POINT (998656.497974607 151955.2757842087)","EMMONS AVENUE","East 21 Street","Dead End","WB"
"23910","Brooklyn","2016","7","15","21","45","150","157647","POINT (998656.497974607 151955.2757842087)","EMMONS AVENUE","East 21 Street","Dead End","WB"
"23910","Brooklyn","2016","7","15","22","0","160","157647","POINT (998656.497974607 151955.2757842087)","EMMONS AVENUE","East 21 Street","Dead End","WB"
"23910","Brooklyn","2016","7","15","22","15","142","157647","POINT (998656.497974607 151955.2757842087)","EMMONS AVENUE","East 21 Street","Dead End","WB"
"23910","Brooklyn","2016","7","15","22","30","130","157647","POINT (998656.497974607 151955.2757842087)","EMMONS AVENUE","East 21 Street","Dead End","WB"
"23910","Brooklyn","2016","7","15","22","45","153","157647","POINT (998656.497974607 151955.2757842087)","EMMONS AVENUE","East 21 Street","Dead End","WB"
"23910","Brooklyn","2016","7","15","23","0","160","157647","POINT (998656.497974607 151955.2757842087)","EMMONS AVENUE","East 21 Street","Dead End","WB"
"23910","Brooklyn","2016","7","15","23","15","129","157647","POINT (998656.497974607 151955.2757842087)","EMMONS AVENUE","East 21 Street","Dead End","WB"
"23910","Brooklyn","2016","7","15","23","30","143","157647","POINT (998656.497974607 151955.2757842087)","EMMONS AVENUE","East 21 Street","Dead End","WB"
"23910","Brooklyn","2016","7","15","23","45","147","157647","POINT (998656.497974607 151955.2757842087)","EMMONS AVENUE","East 21 Street","Dead End","WB"
"23910","Brooklyn","2016","7","16","0","0","121","157647","POINT (998656.497974607 151955.2757842087)","EMMONS AVENUE","East 21 Street","Dead End","WB"
"23910","Brooklyn","2016","7","16","0","15","112","157647","POINT (998656.497974607 151955.2757842087)","EMMONS AVENUE","East 21 Street","Dead End","WB"
"23910","Brooklyn","2016","7","16","0","30","124","157647","POINT (998656.497974607 151955.2757842087)","EMMONS AVENUE","East 21 Street","Dead End","WB"
"23910","Brooklyn","2016","7","16","0","45","69","157647","POINT (998656.497974607 151955.2757842087)","EMMONS AVENUE","East 21 Street","Dead End","WB"
"23910","Brooklyn","2016","7","16","1","0","87","157647","POINT (998656.497974607 151955.2757842087)","EMMONS AVENUE","East 21 Street","Dead End","WB"
"23910","Brooklyn","2016","7","16","1","15","87","157647","POINT (998656.497974607 151955.2757842087)","EMMONS AVENUE","East 21 Street","Dead End","WB"
"23910","Brooklyn","2016","7","16","1","30","77","157647","POINT (998656.497974607 151955.2757842087)","EMMONS AVENUE","East 21 Street","Dead End","WB"
"23910","Brooklyn","2016","7","16","1","45","80","157647","POINT (998656.497974607 151955.2757842087)","EMMONS AVENUE","East 21 Street","Dead End","WB"
"23910","Brooklyn","2016","7","16","2","0","48","157647","POINT (998656.497974607 151955.2757842087)","EMMONS AVENUE","East 21 Street","Dead End","WB"
"23910","Brooklyn","2016","7","16","2","15","45","157647","POINT (998656.497974607 151955.2757842087)","EMMONS AVENUE","East 21 Street","Dead End","WB"
"23910","Brooklyn","2016","7","16","2","30","25","157647","POINT (998656.497974607 151955.2757842087)","EMMONS AVENUE","East 21 Street","Dead End","WB"
"23910","Brooklyn","2016","7","16","2","45","56","157647","POINT (998656.497974607 151955.2757842087)","EMMONS AVENUE","East 21 Street","Dead End","WB"
"23910","Brooklyn","2016","7","16","3","0","44","157647","POINT (998656.497974607 151955.2757842087)","EMMONS AVENUE","East 21 Street","Dead End","WB"
"23910","Brooklyn","2016","7","16","3","15","24","157647","POINT (998656.497974607 151955.2757842087)","EMMONS AVENUE","East 21 Street","Dead End","WB"
"23910","Brooklyn","2016","7","16","3","30","35","157647","POINT (998656.497974607 151955.2757842087)","EMMONS AVENUE","East 21 Street","Dead End","WB"
"23910","Brooklyn","2016","7","16","3","45","22","157647","POINT (998656.497974607 151955.2757842087)","EMMONS AVENUE","East 21 Street","Dead End","WB"
"23910","Brooklyn","2016","7","16","4","0","27","157647","POINT (998656.497974607 151955.2757842087)","EMMONS AVENUE","East 21 Street","Dead End","WB"
"23910","Brooklyn","2016","7","16","4","15","26","157647","POINT (998656.497974607 151955.2757842087)","EMMONS AVENUE","East 21 Street","Dead End","WB"
"23910","Brooklyn","2016","7","16","4","30","21","157647","POINT (998656.497974607 151955.2757842087)","EMMONS AVENUE","East 21 Street","Dead End","WB"
"23910","Brooklyn","2016","7","16","4","45","24","157647","POINT (998656.497974607 151955.2757842087)","EMMONS AVENUE","East 21 Street","Dead End","WB"
"23910","Brooklyn","2016","7","16","5","0","20","157647","POINT (998656.497974607 151955.2757842087)","EMMONS AVENUE","East 21 Street","Dead End","WB"
"23910","Brooklyn","2016","7","16","5","15","9","157647","POINT (998656.497974607 151955.2757842087)","EMMONS AVENUE","East 21 Street","Dead End","WB"
"23910","Brooklyn","2016","7","16","5","30","21","157647","POINT (998656.497974607 151955.2757842087)","EMMONS AVENUE","East 21 Street","Dead End","WB"
"23910","Brooklyn","2016","7","16","5","45","21","157647","POINT (998656.497974607 151955.2757842087)","EMMONS AVENUE","East 21 Street","Dead End","WB"
"23910","Brooklyn","2016","7","16","6","0","26","157647","POINT (998656.497974607 151955.2757842087)","EMMONS AVENUE","East 21 Street","Dead End","WB"
"23910","Brooklyn","2016","7","16","6","15","25","157647","POINT (998656.497974607 151955.2757842087)","EMMONS AVENUE","East 21 Street","Dead End","WB"
"23910","Brooklyn","2016","7","16","6","30","26","157647","POINT (998656.497974607 151955.2757842087)","EMMONS AVENUE","East 21 Street","Dead End","WB"
"23910","Brooklyn","2016","7","16","6","45","31","157647","POINT (998656.497974607 151955.2757842087)","EMMONS AVENUE","East 21 Street","Dead End","WB"
"23910","Brooklyn","2016","7","16","7","0","46","157647","POINT (998656.497974607 151955.2757842087)","EMMONS AVENUE","East 21 Street","Dead End","WB"
"23910","Brooklyn","2016","7","16","7","15","44","157647","POINT (998656.497974607 151955.2757842087)","EMMONS AVENUE","East 21 Street","Dead End","WB"
"23910","Brooklyn","2016","7","16","7","30","40","157647","POINT (998656.497974607 151955.2757842087)","EMMONS AVENUE","East 21 Street","Dead End","WB"
"23910","Brooklyn","2016","7","16","7","45","49","157647","POINT (998656.497974607 151955.2757842087)","EMMONS AVENUE","East 21 Street","Dead End","WB"
"23910","Brooklyn","2016","7","16","8","0","68","157647","POINT (998656.497974607 151955.2757842087)","EMMONS AVENUE","East 21 Street","Dead End","WB"
"23910","Brooklyn","2016","7","16","8","15","53","157647","POINT (998656.497974607 151955.2757842087)","EMMONS AVENUE","East 21 Street","Dead End","WB"
"23910","Brooklyn","2016","7","16","8","30","65","157647","POINT (998656.497974607 151955.2757842087)","EMMONS AVENUE","East 21 Street","Dead End","WB"
"23910","Brooklyn","2016","7","16","8","45","93","157647","POINT (998656.497974607 151955.2757842087)","EMMONS AVENUE","East 21 Street","Dead End","WB"
"23910","Brooklyn","2016","7","16","9","0","68","157647","POINT (998656.497974607 151955.2757842087)","EMMONS AVENUE","East 21 Street","Dead End","WB"
"23910","Brooklyn","2016","7","16","9","15","78","157647","POINT (998656.497974607 151955.2757842087)","EMMONS AVENUE","East 21 Street","Dead End","WB"
"23910","Brooklyn","2016","7","16","9","30","93","157647","POINT (998656.497974607 151955.2757842087)","EMMONS AVENUE","East 21 Street","Dead End","WB"
"23910","Brooklyn","2016","7","16","9","45","103","157647","POINT (998656.497974607 151955.2757842087)","EMMONS AVENUE","East 21 Street","Dead End","WB"
"23910","Brooklyn","2016","7","16","10","0","81","157647","POINT (998656.497974607 151955.2757842087)","EMMONS AVENUE","East 21 Street","Dead End","WB"
"23910","Brooklyn","2016","7","16","10","15","78","157647","POINT (998656.497974607 151955.2757842087)","EMMONS AVENUE","East 21 Street","Dead End","WB"
"23910","Brooklyn","2016","7","16","10","30","84","157647","POINT (998656.497974607 151955.2757842087)","EMMONS AVENUE","East 21 Street","Dead End","WB"
"23910","Brooklyn","2016","7","16","10","45","88","157647","POINT (998656.497974607 151955.2757842087)","EMMONS AVENUE","East 21 Street","Dead End","WB"
"23910","Brooklyn","2016","7","16","11","0","119","157647","POINT (998656.497974607 151955.2757842087)","EMMONS AVENUE","East 21 Street","Dead End","WB"
"23910","Brooklyn","2016","7","16","11","15","113","157647","POINT (998656.497974607 151955.2757842087)","EMMONS AVENUE","East 21 Street","Dead End","WB"
"23910","Brooklyn","2016","7","16","11","30","93","157647","POINT (998656.497974607 151955.2757842087)","EMMONS AVENUE","East 21 Street","Dead End","WB"
"23910","Brooklyn","2016","7","16","11","45","105","157647","POINT (998656.497974607 151955.2757842087)","EMMONS AVENUE","East 21 Street","Dead End","WB"
"23910","Brooklyn","2016","7","16","12","0","125","157647","POINT (998656.497974607 151955.2757842087)","EMMONS AVENUE","East 21 Street","Dead End","WB"
"23910","Brooklyn","2016","7","16","12","15","117","157647","POINT (998656.497974607 151955.2757842087)","EMMONS AVENUE","East 21 Street","Dead End","WB"
"23910","Brooklyn","2016","7","16","12","30","144","157647","POINT (998656.497974607 151955.2757842087)","EMMONS AVENUE","East 21 Street","Dead End","WB"
"23910","Brooklyn","2016","7","16","12","45","121","157647","POINT (998656.497974607 151955.2757842087)","EMMONS AVENUE","East 21 Street","Dead End","WB"
"23910","Brooklyn","2016","7","16","13","0","144","157647","POINT (998656.497974607 151955.2757842087)","EMMONS AVENUE","East 21 Street","Dead End","WB"
"23910","Brooklyn","2016","7","16","13","15","138","157647","POINT (998656.497974607 151955.2757842087)","EMMONS AVENUE","East 21 Street","Dead End","WB"
"23910","Brooklyn","2016","7","16","13","30","144","157647","POINT (998656.497974607 151955.2757842087)","EMMONS AVENUE","East 21 Street","Dead End","WB"
"23910","Brooklyn","2016","7","16","13","45","134","157647","POINT (998656.497974607 151955.2757842087)","EMMONS AVENUE","East 21 Street","Dead End","WB"
"23910","Brooklyn","2016","7","16","14","0","138","157647","POINT (998656.497974607 151955.2757842087)","EMMONS AVENUE","East 21 Street","Dead End","WB"
"23910","Brooklyn","2016","7","16","14","15","140","157647","POINT (998656.497974607 151955.2757842087)","EMMONS AVENUE","East 21 Street","Dead End","WB"
"23910","Brooklyn","2016","7","16","14","30","128","157647","POINT (998656.497974607 151955.2757842087)","EMMONS AVENUE","East 21 Street","Dead End","WB"
"23910","Brooklyn","2016","7","16","14","45","124","157647","POINT (998656.497974607 151955.2757842087)","EMMONS AVENUE","East 21 Street","Dead End","WB"
"23910","Brooklyn","2016","7","16","15","0","157","157647","POINT (998656.497974607 151955.2757842087)","EMMONS AVENUE","East 21 Street","Dead End","WB"
"23910","Brooklyn","2016","7","16","15","15","136","157647","POINT (998656.497974607 151955.2757842087)","EMMONS AVENUE","East 21 Street","Dead End","WB"
"23910","Brooklyn","2016","7","16","15","30","141","157647","POINT (998656.497974607 151955.2757842087)","EMMONS AVENUE","East 21 Street","Dead End","WB"
"23910","Brooklyn","2016","7","16","15","45","142","157647","POINT (998656.497974607 151955.2757842087)","EMMONS AVENUE","East 21 Street","Dead End","WB"
"23910","Brooklyn","2016","7","16","16","0","172","157647","POINT (998656.497974607 151955.2757842087)","EMMONS AVENUE","East 21 Street","Dead End","WB"
"23910","Brooklyn","2016","7","16","16","15","175","157647","POINT (998656.497974607 151955.2757842087)","EMMONS AVENUE","East 21 Street","Dead End","WB"
"23910","Brooklyn","2016","7","16","16","30","178","157647","POINT (998656.497974607 151955.2757842087)","EMMONS AVENUE","East 21 Street","Dead End","WB"
"23910","Brooklyn","2016","7","16","16","45","175","157647","POINT (998656.497974607 151955.2757842087)","EMMONS AVENUE","East 21 Street","Dead End","WB"
"23910","Brooklyn","2016","7","16","17","0","187","157647","POINT (998656.497974607 151955.2757842087)","EMMONS AVENUE","East 21 Street","Dead End","WB"
"23910","Brooklyn","2016","7","16","17","15","151","157647","POINT (998656.497974607 151955.2757842087)","EMMONS AVENUE","East 21 Street","Dead End","WB"
"23910","Brooklyn","2016","7","16","17","30","167","157647","POINT (998656.497974607 151955.2757842087)","EMMONS AVENUE","East 21 Street","Dead End","WB"
"23910","Brooklyn","2016","7","16","17","45","176","157647","POINT (998656.497974607 151955.2757842087)","EMMONS AVENUE","East 21 Street","Dead End","WB"
"23910","Brooklyn","2016","7","16","18","0","176","157647","POINT (998656.497974607 151955.2757842087)","EMMONS AVENUE","East 21 Street","Dead End","WB"
"23910","Brooklyn","2016","7","16","18","15","166","157647","POINT (998656.497974607 151955.2757842087)","EMMONS AVENUE","East 21 Street","Dead End","WB"
"23910","Brooklyn","2016","7","16","18","30","147","157647","POINT (998656.497974607 151955.2757842087)","EMMONS AVENUE","East 21 Street","Dead End","WB"
"38996","Brooklyn","2025","6","12","14","45","54","50251","POINT (1021101.4966211171 179925.1589739513)","FLATLANDS AVENUE","Fountain Avenue","Crescent Street","WB"
"38996","Brooklyn","2025","6","12","15","0","62","50251","POINT (1021101.4966211171 179925.1589739513)","FLATLANDS AVENUE","Fountain Avenue","Crescent Street","WB"
"38996","Brooklyn","2025","6","12","15","15","74","50251","POINT (1021101.4966211171 179925.1589739513)","FLATLANDS AVENUE","Fountain Avenue","Crescent Street","WB"
"38996","Brooklyn","2025","6","12","15","30","76","50251","POINT (1021101.4966211171 179925.1589739513)","FLATLANDS AVENUE","Fountain Avenue","Crescent Street","WB"
"38996","Brooklyn","2025","6","12","15","45","56","50251","POINT (1021101.4966211171 179925.1589739513)","FLATLANDS AVENUE","Fountain Avenue","Crescent Street","WB"
"38996","Brooklyn","2025","6","12","16","0","69","50251","POINT (1021101.4966211171 179925.1589739513)","FLATLANDS AVENUE","Fountain Avenue","Crescent Street","WB"
"38996","Brooklyn","2025","6","12","16","15","61","50251","POINT (1021101.4966211171 179925.1589739513)","FLATLANDS AVENUE","Fountain Avenue","Crescent Street","WB"
"38996","Brooklyn","2025","6","12","16","30","59","50251","POINT (1021101.4966211171 179925.1589739513)","FLATLANDS AVENUE","Fountain Avenue","Crescent Street","WB"
"38996","Brooklyn","2025","6","12","16","45","52","50251","POINT (1021101.4966211171 179925.1589739513)","FLATLANDS AVENUE","Fountain Avenue","Crescent Street","WB"
"38996","Brooklyn","2025","6","12","17","0","54","50251","POINT (1021101.4966211171 179925.1589739513)","FLATLANDS AVENUE","Fountain Avenue","Crescent Street","WB"
"38996","Brooklyn","2025","6","12","17","15","48","50251","POINT (1021101.4966211171 179925.1589739513)","FLATLANDS AVENUE","Fountain Avenue","Crescent Street","WB"
"38996","Brooklyn","2025","6","12","17","30","56","50251","POINT (1021101.4966211171 179925.1589739513)","FLATLANDS AVENUE","Fountain Avenue","Crescent Street","WB"
"38996","Brooklyn","2025","6","12","17","45","51","50251","POINT (1021101.4966211171 179925.1589739513)","FLATLANDS AVENUE","Fountain Avenue","Crescent Street","WB"
"38996","Brooklyn","2025","6","12","18","0","56","50251","POINT (1021101.4966211171 179925.1589739513)","FLATLANDS AVENUE","Fountain Avenue","Crescent Street","WB"
"38996","Brooklyn","2025","6","12","18","15","45","50251","POINT (1021101.4966211171 179925.1589739513)","FLATLANDS AVENUE","Fountain Avenue","Crescent Street","WB"
"38996","Brooklyn","2025","6","12","18","30","47","50251","POINT (1021101.4966211171 179925.1589739513)","FLATLANDS AVENUE","Fountain Avenue","Crescent Street","WB"
"38996","Brooklyn","2025","6","12","18","45","38","50251","POINT (1021101.4966211171 179925.1589739513)","FLATLANDS AVENUE","Fountain Avenue","Crescent Street","WB"
"38996","Brooklyn","2025","6","12","19","0","42","50251","POINT (1021101.4966211171 179925.1589739513)","FLATLANDS AVENUE","Fountain Avenue","Crescent Street","WB"
"38996","Brooklyn","2025","6","12","19","15","64","50251","POINT (1021101.4966211171 179925.1589739513)","FLATLANDS AVENUE","Fountain Avenue","Crescent Street","WB"
"38996","Brooklyn","2025","6","12","19","30","45","50251","POINT (1021101.4966211171 179925.1589739513)","FLATLANDS AVENUE","Fountain Avenue","Crescent Street","WB"
"38996","Brooklyn","2025","6","12","19","45","57","50251","POINT (1021101.4966211171 179925.1589739513)","FLATLANDS AVENUE","Fountain Avenue","Crescent Street","WB"
"38996","Brooklyn","2025","6","12","20","0","46","50251","POINT (1021101.4966211171 179925.1589739513)","FLATLANDS AVENUE","Fountain Avenue","Crescent Street","WB"
"38996","Brooklyn","2025","6","12","20","15","35","50251","POINT (1021101.4966211171 179925.1589739513)","FLATLANDS AVENUE","Fountain Avenue","Crescent Street","WB"
"38996","Brooklyn","2025","6","12","20","30","39","50251","POINT (1021101.4966211171 179925.1589739513)","FLATLANDS AVENUE","Fountain Avenue","Crescent Street","WB"
"38996","Brooklyn","2025","6","12","20","45","43","50251","POINT (1021101.4966211171 179925.1589739513)","FLATLANDS AVENUE","Fountain Avenue","Crescent Street","WB"
"38996","Brooklyn","2025","6","12","21","0","33","50251","POINT (1021101.4966211171 179925.1589739513)","FLATLANDS AVENUE","Fountain Avenue","Crescent Street","WB"
"38996","Brooklyn","2025","6","12","21","15","37","50251","POINT (1021101.4966211171 179925.1589739513)","FLATLANDS AVENUE","Fountain Avenue","Crescent Street","WB"
"38996","Brooklyn","2025","6","12","21","30","23","50251","POINT (1021101.4966211171 179925.1589739513)","FLATLANDS AVENUE","Fountain Avenue","Crescent Street","WB"
"38996","Brooklyn","2025","6","12","21","45","24","50251","POINT (1021101.4966211171 179925.1589739513)","FLATLANDS AVENUE","Fountain Avenue","Crescent Street","WB"
"38996","Brooklyn","2025","6","12","22","0","28","50251","POINT (1021101.4966211171 179925.1589739513)","FLATLANDS AVENUE","Fountain Avenue","Crescent Street","WB"
"38996","Brooklyn","2025","6","12","22","15","29","50251","POINT (1021101.4966211171 179925.1589739513)","FLATLANDS AVENUE","Fountain Avenue","Crescent Street","WB"
"38996","Brooklyn","2025","6","12","22","30","29","50251","POINT (1021101.4966211171 179925.1589739513)","FLATLANDS AVENUE","Fountain Avenue","Crescent Street","WB"
"38996","Brooklyn","2025","6","12","22","45","27","50251","POINT (1021101.4966211171 179925.1589739513)","FLATLANDS AVENUE","Fountain Avenue","Crescent Street","WB"
"38996","Brooklyn","2025","6","12","23","0","25","50251","POINT (1021101.4966211171 179925.1589739513)","FLATLANDS AVENUE","Fountain Avenue","Crescent Street","WB"
"38996","Brooklyn","2025","6","12","23","15","23","50251","POINT (1021101.4966211171 179925.1589739513)","FLATLANDS AVENUE","Fountain Avenue","Crescent Street","WB"
"38996","Brooklyn","2025","6","12","23","30","32","50251","POINT (1021101.4966211171 179925.1589739513)","FLATLANDS AVENUE","Fountain Avenue","Crescent Street","WB"
"38996","Brooklyn","2025","6","12","23","45","24","50251","POINT (1021101.4966211171 179925.1589739513)","FLATLANDS AVENUE","Fountain Avenue","Crescent Street","WB"
"38996","Brooklyn","2025","6","13","0","0","26","50251","POINT (1021101.4966211171 179925.1589739513)","FLATLANDS AVENUE","Fountain Avenue","Crescent Street","WB"
"38996","Brooklyn","2025","6","13","0","15","30","50251","POINT (1021101.4966211171 179925.1589739513)","FLATLANDS AVENUE","Fountain Avenue","Crescent Street","WB"
"38996","Brooklyn","2025","6","13","0","30","36","50251","POINT (1021101.4966211171 179925.1589739513)","FLATLANDS AVENUE","Fountain Avenue","Crescent Street","WB"
"38996","Brooklyn","2025","6","13","0","45","35","50251","POINT (1021101.4966211171 179925.1589739513)","FLATLANDS AVENUE","Fountain Avenue","Crescent Street","WB"
"38996","Brooklyn","2025","6","13","1","0","20","50251","POINT (1021101.4966211171 179925.1589739513)","FLATLANDS AVENUE","Fountain Avenue","Crescent Street","WB"
"38996","Brooklyn","2025","6","13","1","15","22","50251","POINT (1021101.4966211171 179925.1589739513)","FLATLANDS AVENUE","Fountain Avenue","Crescent Street","WB"
"38996","Brooklyn","2025","6","13","1","30","19","50251","POINT (1021101.4966211171 179925.1589739513)","FLATLANDS AVENUE","Fountain Avenue","Crescent Street","WB"
"38996","Brooklyn","2025","6","13","1","45","11","50251","POINT (1021101.4966211171 179925.1589739513)","FLATLANDS AVENUE","Fountain Avenue","Crescent Street","WB"
"38996","Brooklyn","2025","6","13","2","0","14","50251","POINT (1021101.4966211171 179925.1589739513)","FLATLANDS AVENUE","Fountain Avenue","Crescent Street","WB"
"38996","Brooklyn","2025","6","13","2","15","17","50251","POINT (1021101.4966211171 179925.1589739513)","FLATLANDS AVENUE","Fountain Avenue","Crescent Street","WB"
"38996","Brooklyn","2025","6","13","2","30","12","50251","POINT (1021101.4966211171 179925.1589739513)","FLATLANDS AVENUE","Fountain Avenue","Crescent Street","WB"
"38996","Brooklyn","2025","6","13","2","45","18","50251","POINT (1021101.4966211171 179925.1589739513)","FLATLANDS AVENUE","Fountain Avenue","Crescent Street","WB"
"38996","Brooklyn","2025","6","13","3","0","13","50251","POINT (1021101.4966211171 179925.1589739513)","FLATLANDS AVENUE","Fountain Avenue","Crescent Street","WB"
"38996","Brooklyn","2025","6","13","3","15","15","50251","POINT (1021101.4966211171 179925.1589739513)","FLATLANDS AVENUE","Fountain Avenue","Crescent Street","WB"
"38996","Brooklyn","2025","6","13","3","30","20","50251","POINT (1021101.4966211171 179925.1589739513)","FLATLANDS AVENUE","Fountain Avenue","Crescent Street","WB"
"38996","Brooklyn","2025","6","13","3","45","22","50251","POINT (1021101.4966211171 179925.1589739513)","FLATLANDS AVENUE","Fountain Avenue","Crescent Street","WB"
"38996","Brooklyn","2025","6","13","4","0","15","50251","POINT (1021101.4966211171 179925.1589739513)","FLATLANDS AVENUE","Fountain Avenue","Crescent Street","WB"
"38996","Brooklyn","2025","6","13","4","15","22","50251","POINT (1021101.4966211171 179925.1589739513)","FLATLANDS AVENUE","Fountain Avenue","Crescent Street","WB"
"38996","Brooklyn","2025","6","13","4","30","25","50251","POINT (1021101.4966211171 179925.1589739513)","FLATLANDS AVENUE","Fountain Avenue","Crescent Street","WB"
"38996","Brooklyn","2025","6","13","4","45","22","50251","POINT (1021101.4966211171 179925.1589739513)","FLATLANDS AVENUE","Fountain Avenue","Crescent Street","WB"
"38996","Brooklyn","2025","6","13","5","0","30","50251","POINT (1021101.4966211171 179925.1589739513)","FLATLANDS AVENUE","Fountain Avenue","Crescent Street","WB"
"38996","Brooklyn","2025","6","13","5","15","42","50251","POINT (1021101.4966211171 179925.1589739513)","FLATLANDS AVENUE","Fountain Avenue","Crescent Street","WB"
"38996","Brooklyn","2025","6","13","5","30","44","50251","POINT (1021101.4966211171 179925.1589739513)","FLATLANDS AVENUE","Fountain Avenue","Crescent Street","WB"
"38996","Brooklyn","2025","6","13","5","45","48","50251","POINT (1021101.4966211171 179925.1589739513)","FLATLANDS AVENUE","Fountain Avenue","Crescent Street","WB"
"38996","Brooklyn","2025","6","13","6","0","59","50251","POINT (1021101.4966211171 179925.1589739513)","FLATLANDS AVENUE","Fountain Avenue","Crescent Street","WB"
"38996","Brooklyn","2025","6","13","6","15","65","50251","POINT (1021101.4966211171 179925.1589739513)","FLATLANDS AVENUE","Fountain Avenue","Crescent Street","WB"
"38996","Brooklyn","2025","6","13","6","30","56","50251","POINT (1021101.4966211171 179925.1589739513)","FLATLANDS AVENUE","Fountain Avenue","Crescent Street","WB"
"38996","Brooklyn","2025","6","13","6","45","56","50251","POINT (1021101.4966211171 179925.1589739513)","FLATLANDS AVENUE","Fountain Avenue","Crescent Street","WB"
"38996","Brooklyn","2025","6","13","7","0","61","50251","POINT (1021101.4966211171 179925.1589739513)","FLATLANDS AVENUE","Fountain Avenue","Crescent Street","WB"
"38996","Brooklyn","2025","6","13","7","15","64","50251","POINT (1021101.4966211171 179925.1589739513)","FLATLANDS AVENUE","Fountain Avenue","Crescent Street","WB"
"38996","Brooklyn","2025","6","13","7","30","68","50251","POINT (1021101.4966211171 179925.1589739513)","FLATLANDS AVENUE","Fountain Avenue","Crescent Street","WB"
"38996","Brooklyn","2025","6","13","7","45","67","50251","POINT (1021101.4966211171 179925.1589739513)","FLATLANDS AVENUE","Fountain Avenue","Crescent Street","WB"
"38996","Brooklyn","2025","6","13","8","0","66","50251","POINT (1021101.4966211171 179925.1589739513)","FLATLANDS AVENUE","Fountain Avenue","Crescent Street","WB"
"38996","Brooklyn","2025","6","13","8","15","65","50251","POINT (1021101.4966211171 179925.1589739513)","FLATLANDS AVENUE","Fountain Avenue","Crescent Street","WB"
"38996","Brooklyn","2025","6","13","8","30","74","50251","POINT (1021101.4966211171 179925.1589739513)","FLATLANDS AVENUE","Fountain Avenue","Crescent Street","WB"
"38996","Brooklyn","2025","6","13","8","45","62","50251","POINT (1021101.4966211171 179925.1589739513)","FLATLANDS AVENUE","Fountain Avenue","Crescent Street","WB"
"38996","Brooklyn","2025","6","13","9","0","62","50251","POINT (1021101.4966211171 179925.1589739513)","FLATLANDS AVENUE","Fountain Avenue","Crescent Street","WB"
"38996","Brooklyn","2025","6","13","9","15","69","50251","POINT (1021101.4966211171 179925.1589739513)","FLATLANDS AVENUE","Fountain Avenue","Crescent Street","WB"
"38996","Brooklyn","2025","6","13","9","30","58","50251","POINT (1021101.4966211171 179925.1589739513)","FLATLANDS AVENUE","Fountain Avenue","Crescent Street","WB"
"38996","Brooklyn","2025","6","13","9","45","58","50251","POINT (1021101.4966211171 179925.1589739513)","FLATLANDS AVENUE","Fountain Avenue","Crescent Street","WB"
"38996","Brooklyn","2025","6","13","10","0","55","50251","POINT (1021101.4966211171 179925.1589739513)","FLATLANDS AVENUE","Fountain Avenue","Crescent Street","WB"
"38996","Brooklyn","2025","6","13","10","15","58","50251","POINT (1021101.4966211171 179925.1589739513)","FLATLANDS AVENUE","Fountain Avenue","Crescent Street","WB"
"38996","Brooklyn","2025","6","13","10","30","58","50251","POINT (1021101.4966211171 179925.1589739513)","FLATLANDS AVENUE","Fountain Avenue","Crescent Street","WB"
"38996","Brooklyn","2025","6","13","10","45","56","50251","POINT (1021101.4966211171 179925.1589739513)","FLATLANDS AVENUE","Fountain Avenue","Crescent Street","WB"
"38996","Brooklyn","2025","6","13","11","0","52","50251","POINT (1021101.4966211171 179925.1589739513)","FLATLANDS AVENUE","Fountain Avenue","Crescent Street","WB"
"38996","Brooklyn","2025","6","13","11","15","56","50251","POINT (1021101.4966211171 179925.1589739513)","FLATLANDS AVENUE","Fountain Avenue","Crescent Street","WB"
"38996","Brooklyn","2025","6","13","11","30","64","50251","POINT (1021101.4966211171 179925.1589739513)","FLATLANDS AVENUE","Fountain Avenue","Crescent Street","WB"
"38996","Brooklyn","2025","6","13","11","45","52","50251","POINT (1021101.4966211171 179925.1589739513)","FLATLANDS AVENUE","Fountain Avenue","Crescent Street","WB"
"38996","Brooklyn","2025","6","13","12","0","59","50251","POINT (1021101.4966211171 179925.1589739513)","FLATLANDS AVENUE","Fountain Avenue","Crescent Street","WB"
"38996","Brooklyn","2025","6","13","12","15","64","50251","POINT (1021101.4966211171 179925.1589739513)","FLATLANDS AVENUE","Fountain Avenue","Crescent Street","WB"
"38996","Brooklyn","2025","6","13","12","30","68","50251","POINT (1021101.4966211171 179925.1589739513)","FLATLANDS AVENUE","Fountain Avenue","Crescent Street","WB"
"38996","Brooklyn","2025","6","13","12","45","63","50251","POINT (1021101.4966211171 179925.1589739513)","FLATLANDS AVENUE","Fountain Avenue","Crescent Street","WB"
"38996","Brooklyn","2025","6","13","13","0","63","50251","POINT (1021101.4966211171 179925.1589739513)","FLATLANDS AVENUE","Fountain Avenue","Crescent Street","WB"
"38996","Brooklyn","2025","6","13","13","15","68","50251","POINT (1021101.4966211171 179925.1589739513)","FLATLANDS AVENUE","Fountain Avenue","Crescent Street","WB"
"38996","Brooklyn","2025","6","13","13","30","62","50251","POINT (1021101.4966211171 179925.1589739513)","FLATLANDS AVENUE","Fountain Avenue","Crescent Street","WB"
"38996","Brooklyn","2025","6","13","13","45","60","50251","POINT (1021101.4966211171 179925.1589739513)","FLATLANDS AVENUE","Fountain Avenue","Crescent Street","WB"
"38996","Brooklyn","2025","6","13","14","0","62","50251","POINT (1021101.4966211171 179925.1589739513)","FLATLANDS AVENUE","Fountain Avenue","Crescent Street","WB"
"38996","Brooklyn","2025","6","13","14","15","63","50251","POINT (1021101.4966211171 179925.1589739513)","FLATLANDS AVENUE","Fountain Avenue","Crescent Street","WB"
"38996","Brooklyn","2025","6","13","14","30","69","50251","POINT (1021101.4966211171 179925.1589739513)","FLATLANDS AVENUE","Fountain Avenue","Crescent Street","WB"
"38996","Brooklyn","2025","6","13","14","45","66","50251","POINT (1021101.4966211171 179925.1589739513)","FLATLANDS AVENUE","Fountain Avenue","Crescent Street","WB"
"38996","Brooklyn","2025","6","13","15","0","78","50251","POINT (1021101.4966211171 179925.1589739513)","FLATLANDS AVENUE","Fountain Avenue","Crescent Street","WB"
"38996","Brooklyn","2025","6","13","15","15","68","50251","POINT (1021101.4966211171 179925.1589739513)","FLATLANDS AVENUE","Fountain Avenue","Crescent Street","WB"
"38996","Brooklyn","2025","6","13","15","30","70","50251","POINT (1021101.4966211171 179925.1589739513)","FLATLANDS AVENUE","Fountain Avenue","Crescent Street","WB"
"38996","Brooklyn","2025","6","13","15","45","76","50251","POINT (1021101.4966211171 179925.1589739513)","FLATLANDS AVENUE","Fountain Avenue","Crescent Street","WB"
"38996","Brooklyn","2025","6","13","16","0","62","50251","POINT (1021101.4966211171 179925.1589739513)","FLATLANDS AVENUE","Fountain Avenue","Crescent Street","WB"
"38996","Brooklyn","2025","6","13","16","15","66","50251","POINT (1021101.4966211171 179925.1589739513)","FLATLANDS AVENUE","Fountain Avenue","Crescent Street","WB"
"38996","Brooklyn","2025","6","13","16","30","66","50251","POINT (1021101.4966211171 179925.1589739513)","FLATLANDS AVENUE","Fountain Avenue","Crescent Street","WB"
"38996","Brooklyn","2025","6","13","16","45","56","50251","POINT (1021101.4966211171 179925.1589739513)","FLATLANDS AVENUE","Fountain Avenue","Crescent Street","WB"
"9739","Brooklyn","2011","3","15","8","45","28","128598","POINT (1008853 194060.2)","PALMETTO ST BET RIDGEWOOD PL & WYCKOFF AVE","MYRTLE AV/WYCKOFF AV","RIDGEWOOD PL","NB"
"9739","Brooklyn","2011","3","15","9","0","20","128598","POINT (1008853 194060.2)","PALMETTO ST BET RIDGEWOOD PL & WYCKOFF AVE","MYRTLE AV/WYCKOFF AV","RIDGEWOOD PL","NB"
"9739","Brooklyn","2011","3","15","9","15","26","128598","POINT (1008853 194060.2)","PALMETTO ST BET RIDGEWOOD PL & WYCKOFF AVE","MYRTLE AV/WYCKOFF AV","RIDGEWOOD PL","NB"
"9739","Brooklyn","2011","3","15","9","30","22","128598","POINT (1008853 194060.2)","PALMETTO ST BET RIDGEWOOD PL & WYCKOFF AVE","MYRTLE AV/WYCKOFF AV","RIDGEWOOD PL","NB"
"9739","Brooklyn","2011","3","15","9","45","25","128598","POINT (1008853 194060.2)","PALMETTO ST BET RIDGEWOOD PL & WYCKOFF AVE","MYRTLE AV/WYCKOFF AV","RIDGEWOOD PL","NB"
"9739","Brooklyn","2011","3","15","10","0","35","128598","POINT (1008853 194060.2)","PALMETTO ST BET RIDGEWOOD PL & WYCKOFF AVE","MYRTLE AV/WYCKOFF AV","RIDGEWOOD PL","NB"
"9739","Brooklyn","2011","3","15","10","15","26","128598","POINT (1008853 194060.2)","PALMETTO ST BET RIDGEWOOD PL & WYCKOFF AVE","MYRTLE AV/WYCKOFF AV","RIDGEWOOD PL","NB"
"9739","Brooklyn","2011","3","15","10","30","28","128598","POINT (1008853 194060.2)","PALMETTO ST BET RIDGEWOOD PL & WYCKOFF AVE","MYRTLE AV/WYCKOFF AV","RIDGEWOOD PL","NB"
"9739","Brooklyn","2011","3","15","10","45","33","128598","POINT (1008853 194060.2)","PALMETTO ST BET RIDGEWOOD PL & WYCKOFF AVE","MYRTLE AV/WYCKOFF AV","RIDGEWOOD PL","NB"
"9739","Brooklyn","2011","3","15","11","0","35","128598","POINT (1008853 194060.2)","PALMETTO ST BET RIDGEWOOD PL & WYCKOFF AVE","MYRTLE AV/WYCKOFF AV","RIDGEWOOD PL","NB"
"9739","Brooklyn","2011","3","15","11","15","29","128598","POINT (1008853 194060.2)","PALMETTO ST BET RIDGEWOOD PL & WYCKOFF AVE","MYRTLE AV/WYCKOFF AV","RIDGEWOOD PL","NB"
"9739","Brooklyn","2011","3","15","11","30","26","128598","POINT (1008853 194060.2)","PALMETTO ST BET RIDGEWOOD PL & WYCKOFF AVE","MYRTLE AV/WYCKOFF AV","RIDGEWOOD PL","NB"
"9739","Brooklyn","2011","3","15","11","45","25","128598","POINT (1008853 194060.2)","PALMETTO ST BET RIDGEWOOD PL & WYCKOFF AVE","MYRTLE AV/WYCKOFF AV","RIDGEWOOD PL","NB"
"9739","Brooklyn","2011","3","15","12","0","31","128598","POINT (1008853 194060.2)","PALMETTO ST BET RIDGEWOOD PL & WYCKOFF AVE","MYRTLE AV/WYCKOFF AV","RIDGEWOOD PL","NB"
"9739","Brooklyn","2011","3","15","12","15","25","128598","POINT (1008853 194060.2)","PALMETTO ST BET RIDGEWOOD PL & WYCKOFF AVE","MYRTLE AV/WYCKOFF AV","RIDGEWOOD PL","NB"
"9739","Brooklyn","2011","3","15","12","30","38","128598","POINT (1008853 194060.2)","PALMETTO ST BET RIDGEWOOD PL & WYCKOFF AVE","MYRTLE AV/WYCKOFF AV","RIDGEWOOD PL","NB"
"9739","Brooklyn","2011","3","15","12","45","30","128598","POINT (1008853 194060.2)","PALMETTO ST BET RIDGEWOOD PL & WYCKOFF AVE","MYRTLE AV/WYCKOFF AV","RIDGEWOOD PL","NB"
"9739","Brooklyn","2011","3","15","13","0","28","128598","POINT (1008853 194060.2)","PALMETTO ST BET RIDGEWOOD PL & WYCKOFF AVE","MYRTLE AV/WYCKOFF AV","RIDGEWOOD PL","NB"
"9739","Brooklyn","2011","3","15","13","15","40","128598","POINT (1008853 194060.2)","PALMETTO ST BET RIDGEWOOD PL & WYCKOFF AVE","MYRTLE AV/WYCKOFF AV","RIDGEWOOD PL","NB"
"9739","Brooklyn","2011","3","15","13","30","26","128598","POINT (1008853 194060.2)","PALMETTO ST BET RIDGEWOOD PL & WYCKOFF AVE","MYRTLE AV/WYCKOFF AV","RIDGEWOOD PL","NB"
"9739","Brooklyn","2011","3","15","13","45","38","128598","POINT (1008853 194060.2)","PALMETTO ST BET RIDGEWOOD PL & WYCKOFF AVE","MYRTLE AV/WYCKOFF AV","RIDGEWOOD PL","NB"
"9739","Brooklyn","2011","3","15","14","0","32","128598","POINT (1008853 194060.2)","PALMETTO ST BET RIDGEWOOD PL & WYCKOFF AVE","MYRTLE AV/WYCKOFF AV","RIDGEWOOD PL","NB"
"9739","Brooklyn","2011","3","15","14","15","35","128598","POINT (1008853 194060.2)","PALMETTO ST BET RIDGEWOOD PL & WYCKOFF AVE","MYRTLE AV/WYCKOFF AV","RIDGEWOOD PL","NB"
"9739","Brooklyn","2011","3","15","14","30","19","128598","POINT (1008853 194060.2)","PALMETTO ST BET RIDGEWOOD PL & WYCKOFF AVE","MYRTLE AV/WYCKOFF AV","RIDGEWOOD PL","NB"
"9739","Brooklyn","2011","3","15","14","45","37","128598","POINT (1008853 194060.2)","PALMETTO ST BET RIDGEWOOD PL & WYCKOFF AVE","MYRTLE AV/WYCKOFF AV","RIDGEWOOD PL","NB"
"9739","Brooklyn","2011","3","15","15","0","27","128598","POINT (1008853 194060.2)","PALMETTO ST BET RIDGEWOOD PL & WYCKOFF AVE","MYRTLE AV/WYCKOFF AV","RIDGEWOOD PL","NB"
"9739","Brooklyn","2011","3","15","15","15","37","128598","POINT (1008853 194060.2)","PALMETTO ST BET RIDGEWOOD PL & WYCKOFF AVE","MYRTLE AV/WYCKOFF AV","RIDGEWOOD PL","NB"
"9739","Brooklyn","2011","3","15","15","30","28","128598","POINT (1008853 194060.2)","PALMETTO ST BET RIDGEWOOD PL & WYCKOFF AVE","MYRTLE AV/WYCKOFF AV","RIDGEWOOD PL","NB"
"9739","Brooklyn","2011","3","15","15","45","37","128598","POINT (1008853 194060.2)","PALMETTO ST BET RIDGEWOOD PL & WYCKOFF AVE","MYRTLE AV/WYCKOFF AV","RIDGEWOOD PL","NB"
"9739","Brooklyn","2011","3","15","16","0","39","128598","POINT (1008853 194060.2)","PALMETTO ST BET RIDGEWOOD PL & WYCKOFF AVE","MYRTLE AV/WYCKOFF AV","RIDGEWOOD PL","NB"
"9739","Brooklyn","2011","3","15","16","15","41","128598","POINT (1008853 194060.2)","PALMETTO ST BET RIDGEWOOD PL & WYCKOFF AVE","MYRTLE AV/WYCKOFF AV","RIDGEWOOD PL","NB"
"9739","Brooklyn","2011","3","15","16","30","34","128598","POINT (1008853 194060.2)","PALMETTO ST BET RIDGEWOOD PL & WYCKOFF AVE","MYRTLE AV/WYCKOFF AV","RIDGEWOOD PL","NB"
"9739","Brooklyn","2011","3","15","16","45","29","128598","POINT (1008853 194060.2)","PALMETTO ST BET RIDGEWOOD PL & WYCKOFF AVE","MYRTLE AV/WYCKOFF AV","RIDGEWOOD PL","NB"
"9739","Brooklyn","2011","3","15","17","0","37","128598","POINT (1008853 194060.2)","PALMETTO ST BET RIDGEWOOD PL & WYCKOFF AVE","MYRTLE AV/WYCKOFF AV","RIDGEWOOD PL","NB"
"9739","Brooklyn","2011","3","15","17","15","40","128598","POINT (1008853 194060.2)","PALMETTO ST BET RIDGEWOOD PL & WYCKOFF AVE","MYRTLE AV/WYCKOFF AV","RIDGEWOOD PL","NB"
"9739","Brooklyn","2011","3","15","17","30","36","128598","POINT (1008853 194060.2)","PALMETTO ST BET RIDGEWOOD PL & WYCKOFF AVE","MYRTLE AV/WYCKOFF AV","RIDGEWOOD PL","NB"
"9739","Brooklyn","2011","3","15","17","45","28","128598","POINT (1008853 194060.2)","PALMETTO ST BET RIDGEWOOD PL & WYCKOFF AVE","MYRTLE AV/WYCKOFF AV","RIDGEWOOD PL","NB"
"9739","Brooklyn","2011","3","15","18","0","31","128598","POINT (1008853 194060.2)","PALMETTO ST BET RIDGEWOOD PL & WYCKOFF AVE","MYRTLE AV/WYCKOFF AV","RIDGEWOOD PL","NB"
"9739","Brooklyn","2011","3","15","18","15","43","128598","POINT (1008853 194060.2)","PALMETTO ST BET RIDGEWOOD PL & WYCKOFF AVE","MYRTLE AV/WYCKOFF AV","RIDGEWOOD PL","NB"
"9739","Brooklyn","2011","3","15","18","30","34","128598","POINT (1008853 194060.2)","PALMETTO ST BET RIDGEWOOD PL & WYCKOFF AVE","MYRTLE AV/WYCKOFF AV","RIDGEWOOD PL","NB"
"9739","Brooklyn","2011","3","15","18","45","39","128598","POINT (1008853 194060.2)","PALMETTO ST BET RIDGEWOOD PL & WYCKOFF AVE","MYRTLE AV/WYCKOFF AV","RIDGEWOOD PL","NB"
"9739","Brooklyn","2011","3","15","19","0","38","128598","POINT (1008853 194060.2)","PALMETTO ST BET RIDGEWOOD PL & WYCKOFF AVE","MYRTLE AV/WYCKOFF AV","RIDGEWOOD PL","NB"
"9739","Brooklyn","2011","3","15","19","15","33","128598","POINT (1008853 194060.2)","PALMETTO ST BET RIDGEWOOD PL & WYCKOFF AVE","MYRTLE AV/WYCKOFF AV","RIDGEWOOD PL","NB"
"9739","Brooklyn","2011","3","15","19","30","26","128598","POINT (1008853 194060.2)","PALMETTO ST BET RIDGEWOOD PL & WYCKOFF AVE","MYRTLE AV/WYCKOFF AV","RIDGEWOOD PL","NB"
"9739","Brooklyn","2011","3","15","19","45","22","128598","POINT (1008853 194060.2)","PALMETTO ST BET RIDGEWOOD PL & WYCKOFF AVE","MYRTLE AV/WYCKOFF AV","RIDGEWOOD PL","NB"
"9739","Brooklyn","2011","3","15","20","0","36","128598","POINT (1008853 194060.2)","PALMETTO ST BET RIDGEWOOD PL & WYCKOFF AVE","MYRTLE AV/WYCKOFF AV","RIDGEWOOD PL","NB"
"9739","Brooklyn","2011","3","15","20","15","33","128598","POINT (1008853 194060.2)","PALMETTO ST BET RIDGEWOOD PL & WYCKOFF AVE","MYRTLE AV/WYCKOFF AV","RIDGEWOOD PL","NB"
"9739","Brooklyn","2011","3","15","20","30","21","128598","POINT (1008853 194060.2)","PALMETTO ST BET RIDGEWOOD PL & WYCKOFF AVE","MYRTLE AV/WYCKOFF AV","RIDGEWOOD PL","NB"
"9739","Brooklyn","2011","3","15","20","45","27","128598","POINT (1008853 194060.2)","PALMETTO ST BET RIDGEWOOD PL & WYCKOFF AVE","MYRTLE AV/WYCKOFF AV","RIDGEWOOD PL","NB"
"9739","Brooklyn","2011","3","15","21","0","26","128598","POINT (1008853 194060.2)","PALMETTO ST BET RIDGEWOOD PL & WYCKOFF AVE","MYRTLE AV/WYCKOFF AV","RIDGEWOOD PL","NB"
"9739","Brooklyn","2011","3","15","21","15","26","128598","POINT (1008853 194060.2)","PALMETTO ST BET RIDGEWOOD PL & WYCKOFF AVE","MYRTLE AV/WYCKOFF AV","RIDGEWOOD PL","NB"
"9739","Brooklyn","2011","3","15","21","30","23","128598","POINT (1008853 194060.2)","PALMETTO ST BET RIDGEWOOD PL & WYCKOFF AVE","MYRTLE AV/WYCKOFF AV","RIDGEWOOD PL","NB"
"9739","Brooklyn","2011","3","15","21","45","21","128598","POINT (1008853 194060.2)","PALMETTO ST BET RIDGEWOOD PL & WYCKOFF AVE","MYRTLE AV/WYCKOFF AV","RIDGEWOOD PL","NB"
"9739","Brooklyn","2011","3","15","22","0","23","128598","POINT (1008853 194060.2)","PALMETTO ST BET RIDGEWOOD PL & WYCKOFF AVE","MYRTLE AV/WYCKOFF AV","RIDGEWOOD PL","NB"
"9739","Brooklyn","2011","3","15","22","15","16","128598","POINT (1008853 194060.2)","PALMETTO ST BET RIDGEWOOD PL & WYCKOFF AVE","MYRTLE AV/WYCKOFF AV","RIDGEWOOD PL","NB"
"9739","Brooklyn","2011","3","15","22","30","19","128598","POINT (1008853 194060.2)","PALMETTO ST BET RIDGEWOOD PL & WYCKOFF AVE","MYRTLE AV/WYCKOFF AV","RIDGEWOOD PL","NB"
"9739","Brooklyn","2011","3","15","22","45","12","128598","POINT (1008853 194060.2)","PALMETTO ST BET RIDGEWOOD PL & WYCKOFF AVE","MYRTLE AV/WYCKOFF AV","RIDGEWOOD PL","NB"
"9739","Brooklyn","2011","3","15","23","0","13","128598","POINT (1008853 194060.2)","PALMETTO ST BET RIDGEWOOD PL & WYCKOFF AVE","MYRTLE AV/WYCKOFF AV","RIDGEWOOD PL","NB"
"9739","Brooklyn","2011","3","15","23","15","11","128598","POINT (1008853 194060.2)","PALMETTO ST BET RIDGEWOOD PL & WYCKOFF AVE","MYRTLE AV/WYCKOFF AV","RIDGEWOOD PL","NB"
"9739","Brooklyn","2011","3","15","23","30","9","128598","POINT (1008853 194060.2)","PALMETTO ST BET RIDGEWOOD PL & WYCKOFF AVE","MYRTLE AV/WYCKOFF AV","RIDGEWOOD PL","NB"
"9739","Brooklyn","2011","3","15","23","45","11","128598","POINT (1008853 194060.2)","PALMETTO ST BET RIDGEWOOD PL & WYCKOFF AVE","MYRTLE AV/WYCKOFF AV","RIDGEWOOD PL","NB"
"9739","Brooklyn","2011","3","16","0","0","14","128598","POINT (1008853 194060.2)","PALMETTO ST BET RIDGEWOOD PL & WYCKOFF AVE","MYRTLE AV/WYCKOFF AV","RIDGEWOOD PL","NB"
"9739","Brooklyn","2011","3","16","0","15","11","128598","POINT (1008853 194060.2)","PALMETTO ST BET RIDGEWOOD PL & WYCKOFF AVE","MYRTLE AV/WYCKOFF AV","RIDGEWOOD PL","NB"
"9739","Brooklyn","2011","3","16","0","30","5","128598","POINT (1008853 194060.2)","PALMETTO ST BET RIDGEWOOD PL & WYCKOFF AVE","MYRTLE AV/WYCKOFF AV","RIDGEWOOD PL","NB"
"9739","Brooklyn","2011","3","16","0","45","7","128598","POINT (1008853 194060.2)","PALMETTO ST BET RIDGEWOOD PL & WYCKOFF AVE","MYRTLE AV/WYCKOFF AV","RIDGEWOOD PL","NB"
"9739","Brooklyn","2011","3","16","1","0","5","128598","POINT (1008853 194060.2)","PALMETTO ST BET RIDGEWOOD PL & WYCKOFF AVE","MYRTLE AV/WYCKOFF AV","RIDGEWOOD PL","NB"
"9739","Brooklyn","2011","3","16","1","15","4","128598","POINT (1008853 194060.2)","PALMETTO ST BET RIDGEWOOD PL & WYCKOFF AVE","MYRTLE AV/WYCKOFF AV","RIDGEWOOD PL","NB"
"9739","Brooklyn","2011","3","16","1","30","8","128598","POINT (1008853 194060.2)","PALMETTO ST BET RIDGEWOOD PL & WYCKOFF AVE","MYRTLE AV/WYCKOFF AV","RIDGEWOOD PL","NB"
"9739","Brooklyn","2011","3","16","1","45","8","128598","POINT (1008853 194060.2)","PALMETTO ST BET RIDGEWOOD PL & WYCKOFF AVE","MYRTLE AV/WYCKOFF AV","RIDGEWOOD PL","NB"
"9739","Brooklyn","2011","3","16","2","0","3","128598","POINT (1008853 194060.2)","PALMETTO ST BET RIDGEWOOD PL & WYCKOFF AVE","MYRTLE AV/WYCKOFF AV","RIDGEWOOD PL","NB"
"9739","Brooklyn","2011","3","16","2","15","1","128598","POINT (1008853 194060.2)","PALMETTO ST BET RIDGEWOOD PL & WYCKOFF AVE","MYRTLE AV/WYCKOFF AV","RIDGEWOOD PL","NB"
"9739","Brooklyn","2011","3","16","2","30","5","128598","POINT (1008853 194060.2)","PALMETTO ST BET RIDGEWOOD PL & WYCKOFF AVE","MYRTLE AV/WYCKOFF AV","RIDGEWOOD PL","NB"
"9739","Brooklyn","2011","3","16","2","45","3","128598","POINT (1008853 194060.2)","PALMETTO ST BET RIDGEWOOD PL & WYCKOFF AVE","MYRTLE AV/WYCKOFF AV","RIDGEWOOD PL","NB"
"9739","Brooklyn","2011","3","16","3","0","6","128598","POINT (1008853 194060.2)","PALMETTO ST BET RIDGEWOOD PL & WYCKOFF AVE","MYRTLE AV/WYCKOFF AV","RIDGEWOOD PL","NB"
"9739","Brooklyn","2011","3","16","3","15","7","128598","POINT (1008853 194060.2)","PALMETTO ST BET RIDGEWOOD PL & WYCKOFF AVE","MYRTLE AV/WYCKOFF AV","RIDGEWOOD PL","NB"
"9739","Brooklyn","2011","3","16","3","30","7","128598","POINT (1008853 194060.2)","PALMETTO ST BET RIDGEWOOD PL & WYCKOFF AVE","MYRTLE AV/WYCKOFF AV","RIDGEWOOD PL","NB"
"9739","Brooklyn","2011","3","16","3","45","8","128598","POINT (1008853 194060.2)","PALMETTO ST BET RIDGEWOOD PL & WYCKOFF AVE","MYRTLE AV/WYCKOFF AV","RIDGEWOOD PL","NB"
"9739","Brooklyn","2011","3","16","4","0","4","128598","POINT (1008853 194060.2)","PALMETTO ST BET RIDGEWOOD PL & WYCKOFF AVE","MYRTLE AV/WYCKOFF AV","RIDGEWOOD PL","NB"
"9739","Brooklyn","2011","3","16","4","15","3","128598","POINT (1008853 194060.2)","PALMETTO ST BET RIDGEWOOD PL & WYCKOFF AVE","MYRTLE AV/WYCKOFF AV","RIDGEWOOD PL","NB"
"9739","Brooklyn","2011","3","16","4","30","9","128598","POINT (1008853 194060.2)","PALMETTO ST BET RIDGEWOOD PL & WYCKOFF AVE","MYRTLE AV/WYCKOFF AV","RIDGEWOOD PL","NB"
"9739","Brooklyn","2011","3","16","4","45","6","128598","POINT (1008853 194060.2)","PALMETTO ST BET RIDGEWOOD PL & WYCKOFF AVE","MYRTLE AV/WYCKOFF AV","RIDGEWOOD PL","NB"
"9739","Brooklyn","2011","3","16","5","0","1","128598","POINT (1008853 194060.2)","PALMETTO ST BET RIDGEWOOD PL & WYCKOFF AVE","MYRTLE AV/WYCKOFF AV","RIDGEWOOD PL","NB"
"9739","Brooklyn","2011","3","16","5","15","6","128598","POINT (1008853 194060.2)","PALMETTO ST BET RIDGEWOOD PL & WYCKOFF AVE","MYRTLE AV/WYCKOFF AV","RIDGEWOOD PL","NB"
"9739","Brooklyn","2011","3","16","5","30","15","128598","POINT (1008853 194060.2)","PALMETTO ST BET RIDGEWOOD PL & WYCKOFF AVE","MYRTLE AV/WYCKOFF AV","RIDGEWOOD PL","NB"
"9739","Brooklyn","2011","3","16","5","45","14","128598","POINT (1008853 194060.2)","PALMETTO ST BET RIDGEWOOD PL & WYCKOFF AVE","MYRTLE AV/WYCKOFF AV","RIDGEWOOD PL","NB"
"9739","Brooklyn","2011","3","16","6","0","20","128598","POINT (1008853 194060.2)","PALMETTO ST BET RIDGEWOOD PL & WYCKOFF AVE","MYRTLE AV/WYCKOFF AV","RIDGEWOOD PL","NB"
"9739","Brooklyn","2011","3","16","6","15","12","128598","POINT (1008853 194060.2)","PALMETTO ST BET RIDGEWOOD PL & WYCKOFF AVE","MYRTLE AV/WYCKOFF AV","RIDGEWOOD PL","NB"
"9739","Brooklyn","2011","3","16","6","30","22","128598","POINT (1008853 194060.2)","PALMETTO ST BET RIDGEWOOD PL & WYCKOFF AVE","MYRTLE AV/WYCKOFF AV","RIDGEWOOD PL","NB"
"9739","Brooklyn","2011","3","16","6","45","12","128598","POINT (1008853 194060.2)","PALMETTO ST BET RIDGEWOOD PL & WYCKOFF AVE","MYRTLE AV/WYCKOFF AV","RIDGEWOOD PL","NB"
"9739","Brooklyn","2011","3","16","7","0","16","128598","POINT (1008853 194060.2)","PALMETTO ST BET RIDGEWOOD PL & WYCKOFF AVE","MYRTLE AV/WYCKOFF AV","RIDGEWOOD PL","NB"
"9739","Brooklyn","2011","3","16","7","15","26","128598","POINT (1008853 194060.2)","PALMETTO ST BET RIDGEWOOD PL & WYCKOFF AVE","MYRTLE AV/WYCKOFF AV","RIDGEWOOD PL","NB"
"9739","Brooklyn","2011","3","16","7","30","30","128598","POINT (1008853 194060.2)","PALMETTO ST BET RIDGEWOOD PL & WYCKOFF AVE","MYRTLE AV/WYCKOFF AV","RIDGEWOOD PL","NB"
"9739","Brooklyn","2011","3","16","7","45","31","128598","POINT (1008853 194060.2)","PALMETTO ST BET RIDGEWOOD PL & WYCKOFF AVE","MYRTLE AV/WYCKOFF AV","RIDGEWOOD PL","NB"
"9739","Brooklyn","2011","3","16","8","0","45","128598","POINT (1008853 194060.2)","PALMETTO ST BET RIDGEWOOD PL & WYCKOFF AVE","MYRTLE AV/WYCKOFF AV","RIDGEWOOD PL","NB"
"9739","Brooklyn","2011","3","16","8","15","44","128598","POINT (1008853 194060.2)","PALMETTO ST BET RIDGEWOOD PL & WYCKOFF AVE","MYRTLE AV/WYCKOFF AV","RIDGEWOOD PL","NB"
"9739","Brooklyn","2011","3","16","8","30","25","128598","POINT (1008853 194060.2)","PALMETTO ST BET RIDGEWOOD PL & WYCKOFF AVE","MYRTLE AV/WYCKOFF AV","RIDGEWOOD PL","NB"
"9739","Brooklyn","2011","3","16","8","45","30","128598","POINT (1008853 194060.2)","PALMETTO ST BET RIDGEWOOD PL & WYCKOFF AVE","MYRTLE AV/WYCKOFF AV","RIDGEWOOD PL","NB"
"9739","Brooklyn","2011","3","16","9","0","27","128598","POINT (1008853 194060.2)","PALMETTO ST BET RIDGEWOOD PL & WYCKOFF AVE","MYRTLE AV/WYCKOFF AV","RIDGEWOOD PL","NB"
"9739","Brooklyn","2011","3","16","9","15","23","128598","POINT (1008853 194060.2)","PALMETTO ST BET RIDGEWOOD PL & WYCKOFF AVE","MYRTLE AV/WYCKOFF AV","RIDGEWOOD PL","NB"
"9739","Brooklyn","2011","3","16","9","30","24","128598","POINT (1008853 194060.2)","PALMETTO ST BET RIDGEWOOD PL & WYCKOFF AVE","MYRTLE AV/WYCKOFF AV","RIDGEWOOD PL","NB"
"9739","Brooklyn","2011","3","16","9","45","26","128598","POINT (1008853 194060.2)","PALMETTO ST BET RIDGEWOOD PL & WYCKOFF AVE","MYRTLE AV/WYCKOFF AV","RIDGEWOOD PL","NB"
"15800","Queens","2014","3","14","21","15","4","128606","POINT (1009641.4 199535.1)","ANDREWS AV","56 ST","55 ST","NB"
"15800","Queens","2014","3","14","21","30","6","128606","POINT (1009641.4 199535.1)","ANDREWS AV","56 ST","55 ST","NB"
"15800","Queens","2014","3","14","21","45","6","128606","POINT (1009641.4 199535.1)","ANDREWS AV","56 ST","55 ST","NB"
"15800","Queens","2014","3","14","22","0","9","128606","POINT (1009641.4 199535.1)","ANDREWS AV","56 ST","55 ST","NB"
"28591","Bronx","2017","11","18","13","15","46","193980","POINT (1027313.4354732882 251612.92263845773)","PELHAM PARKWAY SOUTH","Unnamed Street","Eastchester Road","EB"
"28591","Bronx","2017","11","18","13","30","37","193980","POINT (1027313.4354732882 251612.92263845773)","PELHAM PARKWAY SOUTH","Unnamed Street","Eastchester Road","EB"
"28591","Bronx","2017","11","18","13","45","36","193980","POINT (1027313.4354732882 251612.92263845773)","PELHAM PARKWAY SOUTH","Unnamed Street","Eastchester Road","EB"
"28591","Bronx","2017","11","18","14","0","46","193980","POINT (1027313.4354732882 251612.92263845773)","PELHAM PARKWAY SOUTH","Unnamed Street","Eastchester Road","EB"
"28591","Bronx","2017","11","18","14","15","41","193980","POINT (1027313.4354732882 251612.92263845773)","PELHAM PARKWAY SOUTH","Unnamed Street","Eastchester Road","EB"
"28591","Bronx","2017","11","18","14","30","50","193980","POINT (1027313.4354732882 251612.92263845773)","PELHAM PARKWAY SOUTH","Unnamed Street","Eastchester Road","EB"
"28591","Bronx","2017","11","18","14","45","47","193980","POINT (1027313.4354732882 251612.92263845773)","PELHAM PARKWAY SOUTH","Unnamed Street","Eastchester Road","EB"
"28591","Bronx","2017","11","18","15","0","43","193980","POINT (1027313.4354732882 251612.92263845773)","PELHAM PARKWAY SOUTH","Unnamed Street","Eastchester Road","EB"
"28591","Bronx","2017","11","18","15","15","41","193980","POINT (1027313.4354732882 251612.92263845773)","PELHAM PARKWAY SOUTH","Unnamed Street","Eastchester Road","EB"
"28591","Bronx","2017","11","18","15","30","32","193980","POINT (1027313.4354732882 251612.92263845773)","PELHAM PARKWAY SOUTH","Unnamed Street","Eastchester Road","EB"
"28591","Bronx","2017","11","18","15","45","35","193980","POINT (1027313.4354732882 251612.92263845773)","PELHAM PARKWAY SOUTH","Unnamed Street","Eastchester Road","EB"
"28591","Bronx","2017","11","18","16","0","38","193980","POINT (1027313.4354732882 251612.92263845773)","PELHAM PARKWAY SOUTH","Unnamed Street","Eastchester Road","EB"
"28591","Bronx","2017","11","18","16","15","41","193980","POINT (1027313.4354732882 251612.92263845773)","PELHAM PARKWAY SOUTH","Unnamed Street","Eastchester Road","EB"
"28591","Bronx","2017","11","18","16","30","43","193980","POINT (1027313.4354732882 251612.92263845773)","PELHAM PARKWAY SOUTH","Unnamed Street","Eastchester Road","EB"
"28591","Bronx","2017","11","18","16","45","48","193980","POINT (1027313.4354732882 251612.92263845773)","PELHAM PARKWAY SOUTH","Unnamed Street","Eastchester Road","EB"
"28591","Bronx","2017","11","18","17","0","35","193980","POINT (1027313.4354732882 251612.92263845773)","PELHAM PARKWAY SOUTH","Unnamed Street","Eastchester Road","EB"
"28591","Bronx","2017","11","18","17","15","48","193980","POINT (1027313.4354732882 251612.92263845773)","PELHAM PARKWAY SOUTH","Unnamed Street","Eastchester Road","EB"
"28591","Bronx","2017","11","18","17","30","39","193980","POINT (1027313.4354732882 251612.92263845773)","PELHAM PARKWAY SOUTH","Unnamed Street","Eastchester Road","EB"
"28591","Bronx","2017","11","18","17","45","27","193980","POINT (1027313.4354732882 251612.92263845773)","PELHAM PARKWAY SOUTH","Unnamed Street","Eastchester Road","EB"
"28591","Bronx","2017","11","18","18","0","31","193980","POINT (1027313.4354732882 251612.92263845773)","PELHAM PARKWAY SOUTH","Unnamed Street","Eastchester Road","EB"
"28591","Bronx","2017","11","18","18","15","38","193980","POINT (1027313.4354732882 251612.92263845773)","PELHAM PARKWAY SOUTH","Unnamed Street","Eastchester Road","EB"
"28591","Bronx","2017","11","18","18","30","36","193980","POINT (1027313.4354732882 251612.92263845773)","PELHAM PARKWAY SOUTH","Unnamed Street","Eastchester Road","EB"
"28591","Bronx","2017","11","18","18","45","30","193980","POINT (1027313.4354732882 251612.92263845773)","PELHAM PARKWAY SOUTH","Unnamed Street","Eastchester Road","EB"
"28591","Bronx","2017","11","18","19","0","45","193980","POINT (1027313.4354732882 251612.92263845773)","PELHAM PARKWAY SOUTH","Unnamed Street","Eastchester Road","EB"
"28591","Bronx","2017","11","18","19","15","33","193980","POINT (1027313.4354732882 251612.92263845773)","PELHAM PARKWAY SOUTH","Unnamed Street","Eastchester Road","EB"
"28591","Bronx","2017","11","18","19","30","24","193980","POINT (1027313.4354732882 251612.92263845773)","PELHAM PARKWAY SOUTH","Unnamed Street","Eastchester Road","EB"
"28591","Bronx","2017","11","18","19","45","31","193980","POINT (1027313.4354732882 251612.92263845773)","PELHAM PARKWAY SOUTH","Unnamed Street","Eastchester Road","EB"
"28591","Bronx","2017","11","18","20","0","27","193980","POINT (1027313.4354732882 251612.92263845773)","PELHAM PARKWAY SOUTH","Unnamed Street","Eastchester Road","EB"
"28591","Bronx","2017","11","18","20","15","33","193980","POINT (1027313.4354732882 251612.92263845773)","PELHAM PARKWAY SOUTH","Unnamed Street","Eastchester Road","EB"
"28591","Bronx","2017","11","18","20","30","23","193980","POINT (1027313.4354732882 251612.92263845773)","PELHAM PARKWAY SOUTH","Unnamed Street","Eastchester Road","EB"
"28591","Bronx","2017","11","18","20","45","20","193980","POINT (1027313.4354732882 251612.92263845773)","PELHAM PARKWAY SOUTH","Unnamed Street","Eastchester Road","EB"
"28591","Bronx","2017","11","18","21","0","36","193980","POINT (1027313.4354732882 251612.92263845773)","PELHAM PARKWAY SOUTH","Unnamed Street","Eastchester Road","EB"
"28591","Bronx","2017","11","18","21","15","36","193980","POINT (1027313.4354732882 251612.92263845773)","PELHAM PARKWAY SOUTH","Unnamed Street","Eastchester Road","EB"
"28591","Bronx","2017","11","18","21","30","24","193980","POINT (1027313.4354732882 251612.92263845773)","PELHAM PARKWAY SOUTH","Unnamed Street","Eastchester Road","EB"
"28591","Bronx","2017","11","18","21","45","23","193980","POINT (1027313.4354732882 251612.92263845773)","PELHAM PARKWAY SOUTH","Unnamed Street","Eastchester Road","EB"
"28591","Bronx","2017","11","18","22","0","24","193980","POINT (1027313.4354732882 251612.92263845773)","PELHAM PARKWAY SOUTH","Unnamed Street","Eastchester Road","EB"
"28591","Bronx","2017","11","18","22","15","31","193980","POINT (1027313.4354732882 251612.92263845773)","PELHAM PARKWAY SOUTH","Unnamed Street","Eastchester Road","EB"
"28591","Bronx","2017","11","18","22","30","29","193980","POINT (1027313.4354732882 251612.92263845773)","PELHAM PARKWAY SOUTH","Unnamed Street","Eastchester Road","EB"
"28591","Bronx","2017","11","18","22","45","25","193980","POINT (1027313.4354732882 251612.92263845773)","PELHAM PARKWAY SOUTH","Unnamed Street","Eastchester Road","EB"
"28591","Bronx","2017","11","18","23","0","27","193980","POINT (1027313.4354732882 251612.92263845773)","PELHAM PARKWAY SOUTH","Unnamed Street","Eastchester Road","EB"
"28591","Bronx","2017","11","18","23","15","12","193980","POINT (1027313.4354732882 251612.92263845773)","PELHAM PARKWAY SOUTH","Unnamed Street","Eastchester Road","EB"
"28591","Bronx","2017","11","18","23","30","19","193980","POINT (1027313.4354732882 251612.92263845773)","PELHAM PARKWAY SOUTH","Unnamed Street","Eastchester Road","EB"
"28591","Bronx","2017","11","18","23","45","16","193980","POINT (1027313.4354732882 251612.92263845773)","PELHAM PARKWAY SOUTH","Unnamed Street","Eastchester Road","EB"
"28591","Bronx","2017","11","19","0","0","18","193980","POINT (1027313.4354732882 251612.92263845773)","PELHAM PARKWAY SOUTH","Unnamed Street","Eastchester Road","EB"
"28591","Bronx","2017","11","19","0","15","9","193980","POINT (1027313.4354732882 251612.92263845773)","PELHAM PARKWAY SOUTH","Unnamed Street","Eastchester Road","EB"
"28591","Bronx","2017","11","19","0","30","7","193980","POINT (1027313.4354732882 251612.92263845773)","PELHAM PARKWAY SOUTH","Unnamed Street","Eastchester Road","EB"
"28591","Bronx","2017","11","19","0","45","11","193980","POINT (1027313.4354732882 251612.92263845773)","PELHAM PARKWAY SOUTH","Unnamed Street","Eastchester Road","EB"
"28591","Bronx","2017","11","19","1","0","8","193980","POINT (1027313.4354732882 251612.92263845773)","PELHAM PARKWAY SOUTH","Unnamed Street","Eastchester Road","EB"
"28591","Bronx","2017","11","19","1","15","11","193980","POINT (1027313.4354732882 251612.92263845773)","PELHAM PARKWAY SOUTH","Unnamed Street","Eastchester Road","EB"
"28591","Bronx","2017","11","19","1","30","6","193980","POINT (1027313.4354732882 251612.92263845773)","PELHAM PARKWAY SOUTH","Unnamed Street","Eastchester Road","EB"
"28591","Bronx","2017","11","19","1","45","10","193980","POINT (1027313.4354732882 251612.92263845773)","PELHAM PARKWAY SOUTH","Unnamed Street","Eastchester Road","EB"
"28591","Bronx","2017","11","19","2","0","10","193980","POINT (1027313.4354732882 251612.92263845773)","PELHAM PARKWAY SOUTH","Unnamed Street","Eastchester Road","EB"
"28591","Bronx","2017","11","19","2","15","4","193980","POINT (1027313.4354732882 251612.92263845773)","PELHAM PARKWAY SOUTH","Unnamed Street","Eastchester Road","EB"
"28591","Bronx","2017","11","19","2","30","5","193980","POINT (1027313.4354732882 251612.92263845773)","PELHAM PARKWAY SOUTH","Unnamed Street","Eastchester Road","EB"
"28591","Bronx","2017","11","19","2","45","7","193980","POINT (1027313.4354732882 251612.92263845773)","PELHAM PARKWAY SOUTH","Unnamed Street","Eastchester Road","EB"
"28591","Bronx","2017","11","19","3","0","2","193980","POINT (1027313.4354732882 251612.92263845773)","PELHAM PARKWAY SOUTH","Unnamed Street","Eastchester Road","EB"
"28591","Bronx","2017","11","19","3","15","6","193980","POINT (1027313.4354732882 251612.92263845773)","PELHAM PARKWAY SOUTH","Unnamed Street","Eastchester Road","EB"
"28591","Bronx","2017","11","19","3","30","7","193980","POINT (1027313.4354732882 251612.92263845773)","PELHAM PARKWAY SOUTH","Unnamed Street","Eastchester Road","EB"
"28591","Bronx","2017","11","19","3","45","13","193980","POINT (1027313.4354732882 251612.92263845773)","PELHAM PARKWAY SOUTH","Unnamed Street","Eastchester Road","EB"
"28591","Bronx","2017","11","19","4","0","9","193980","POINT (1027313.4354732882 251612.92263845773)","PELHAM PARKWAY SOUTH","Unnamed Street","Eastchester Road","EB"
"28591","Bronx","2017","11","19","4","15","8","193980","POINT (1027313.4354732882 251612.92263845773)","PELHAM PARKWAY SOUTH","Unnamed Street","Eastchester Road","EB"
"28591","Bronx","2017","11","19","4","30","6","193980","POINT (1027313.4354732882 251612.92263845773)","PELHAM PARKWAY SOUTH","Unnamed Street","Eastchester Road","EB"
"28591","Bronx","2017","11","19","4","45","8","193980","POINT (1027313.4354732882 251612.92263845773)","PELHAM PARKWAY SOUTH","Unnamed Street","Eastchester Road","EB"
"28591","Bronx","2017","11","19","5","0","7","193980","POINT (1027313.4354732882 251612.92263845773)","PELHAM PARKWAY SOUTH","Unnamed Street","Eastchester Road","EB"
"28591","Bronx","2017","11","19","5","15","6","193980","POINT (1027313.4354732882 251612.92263845773)","PELHAM PARKWAY SOUTH","Unnamed Street","Eastchester Road","EB"
"28591","Bronx","2017","11","19","5","30","8","193980","POINT (1027313.4354732882 251612.92263845773)","PELHAM PARKWAY SOUTH","Unnamed Street","Eastchester Road","EB"
"28591","Bronx","2017","11","19","5","45","11","193980","POINT (1027313.4354732882 251612.92263845773)","PELHAM PARKWAY SOUTH","Unnamed Street","Eastchester Road","EB"
"28591","Bronx","2017","11","19","6","0","8","193980","POINT (1027313.4354732882 251612.92263845773)","PELHAM PARKWAY SOUTH","Unnamed Street","Eastchester Road","EB"
"28591","Bronx","2017","11","19","6","15","18","193980","POINT (1027313.4354732882 251612.92263845773)","PELHAM PARKWAY SOUTH","Unnamed Street","Eastchester Road","EB"
"28591","Bronx","2017","11","19","6","30","21","193980","POINT (1027313.4354732882 251612.92263845773)","PELHAM PARKWAY SOUTH","Unnamed Street","Eastchester Road","EB"
"28591","Bronx","2017","11","19","6","45","23","193980","POINT (1027313.4354732882 251612.92263845773)","PELHAM PARKWAY SOUTH","Unnamed Street","Eastchester Road","EB"
"28591","Bronx","2017","11","19","7","0","28","193980","POINT (1027313.4354732882 251612.92263845773)","PELHAM PARKWAY SOUTH","Unnamed Street","Eastchester Road","EB"
"28591","Bronx","2017","11","19","7","15","16","193980","POINT (1027313.4354732882 251612.92263845773)","PELHAM PARKWAY SOUTH","Unnamed Street","Eastchester Road","EB"
"28591","Bronx","2017","11","19","7","30","13","193980","POINT (1027313.4354732882 251612.92263845773)","PELHAM PARKWAY SOUTH","Unnamed Street","Eastchester Road","EB"
"28591","Bronx","2017","11","19","7","45","14","193980","POINT (1027313.4354732882 251612.92263845773)","PELHAM PARKWAY SOUTH","Unnamed Street","Eastchester Road","EB"
"28591","Bronx","2017","11","19","8","0","19","193980","POINT (1027313.4354732882 251612.92263845773)","PELHAM PARKWAY SOUTH","Unnamed Street","Eastchester Road","EB"
"28591","Bronx","2017","11","19","8","15","15","193980","POINT (1027313.4354732882 251612.92263845773)","PELHAM PARKWAY SOUTH","Unnamed Street","Eastchester Road","EB"
"28591","Bronx","2017","11","19","8","30","17","193980","POINT (1027313.4354732882 251612.92263845773)","PELHAM PARKWAY SOUTH","Unnamed Street","Eastchester Road","EB"
"28591","Bronx","2017","11","19","8","45","17","193980","POINT (1027313.4354732882 251612.92263845773)","PELHAM PARKWAY SOUTH","Unnamed Street","Eastchester Road","EB"
"28591","Bronx","2017","11","19","9","0","13","193980","POINT (1027313.4354732882 251612.92263845773)","PELHAM PARKWAY SOUTH","Unnamed Street","Eastchester Road","EB"
"28591","Bronx","2017","11","19","9","15","17","193980","POINT (1027313.4354732882 251612.92263845773)","PELHAM PARKWAY SOUTH","Unnamed Street","Eastchester Road","EB"
"28591","Bronx","2017","11","19","9","30","16","193980","POINT (1027313.4354732882 251612.92263845773)","PELHAM PARKWAY SOUTH","Unnamed Street","Eastchester Road","EB"
"28591","Bronx","2017","11","19","9","45","18","193980","POINT (1027313.4354732882 251612.92263845773)","PELHAM PARKWAY SOUTH","Unnamed Street","Eastchester Road","EB"
"28591","Bronx","2017","11","19","10","0","20","193980","POINT (1027313.4354732882 251612.92263845773)","PELHAM PARKWAY SOUTH","Unnamed Street","Eastchester Road","EB"
"28591","Bronx","2017","11","19","10","15","23","193980","POINT (1027313.4354732882 251612.92263845773)","PELHAM PARKWAY SOUTH","Unnamed Street","Eastchester Road","EB"
"28591","Bronx","2017","11","19","10","30","20","193980","POINT (1027313.4354732882 251612.92263845773)","PELHAM PARKWAY SOUTH","Unnamed Street","Eastchester Road","EB"
"28591","Bronx","2017","11","19","10","45","23","193980","POINT (1027313.4354732882 251612.92263845773)","PELHAM PARKWAY SOUTH","Unnamed Street","Eastchester Road","EB"
"28591","Bronx","2017","11","19","11","0","25","193980","POINT (1027313.4354732882 251612.92263845773)","PELHAM PARKWAY SOUTH","Unnamed Street","Eastchester Road","EB"
"28591","Bronx","2017","11","19","11","15","22","193980","POINT (1027313.4354732882 251612.92263845773)","PELHAM PARKWAY SOUTH","Unnamed Street","Eastchester Road","EB"
"28591","Bronx","2017","11","19","11","30","21","193980","POINT (1027313.4354732882 251612.92263845773)","PELHAM PARKWAY SOUTH","Unnamed Street","Eastchester Road","EB"
"28591","Bronx","2017","11","19","11","45","24","193980","POINT (1027313.4354732882 251612.92263845773)","PELHAM PARKWAY SOUTH","Unnamed Street","Eastchester Road","EB"
"28591","Bronx","2017","11","19","12","0","46","193980","POINT (1027313.4354732882 251612.92263845773)","PELHAM PARKWAY SOUTH","Unnamed Street","Eastchester Road","EB"
"28591","Bronx","2017","11","19","12","15","39","193980","POINT (1027313.4354732882 251612.92263845773)","PELHAM PARKWAY SOUTH","Unnamed Street","Eastchester Road","EB"
"28591","Bronx","2017","11","19","12","30","33","193980","POINT (1027313.4354732882 251612.92263845773)","PELHAM PARKWAY SOUTH","Unnamed Street","Eastchester Road","EB"
"28591","Bronx","2017","11","19","12","45","34","193980","POINT (1027313.4354732882 251612.92263845773)","PELHAM PARKWAY SOUTH","Unnamed Street","Eastchester Road","EB"
"28591","Bronx","2017","11","19","13","0","48","193980","POINT (1027313.4354732882 251612.92263845773)","PELHAM PARKWAY SOUTH","Unnamed Street","Eastchester Road","EB"
"28591","Bronx","2017","11","19","13","15","42","193980","POINT (1027313.4354732882 251612.92263845773)","PELHAM PARKWAY SOUTH","Unnamed Street","Eastchester Road","EB"
"28591","Bronx","2017","11","19","13","30","51","193980","POINT (1027313.4354732882 251612.92263845773)","PELHAM PARKWAY SOUTH","Unnamed Street","Eastchester Road","EB"
"28591","Bronx","2017","11","19","13","45","31","193980","POINT (1027313.4354732882 251612.92263845773)","PELHAM PARKWAY SOUTH","Unnamed Street","Eastchester Road","EB"
"28591","Bronx","2017","11","19","14","0","36","193980","POINT (1027313.4354732882 251612.92263845773)","PELHAM PARKWAY SOUTH","Unnamed Street","Eastchester Road","EB"
"28591","Bronx","2017","11","19","14","15","48","193980","POINT (1027313.4354732882 251612.92263845773)","PELHAM PARKWAY SOUTH","Unnamed Street","Eastchester Road","EB"
"28591","Bronx","2017","11","19","14","30","53","193980","POINT (1027313.4354732882 251612.92263845773)","PELHAM PARKWAY SOUTH","Unnamed Street","Eastchester Road","EB"
"28591","Bronx","2017","11","19","14","45","40","193980","POINT (1027313.4354732882 251612.92263845773)","PELHAM PARKWAY SOUTH","Unnamed Street","Eastchester Road","EB"
"28591","Bronx","2017","11","19","15","0","53","193980","POINT (1027313.4354732882 251612.92263845773)","PELHAM PARKWAY SOUTH","Unnamed Street","Eastchester Road","EB"
"28591","Bronx","2017","11","19","15","15","51","193980","POINT (1027313.4354732882 251612.92263845773)","PELHAM PARKWAY SOUTH","Unnamed Street","Eastchester Road","EB"
"38806","Bronx","2025","4","23","15","30","122","121191","POINT (1027665.023724627 252215.4987771446)","EASTCHESTER ROAD","Pelham Parkway North","Dead end","NB"
"38806","Bronx","2025","4","23","15","45","139","121191","POINT (1027665.023724627 252215.4987771446)","EASTCHESTER ROAD","Pelham Parkway North","Dead end","NB"
"38806","Bronx","2025","4","23","16","0","138","121191","POINT (1027665.023724627 252215.4987771446)","EASTCHESTER ROAD","Pelham Parkway North","Dead end","NB"
"38806","Bronx","2025","4","23","16","15","150","121191","POINT (1027665.023724627 252215.4987771446)","EASTCHESTER ROAD","Pelham Parkway North","Dead end","NB"
"38806","Bronx","2025","4","23","16","30","135","121191","POINT (1027665.023724627 252215.4987771446)","EASTCHESTER ROAD","Pelham Parkway North","Dead end","NB"
"38806","Bronx","2025","4","23","16","45","152","121191","POINT (1027665.023724627 252215.4987771446)","EASTCHESTER ROAD","Pelham Parkway North","Dead end","NB"
"38806","Bronx","2025","4","23","17","0","131","121191","POINT (1027665.023724627 252215.4987771446)","EASTCHESTER ROAD","Pelham Parkway North","Dead end","NB"
"38806","Bronx","2025","4","23","17","15","105","121191","POINT (1027665.023724627 252215.4987771446)","EASTCHESTER ROAD","Pelham Parkway North","Dead end","NB"
"38806","Bronx","2025","4","23","17","30","115","121191","POINT (1027665.023724627 252215.4987771446)","EASTCHESTER ROAD","Pelham Parkway North","Dead end","NB"
"38806","Bronx","2025","4","23","17","45","161","121191","POINT (1027665.023724627 252215.4987771446)","EASTCHESTER ROAD","Pelham Parkway North","Dead end","NB"
"38806","Bronx","2025","4","23","18","0","114","121191","POINT (1027665.023724627 252215.4987771446)","EASTCHESTER ROAD","Pelham Parkway North","Dead end","NB"
"38806","Bronx","2025","4","23","18","15","116","121191","POINT (1027665.023724627 252215.4987771446)","EASTCHESTER ROAD","Pelham Parkway North","Dead end","NB"
"38806","Bronx","2025","4","23","18","30","106","121191","POINT (1027665.023724627 252215.4987771446)","EASTCHESTER ROAD","Pelham Parkway North","Dead end","NB"
"38806","Bronx","2025","4","23","18","45","103","121191","POINT (1027665.023724627 252215.4987771446)","EASTCHESTER ROAD","Pelham Parkway North","Dead end","NB"
"38806","Bronx","2025","4","23","19","0","89","121191","POINT (1027665.023724627 252215.4987771446)","EASTCHESTER ROAD","Pelham Parkway North","Dead end","NB"
"38806","Bronx","2025","4","23","19","15","76","121191","POINT (1027665.023724627 252215.4987771446)","EASTCHESTER ROAD","Pelham Parkway North","Dead end","NB"
"38806","Bronx","2025","4","23","19","30","92","121191","POINT (1027665.023724627 252215.4987771446)","EASTCHESTER ROAD","Pelham Parkway North","Dead end","NB"
"38806","Bronx","2025","4","23","19","45","91","121191","POINT (1027665.023724627 252215.4987771446)","EASTCHESTER ROAD","Pelham Parkway North","Dead end","NB"
"38806","Bronx","2025","4","23","20","0","79","121191","POINT (1027665.023724627 252215.4987771446)","EASTCHESTER ROAD","Pelham Parkway North","Dead end","NB"
"38806","Bronx","2025","4","23","20","15","79","121191","POINT (1027665.023724627 252215.4987771446)","EASTCHESTER ROAD","Pelham Parkway North","Dead end","NB"
"38806","Bronx","2025","4","23","20","30","58","121191","POINT (1027665.023724627 252215.4987771446)","EASTCHESTER ROAD","Pelham Parkway North","Dead end","NB"
"38806","Bronx","2025","4","23","20","45","51","121191","POINT (1027665.023724627 252215.4987771446)","EASTCHESTER ROAD","Pelham Parkway North","Dead end","NB"
"38806","Bronx","2025","4","23","21","0","38","121191","POINT (1027665.023724627 252215.4987771446)","EASTCHESTER ROAD","Pelham Parkway North","Dead end","NB"
"38806","Bronx","2025","4","23","21","15","49","121191","POINT (1027665.023724627 252215.4987771446)","EASTCHESTER ROAD","Pelham Parkway North","Dead end","NB"
"38806","Bronx","2025","4","23","21","30","49","121191","POINT (1027665.023724627 252215.4987771446)","EASTCHESTER ROAD","Pelham Parkway North","Dead end","NB"
"38806","Bronx","2025","4","23","21","45","51","121191","POINT (1027665.023724627 252215.4987771446)","EASTCHESTER ROAD","Pelham Parkway North","Dead end","NB"
"38806","Bronx","2025","4","23","22","0","38","121191","POINT (1027665.023724627 252215.4987771446)","EASTCHESTER ROAD","Pelham Parkway North","Dead end","NB"
"38806","Bronx","2025","4","23","22","15","32","121191","POINT (1027665.023724627 252215.4987771446)","EASTCHESTER ROAD","Pelham Parkway North","Dead end","NB"
"38806","Bronx","2025","4","23","22","30","39","121191","POINT (1027665.023724627 252215.4987771446)","EASTCHESTER ROAD","Pelham Parkway North","Dead end","NB"
"38806","Bronx","2025","4","23","22","45","35","121191","POINT (1027665.023724627 252215.4987771446)","EASTCHESTER ROAD","Pelham Parkway North","Dead end","NB"
"38806","Bronx","2025","4","23","23","0","49","121191","POINT (1027665.023724627 252215.4987771446)","EASTCHESTER ROAD","Pelham Parkway North","Dead end","NB"
"38806","Bronx","2025","4","23","23","15","51","121191","POINT (1027665.023724627 252215.4987771446)","EASTCHESTER ROAD","Pelham Parkway North","Dead end","NB"
"38806","Bronx","2025","4","23","23","30","43","121191","POINT (1027665.023724627 252215.4987771446)","EASTCHESTER ROAD","Pelham Parkway North","Dead end","NB"
"38806","Bronx","2025","4","23","23","45","31","121191","POINT (1027665.023724627 252215.4987771446)","EASTCHESTER ROAD","Pelham Parkway North","Dead end","NB"
"38806","Bronx","2025","4","24","0","0","23","121191","POINT (1027665.023724627 252215.4987771446)","EASTCHESTER ROAD","Pelham Parkway North","Dead end","NB"
"38806","Bronx","2025","4","24","0","15","27","121191","POINT (1027665.023724627 252215.4987771446)","EASTCHESTER ROAD","Pelham Parkway North","Dead end","NB"
"38806","Bronx","2025","4","24","0","30","20","121191","POINT (1027665.023724627 252215.4987771446)","EASTCHESTER ROAD","Pelham Parkway North","Dead end","NB"
"38806","Bronx","2025","4","24","0","45","14","121191","POINT (1027665.023724627 252215.4987771446)","EASTCHESTER ROAD","Pelham Parkway North","Dead end","NB"
"38806","Bronx","2025","4","24","1","0","11","121191","POINT (1027665.023724627 252215.4987771446)","EASTCHESTER ROAD","Pelham Parkway North","Dead end","NB"
"38806","Bronx","2025","4","24","1","15","14","121191","POINT (1027665.023724627 252215.4987771446)","EASTCHESTER ROAD","Pelham Parkway North","Dead end","NB"
"38806","Bronx","2025","4","24","1","30","5","121191","POINT (1027665.023724627 252215.4987771446)","EASTCHESTER ROAD","Pelham Parkway North","Dead end","NB"
"38806","Bronx","2025","4","24","1","45","9","121191","POINT (1027665.023724627 252215.4987771446)","EASTCHESTER ROAD","Pelham Parkway North","Dead end","NB"
"38806","Bronx","2025","4","24","2","0","7","121191","POINT (1027665.023724627 252215.4987771446)","EASTCHESTER ROAD","Pelham Parkway North","Dead end","NB"
"38806","Bronx","2025","4","24","2","15","4","121191","POINT (1027665.023724627 252215.4987771446)","EASTCHESTER ROAD","Pelham Parkway North","Dead end","NB"
"38806","Bronx","2025","4","24","2","30","3","121191","POINT (1027665.023724627 252215.4987771446)","EASTCHESTER ROAD","Pelham Parkway North","Dead end","NB"
"38806","Bronx","2025","4","24","2","45","7","121191","POINT (1027665.023724627 252215.4987771446)","EASTCHESTER ROAD","Pelham Parkway North","Dead end","NB"
"38806","Bronx","2025","4","24","3","0","4","121191","POINT (1027665.023724627 252215.4987771446)","EASTCHESTER ROAD","Pelham Parkway North","Dead end","NB"
"38806","Bronx","2025","4","24","3","15","10","121191","POINT (1027665.023724627 252215.4987771446)","EASTCHESTER ROAD","Pelham Parkway North","Dead end","NB"
"38806","Bronx","2025","4","24","3","30","4","121191","POINT (1027665.023724627 252215.4987771446)","EASTCHESTER ROAD","Pelham Parkway North","Dead end","NB"
"38806","Bronx","2025","4","24","3","45","7","121191","POINT (1027665.023724627 252215.4987771446)","EASTCHESTER ROAD","Pelham Parkway North","Dead end","NB"
"38806","Bronx","2025","4","24","4","0","5","121191","POINT (1027665.023724627 252215.4987771446)","EASTCHESTER ROAD","Pelham Parkway North","Dead end","NB"
"38806","Bronx","2025","4","24","4","15","7","121191","POINT (1027665.023724627 252215.4987771446)","EASTCHESTER ROAD","Pelham Parkway North","Dead end","NB"
"38806","Bronx","2025","4","24","4","30","6","121191","POINT (1027665.023724627 252215.4987771446)","EASTCHESTER ROAD","Pelham Parkway North","Dead end","NB"
"38806","Bronx","2025","4","24","4","45","9","121191","POINT (1027665.023724627 252215.4987771446)","EASTCHESTER ROAD","Pelham Parkway North","Dead end","NB"
"38806","Bronx","2025","4","24","5","0","13","121191","POINT (1027665.023724627 252215.4987771446)","EASTCHESTER ROAD","Pelham Parkway North","Dead end","NB"
"38806","Bronx","2025","4","24","5","15","19","121191","POINT (1027665.023724627 252215.4987771446)","EASTCHESTER ROAD","Pelham Parkway North","Dead end","NB"
"38806","Bronx","2025","4","24","5","30","35","121191","POINT (1027665.023724627 252215.4987771446)","EASTCHESTER ROAD","Pelham Parkway North","Dead end","NB"
"38806","Bronx","2025","4","24","5","45","46","121191","POINT (1027665.023724627 252215.4987771446)","EASTCHESTER ROAD","Pelham Parkway North","Dead end","NB"
"38806","Bronx","2025","4","24","6","0","49","121191","POINT (1027665.023724627 252215.4987771446)","EASTCHESTER ROAD","Pelham Parkway North","Dead end","NB"
"38806","Bronx","2025","4","24","6","15","55","121191","POINT (1027665.023724627 252215.4987771446)","EASTCHESTER ROAD","Pelham Parkway North","Dead end","NB"
"38806","Bronx","2025","4","24","6","30","59","121191","POINT (1027665.023724627 252215.4987771446)","EASTCHESTER ROAD","Pelham Parkway North","Dead end","NB"
"38806","Bronx","2025","4","24","6","45","64","121191","POINT (1027665.023724627 252215.4987771446)","EASTCHESTER ROAD","Pelham Parkway North","Dead end","NB"
"38806","Bronx","2025","4","24","7","0","76","121191","POINT (1027665.023724627 252215.4987771446)","EASTCHESTER ROAD","Pelham Parkway North","Dead end","NB"
"38806","Bronx","2025","4","24","7","15","84","121191","POINT (1027665.023724627 252215.4987771446)","EASTCHESTER ROAD","Pelham Parkway North","Dead end","NB"
"38806","Bronx","2025","4","24","7","30","121","121191","POINT (1027665.023724627 252215.4987771446)","EASTCHESTER ROAD","Pelham Parkway North","Dead end","NB"
"38806","Bronx","2025","4","24","7","45","127","121191","POINT (1027665.023724627 252215.4987771446)","EASTCHESTER ROAD","Pelham Parkway North","Dead end","NB"
"38806","Bronx","2025","4","24","8","0","145","121191","POINT (1027665.023724627 252215.4987771446)","EASTCHESTER ROAD","Pelham Parkway North","Dead end","NB"
"38806","Bronx","2025","4","24","8","15","119","121191","POINT (1027665.023724627 252215.4987771446)","EASTCHESTER ROAD","Pelham Parkway North","Dead end","NB"
"38806","Bronx","2025","4","24","8","30","121","121191","POINT (1027665.023724627 252215.4987771446)","EASTCHESTER ROAD","Pelham Parkway North","Dead end","NB"
"38806","Bronx","2025","4","24","8","45","117","121191","POINT (1027665.023724627 252215.4987771446)","EASTCHESTER ROAD","Pelham Parkway North","Dead end","NB"
"38806","Bronx","2025","4","24","9","0","124","121191","POINT (1027665.023724627 252215.4987771446)","EASTCHESTER ROAD","Pelham Parkway North","Dead end","NB"
"38806","Bronx","2025","4","24","9","15","108","121191","POINT (1027665.023724627 252215.4987771446)","EASTCHESTER ROAD","Pelham Parkway North","Dead end","NB"
"38806","Bronx","2025","4","24","9","30","120","121191","POINT (1027665.023724627 252215.4987771446)","EASTCHESTER ROAD","Pelham Parkway North","Dead end","NB"
"38806","Bronx","2025","4","24","9","45","123","121191","POINT (1027665.023724627 252215.4987771446)","EASTCHESTER ROAD","Pelham Parkway North","Dead end","NB"
"38806","Bronx","2025","4","24","10","0","144","121191","POINT (1027665.023724627 252215.4987771446)","EASTCHESTER ROAD","Pelham Parkway North","Dead end","NB"
"38806","Bronx","2025","4","24","10","15","115","121191","POINT (1027665.023724627 252215.4987771446)","EASTCHESTER ROAD","Pelham Parkway North","Dead end","NB"
"38806","Bronx","2025","4","24","10","30","117","121191","POINT (1027665.023724627 252215.4987771446)","EASTCHESTER ROAD","Pelham Parkway North","Dead end","NB"
"38806","Bronx","2025","4","24","10","45","113","121191","POINT (1027665.023724627 252215.4987771446)","EASTCHESTER ROAD","Pelham Parkway North","Dead end","NB"
"38806","Bronx","2025","4","24","11","0","117","121191","POINT (1027665.023724627 252215.4987771446)","EASTCHESTER ROAD","Pelham Parkway North","Dead end","NB"
"38806","Bronx","2025","4","24","11","15","127","121191","POINT (1027665.023724627 252215.4987771446)","EASTCHESTER ROAD","Pelham Parkway North","Dead end","NB"
"38806","Bronx","2025","4","24","11","30","115","121191","POINT (1027665.023724627 252215.4987771446)","EASTCHESTER ROAD","Pelham Parkway North","Dead end","NB"
"38806","Bronx","2025","4","24","11","45","140","121191","POINT (1027665.023724627 252215.4987771446)","EASTCHESTER ROAD","Pelham Parkway North","Dead end","NB"
"38806","Bronx","2025","4","24","12","0","131","121191","POINT (1027665.023724627 252215.4987771446)","EASTCHESTER ROAD","Pelham Parkway North","Dead end","NB"
"38806","Bronx","2025","4","24","12","15","106","121191","POINT (1027665.023724627 252215.4987771446)","EASTCHESTER ROAD","Pelham Parkway North","Dead end","NB"
"38806","Bronx","2025","4","24","12","30","112","121191","POINT (1027665.023724627 252215.4987771446)","EASTCHESTER ROAD","Pelham Parkway North","Dead end","NB"
"38806","Bronx","2025","4","24","12","45","130","121191","POINT (1027665.023724627 252215.4987771446)","EASTCHESTER ROAD","Pelham Parkway North","Dead end","NB"
"38806","Bronx","2025","4","24","13","0","124","121191","POINT (1027665.023724627 252215.4987771446)","EASTCHESTER ROAD","Pelham Parkway North","Dead end","NB"
"38806","Bronx","2025","4","24","13","15","110","121191","POINT (1027665.023724627 252215.4987771446)","EASTCHESTER ROAD","Pelham Parkway North","Dead end","NB"
"38806","Bronx","2025","4","24","13","30","143","121191","POINT (1027665.023724627 252215.4987771446)","EASTCHESTER ROAD","Pelham Parkway North","Dead end","NB"
"38806","Bronx","2025","4","24","13","45","128","121191","POINT (1027665.023724627 252215.4987771446)","EASTCHESTER ROAD","Pelham Parkway North","Dead end","NB"
"38806","Bronx","2025","4","24","14","0","126","121191","POINT (1027665.023724627 252215.4987771446)","EASTCHESTER ROAD","Pelham Parkway North","Dead end","NB"
"38806","Bronx","2025","4","24","14","15","116","121191","POINT (1027665.023724627 252215.4987771446)","EASTCHESTER ROAD","Pelham Parkway North","Dead end","NB"
"38806","Bronx","2025","4","24","14","30","130","121191","POINT (1027665.023724627 252215.4987771446)","EASTCHESTER ROAD","Pelham Parkway North","Dead end","NB"
"38806","Bronx","2025","4","24","14","45","161","121191","POINT (1027665.023724627 252215.4987771446)","EASTCHESTER ROAD","Pelham Parkway North","Dead end","NB"
"38806","Bronx","2025","4","24","15","0","135","121191","POINT (1027665.023724627 252215.4987771446)","EASTCHESTER ROAD","Pelham Parkway North","Dead end","NB"
"38806","Bronx","2025","4","24","15","15","146","121191","POINT (1027665.023724627 252215.4987771446)","EASTCHESTER ROAD","Pelham Parkway North","Dead end","NB"
"38806","Bronx","2025","4","24","15","30","140","121191","POINT (1027665.023724627 252215.4987771446)","EASTCHESTER ROAD","Pelham Parkway North","Dead end","NB"
"38806","Bronx","2025","4","24","15","45","128","121191","POINT (1027665.023724627 252215.4987771446)","EASTCHESTER ROAD","Pelham Parkway North","Dead end","NB"
"38806","Bronx","2025","4","24","16","0","152","121191","POINT (1027665.023724627 252215.4987771446)","EASTCHESTER ROAD","Pelham Parkway North","Dead end","NB"
"38806","Bronx","2025","4","24","16","15","152","121191","POINT (1027665.023724627 252215.4987771446)","EASTCHESTER ROAD","Pelham Parkway North","Dead end","NB"
"38806","Bronx","2025","4","24","16","30","147","121191","POINT (1027665.023724627 252215.4987771446)","EASTCHESTER ROAD","Pelham Parkway North","Dead end","NB"
"38806","Bronx","2025","4","24","16","45","143","121191","POINT (1027665.023724627 252215.4987771446)","EASTCHESTER ROAD","Pelham Parkway North","Dead end","NB"
"38806","Bronx","2025","4","24","17","0","122","121191","POINT (1027665.023724627 252215.4987771446)","EASTCHESTER ROAD","Pelham Parkway North","Dead end","NB"
"38806","Bronx","2025","4","24","17","15","131","121191","POINT (1027665.023724627 252215.4987771446)","EASTCHESTER ROAD","Pelham Parkway North","Dead end","NB"
"38806","Bronx","2025","4","24","17","30","151","121191","POINT (1027665.023724627 252215.4987771446)","EASTCHESTER ROAD","Pelham Parkway North","Dead end","NB"
"36179","Bronx","2023","3","29","20","15","1107","154912","POINT (1016664.2492639996 244818.1278910884)","CROSS BRONX EXPRESSWAY","Cross Bronx Expwy Et 4 A Eb","Dead end","EB"
"36179","Bronx","2023","3","29","20","30","994","154912","POINT (1016664.2492639996 244818.1278910884)","CROSS BRONX EXPRESSWAY","Cross Bronx Expwy Et 4 A Eb","Dead end","EB"
"36179","Bronx","2023","3","29","20","45","1059","154912","POINT (1016664.2492639996 244818.1278910884)","CROSS BRONX EXPRESSWAY","Cross Bronx Expwy Et 4 A Eb","Dead end","EB"
"36179","Bronx","2023","3","29","21","0","1020","154912","POINT (1016664.2492639996 244818.1278910884)","CROSS BRONX EXPRESSWAY","Cross Bronx Expwy Et 4 A Eb","Dead end","EB"
"36179","Bronx","2023","3","29","21","15","881","154912","POINT (1016664.2492639996 244818.1278910884)","CROSS BRONX EXPRESSWAY","Cross Bronx Expwy Et 4 A Eb","Dead end","EB"
"36179","Bronx","2023","3","29","21","30","845","154912","POINT (1016664.2492639996 244818.1278910884)","CROSS BRONX EXPRESSWAY","Cross Bronx Expwy Et 4 A Eb","Dead end","EB"
"36179","Bronx","2023","3","29","21","45","839","154912","POINT (1016664.2492639996 244818.1278910884)","CROSS BRONX EXPRESSWAY","Cross Bronx Expwy Et 4 A Eb","Dead end","EB"
"36179","Bronx","2023","3","29","22","0","860","154912","POINT (1016664.2492639996 244818.1278910884)","CROSS BRONX EXPRESSWAY","Cross Bronx Expwy Et 4 A Eb","Dead end","EB"
"36179","Bronx","2023","3","29","22","15","697","154912","POINT (1016664.2492639996 244818.1278910884)","CROSS BRONX EXPRESSWAY","Cross Bronx Expwy Et 4 A Eb","Dead end","EB"
"36179","Bronx","2023","3","29","22","30","771","154912","POINT (1016664.2492639996 244818.1278910884)","CROSS BRONX EXPRESSWAY","Cross Bronx Expwy Et 4 A Eb","Dead end","EB"
"36179","Bronx","2023","3","29","22","45","805","154912","POINT (1016664.2492639996 244818.1278910884)","CROSS BRONX EXPRESSWAY","Cross Bronx Expwy Et 4 A Eb","Dead end","EB"
"36179","Bronx","2023","3","29","23","0","793","154912","POINT (1016664.2492639996 244818.1278910884)","CROSS BRONX EXPRESSWAY","Cross Bronx Expwy Et 4 A Eb","Dead end","EB"
"36179","Bronx","2023","3","29","23","15","755","154912","POINT (1016664.2492639996 244818.1278910884)","CROSS BRONX EXPRESSWAY","Cross Bronx Expwy Et 4 A Eb","Dead end","EB"
"36179","Bronx","2023","3","29","23","30","724","154912","POINT (1016664.2492639996 244818.1278910884)","CROSS BRONX EXPRESSWAY","Cross Bronx Expwy Et 4 A Eb","Dead end","EB"
"36179","Bronx","2023","3","29","23","45","675","154912","POINT (1016664.2492639996 244818.1278910884)","CROSS BRONX EXPRESSWAY","Cross Bronx Expwy Et 4 A Eb","Dead end","EB"
"7482","Bronx","2008","4","25","14","0","978","154935","POINT (1016167.7 239018.9)","E/B EASTERN BLVD BRIDGE@BRONX RIVER AVE","BRUCKNER EXWY","BODY OF WATER","EB"
"7482","Bronx","2008","4","25","15","0","1241","154935","POINT (1016167.7 239018.9)","E/B EASTERN BLVD BRIDGE@BRONX RIVER AVE","BRUCKNER EXWY","BODY OF WATER","EB"
"7482","Bronx","2008","4","25","16","0","1290","154935","POINT (1016167.7 239018.9)","E/B EASTERN BLVD BRIDGE@BRONX RIVER AVE","BRUCKNER EXWY","BODY OF WATER","EB"
"7482","Bronx","2008","4","25","17","0","1250","154935","POINT (1016167.7 239018.9)","E/B EASTERN BLVD BRIDGE@BRONX RIVER AVE","BRUCKNER EXWY","BODY OF WATER","EB"
"7482","Bronx","2008","4","25","18","0","794","154935","POINT (1016167.7 239018.9)","E/B EASTERN BLVD BRIDGE@BRONX RIVER AVE","BRUCKNER EXWY","BODY OF WATER","EB"
"7482","Bronx","2008","4","25","19","0","520","154935","POINT (1016167.7 239018.9)","E/B EASTERN BLVD BRIDGE@BRONX RIVER AVE","BRUCKNER EXWY","BODY OF WATER","EB"
"7482","Bronx","2008","4","25","20","0","364","154935","POINT (1016167.7 239018.9)","E/B EASTERN BLVD BRIDGE@BRONX RIVER AVE","BRUCKNER EXWY","BODY OF WATER","EB"
"7482","Bronx","2008","4","25","21","0","327","154935","POINT (1016167.7 239018.9)","E/B EASTERN BLVD BRIDGE@BRONX RIVER AVE","BRUCKNER EXWY","BODY OF WATER","EB"
"7482","Bronx","2008","4","25","22","0","248","154935","POINT (1016167.7 239018.9)","E/B EASTERN BLVD BRIDGE@BRONX RIVER AVE","BRUCKNER EXWY","BODY OF WATER","EB"
"7482","Bronx","2008","4","25","23","0","238","154935","POINT (1016167.7 239018.9)","E/B EASTERN BLVD BRIDGE@BRONX RIVER AVE","BRUCKNER EXWY","BODY OF WATER","EB"
"7482","Bronx","2008","4","26","0","0","153","154935","POINT (1016167.7 239018.9)","E/B EASTERN BLVD BRIDGE@BRONX RIVER AVE","BRUCKNER EXWY","BODY OF WATER","EB"
"7482","Bronx","2008","4","26","1","0","108","154935","POINT (1016167.7 239018.9)","E/B EASTERN BLVD BRIDGE@BRONX RIVER AVE","BRUCKNER EXWY","BODY OF WATER","EB"
"7482","Bronx","2008","4","26","2","0","91","154935","POINT (1016167.7 239018.9)","E/B EASTERN BLVD BRIDGE@BRONX RIVER AVE","BRUCKNER EXWY","BODY OF WATER","EB"
"7482","Bronx","2008","4","26","3","0","120","154935","POINT (1016167.7 239018.9)","E/B EASTERN BLVD BRIDGE@BRONX RIVER AVE","BRUCKNER EXWY","BODY OF WATER","EB"
"7482","Bronx","2008","4","26","4","0","90","154935","POINT (1016167.7 239018.9)","E/B EASTERN BLVD BRIDGE@BRONX RIVER AVE","BRUCKNER EXWY","BODY OF WATER","EB"
"7482","Bronx","2008","4","26","5","0","96","154935","POINT (1016167.7 239018.9)","E/B EASTERN BLVD BRIDGE@BRONX RIVER AVE","BRUCKNER EXWY","BODY OF WATER","EB"
"7482","Bronx","2008","4","26","6","0","162","154935","POINT (1016167.7 239018.9)","E/B EASTERN BLVD BRIDGE@BRONX RIVER AVE","BRUCKNER EXWY","BODY OF WATER","EB"
"7482","Bronx","2008","4","26","7","0","214","154935","POINT (1016167.7 239018.9)","E/B EASTERN BLVD BRIDGE@BRONX RIVER AVE","BRUCKNER EXWY","BODY OF WATER","EB"
"7482","Bronx","2008","4","26","8","0","307","154935","POINT (1016167.7 239018.9)","E/B EASTERN BLVD BRIDGE@BRONX RIVER AVE","BRUCKNER EXWY","BODY OF WATER","EB"
"7482","Bronx","2008","4","26","9","0","366","154935","POINT (1016167.7 239018.9)","E/B EASTERN BLVD BRIDGE@BRONX RIVER AVE","BRUCKNER EXWY","BODY OF WATER","EB"
"7482","Bronx","2008","4","26","10","0","521","154935","POINT (1016167.7 239018.9)","E/B EASTERN BLVD BRIDGE@BRONX RIVER AVE","BRUCKNER EXWY","BODY OF WATER","EB"
"7482","Bronx","2008","4","26","11","0","499","154935","POINT (1016167.7 239018.9)","E/B EASTERN BLVD BRIDGE@BRONX RIVER AVE","BRUCKNER EXWY","BODY OF WATER","EB"
"7482","Bronx","2008","4","26","12","0","648","154935","POINT (1016167.7 239018.9)","E/B EASTERN BLVD BRIDGE@BRONX RIVER AVE","BRUCKNER EXWY","BODY OF WATER","EB"
"7482","Bronx","2008","4","26","13","0","629","154935","POINT (1016167.7 239018.9)","E/B EASTERN BLVD BRIDGE@BRONX RIVER AVE","BRUCKNER EXWY","BODY OF WATER","EB"
"7482","Bronx","2008","4","26","14","0","668","154935","POINT (1016167.7 239018.9)","E/B EASTERN BLVD BRIDGE@BRONX RIVER AVE","BRUCKNER EXWY","BODY OF WATER","EB"
"7482","Bronx","2008","4","26","15","0","671","154935","POINT (1016167.7 239018.9)","E/B EASTERN BLVD BRIDGE@BRONX RIVER AVE","BRUCKNER EXWY","BODY OF WATER","EB"
"7482","Bronx","2008","4","26","16","0","615","154935","POINT (1016167.7 239018.9)","E/B EASTERN BLVD BRIDGE@BRONX RIVER AVE","BRUCKNER EXWY","BODY OF WATER","EB"
"7482","Bronx","2008","4","26","17","0","511","154935","POINT (1016167.7 239018.9)","E/B EASTERN BLVD BRIDGE@BRONX RIVER AVE","BRUCKNER EXWY","BODY OF WATER","EB"
"7482","Bronx","2008","4","26","18","0","447","154935","POINT (1016167.7 239018.9)","E/B EASTERN BLVD BRIDGE@BRONX RIVER AVE","BRUCKNER EXWY","BODY OF WATER","EB"
"7482","Bronx","2008","4","26","19","0","380","154935","POINT (1016167.7 239018.9)","E/B EASTERN BLVD BRIDGE@BRONX RIVER AVE","BRUCKNER EXWY","BODY OF WATER","EB"
"7482","Bronx","2008","4","26","20","0","476","154935","POINT (1016167.7 239018.9)","E/B EASTERN BLVD BRIDGE@BRONX RIVER AVE","BRUCKNER EXWY","BODY OF WATER","EB"
"7482","Bronx","2008","4","26","21","0","251","154935","POINT (1016167.7 239018.9)","E/B EASTERN BLVD BRIDGE@BRONX RIVER AVE","BRUCKNER EXWY","BODY OF WATER","EB"
"7482","Bronx","2008","4","26","22","0","244","154935","POINT (1016167.7 239018.9)","E/B EASTERN BLVD BRIDGE@BRONX RIVER AVE","BRUCKNER EXWY","BODY OF WATER","EB"
"7482","Bronx","2008","4","26","23","0","227","154935","POINT (1016167.7 239018.9)","E/B EASTERN BLVD BRIDGE@BRONX RIVER AVE","BRUCKNER EXWY","BODY OF WATER","EB"
"7482","Bronx","2008","4","27","0","0","194","154935","POINT (1016167.7 239018.9)","E/B EASTERN BLVD BRIDGE@BRONX RIVER AVE","BRUCKNER EXWY","BODY OF WATER","EB"
"7482","Bronx","2008","4","27","1","0","119","154935","POINT (1016167.7 239018.9)","E/B EASTERN BLVD BRIDGE@BRONX RIVER AVE","BRUCKNER EXWY","BODY OF WATER","EB"
"7482","Bronx","2008","4","27","2","0","101","154935","POINT (1016167.7 239018.9)","E/B EASTERN BLVD BRIDGE@BRONX RIVER AVE","BRUCKNER EXWY","BODY OF WATER","EB"
"7482","Bronx","2008","4","27","3","0","88","154935","POINT (1016167.7 239018.9)","E/B EASTERN BLVD BRIDGE@BRONX RIVER AVE","BRUCKNER EXWY","BODY OF WATER","EB"
"7482","Bronx","2008","4","27","4","0","93","154935","POINT (1016167.7 239018.9)","E/B EASTERN BLVD BRIDGE@BRONX RIVER AVE","BRUCKNER EXWY","BODY OF WATER","EB"
"7482","Bronx","2008","4","27","5","0","69","154935","POINT (1016167.7 239018.9)","E/B EASTERN BLVD BRIDGE@BRONX RIVER AVE","BRUCKNER EXWY","BODY OF WATER","EB"
"7482","Bronx","2008","4","27","6","0","76","154935","POINT (1016167.7 239018.9)","E/B EASTERN BLVD BRIDGE@BRONX RIVER AVE","BRUCKNER EXWY","BODY OF WATER","EB"
"7482","Bronx","2008","4","27","7","0","145","154935","POINT (1016167.7 239018.9)","E/B EASTERN BLVD BRIDGE@BRONX RIVER AVE","BRUCKNER EXWY","BODY OF WATER","EB"
"7482","Bronx","2008","4","27","8","0","164","154935","POINT (1016167.7 239018.9)","E/B EASTERN BLVD BRIDGE@BRONX RIVER AVE","BRUCKNER EXWY","BODY OF WATER","EB"
"7482","Bronx","2008","4","27","9","0","144","154935","POINT (1016167.7 239018.9)","E/B EASTERN BLVD BRIDGE@BRONX RIVER AVE","BRUCKNER EXWY","BODY OF WATER","EB"
"7482","Bronx","2008","4","27","10","0","219","154935","POINT (1016167.7 239018.9)","E/B EASTERN BLVD BRIDGE@BRONX RIVER AVE","BRUCKNER EXWY","BODY OF WATER","EB"
"7482","Bronx","2008","4","27","11","0","236","154935","POINT (1016167.7 239018.9)","E/B EASTERN BLVD BRIDGE@BRONX RIVER AVE","BRUCKNER EXWY","BODY OF WATER","EB"
"7482","Bronx","2008","4","27","12","0","307","154935","POINT (1016167.7 239018.9)","E/B EASTERN BLVD BRIDGE@BRONX RIVER AVE","BRUCKNER EXWY","BODY OF WATER","EB"
"7482","Bronx","2008","4","27","13","0","376","154935","POINT (1016167.7 239018.9)","E/B EASTERN BLVD BRIDGE@BRONX RIVER AVE","BRUCKNER EXWY","BODY OF WATER","EB"
"7482","Bronx","2008","4","27","14","0","424","154935","POINT (1016167.7 239018.9)","E/B EASTERN BLVD BRIDGE@BRONX RIVER AVE","BRUCKNER EXWY","BODY OF WATER","EB"
"7482","Bronx","2008","4","27","15","0","389","154935","POINT (1016167.7 239018.9)","E/B EASTERN BLVD BRIDGE@BRONX RIVER AVE","BRUCKNER EXWY","BODY OF WATER","EB"
"7482","Bronx","2008","4","27","16","0","347","154935","POINT (1016167.7 239018.9)","E/B EASTERN BLVD BRIDGE@BRONX RIVER AVE","BRUCKNER EXWY","BODY OF WATER","EB"
"7482","Bronx","2008","4","27","17","0","350","154935","POINT (1016167.7 239018.9)","E/B EASTERN BLVD BRIDGE@BRONX RIVER AVE","BRUCKNER EXWY","BODY OF WATER","EB"
"7482","Bronx","2008","4","27","18","0","302","154935","POINT (1016167.7 239018.9)","E/B EASTERN BLVD BRIDGE@BRONX RIVER AVE","BRUCKNER EXWY","BODY OF WATER","EB"
"7482","Bronx","2008","4","27","19","0","301","154935","POINT (1016167.7 239018.9)","E/B EASTERN BLVD BRIDGE@BRONX RIVER AVE","BRUCKNER EXWY","BODY OF WATER","EB"
"7482","Bronx","2008","4","27","20","0","277","154935","POINT (1016167.7 239018.9)","E/B EASTERN BLVD BRIDGE@BRONX RIVER AVE","BRUCKNER EXWY","BODY OF WATER","EB"
"7482","Bronx","2008","4","27","21","0","222","154935","POINT (1016167.7 239018.9)","E/B EASTERN BLVD BRIDGE@BRONX RIVER AVE","BRUCKNER EXWY","BODY OF WATER","EB"
"7482","Bronx","2008","4","27","22","0","179","154935","POINT (1016167.7 239018.9)","E/B EASTERN BLVD BRIDGE@BRONX RIVER AVE","BRUCKNER EXWY","BODY OF WATER","EB"
"7482","Bronx","2008","4","27","23","0","146","154935","POINT (1016167.7 239018.9)","E/B EASTERN BLVD BRIDGE@BRONX RIVER AVE","BRUCKNER EXWY","BODY OF WATER","EB"
"7482","Bronx","2008","4","28","0","0","117","154935","POINT (1016167.7 239018.9)","E/B EASTERN BLVD BRIDGE@BRONX RIVER AVE","BRUCKNER EXWY","BODY OF WATER","EB"
"7482","Bronx","2008","4","28","1","0","77","154935","POINT (1016167.7 239018.9)","E/B EASTERN BLVD BRIDGE@BRONX RIVER AVE","BRUCKNER EXWY","BODY OF WATER","EB"
"7482","Bronx","2008","4","28","2","0","73","154935","POINT (1016167.7 239018.9)","E/B EASTERN BLVD BRIDGE@BRONX RIVER AVE","BRUCKNER EXWY","BODY OF WATER","EB"
"7482","Bronx","2008","4","28","3","0","99","154935","POINT (1016167.7 239018.9)","E/B EASTERN BLVD BRIDGE@BRONX RIVER AVE","BRUCKNER EXWY","BODY OF WATER","EB"
"7482","Bronx","2008","4","28","4","0","126","154935","POINT (1016167.7 239018.9)","E/B EASTERN BLVD BRIDGE@BRONX RIVER AVE","BRUCKNER EXWY","BODY OF WATER","EB"
"7482","Bronx","2008","4","28","5","0","227","154935","POINT (1016167.7 239018.9)","E/B EASTERN BLVD BRIDGE@BRONX RIVER AVE","BRUCKNER EXWY","BODY OF WATER","EB"
"7482","Bronx","2008","4","28","6","0","467","154935","POINT (1016167.7 239018.9)","E/B EASTERN BLVD BRIDGE@BRONX RIVER AVE","BRUCKNER EXWY","BODY OF WATER","EB"
"7482","Bronx","2008","4","28","7","0","487","154935","POINT (1016167.7 239018.9)","E/B EASTERN BLVD BRIDGE@BRONX RIVER AVE","BRUCKNER EXWY","BODY OF WATER","EB"
"7482","Bronx","2008","4","28","8","0","568","154935","POINT (1016167.7 239018.9)","E/B EASTERN BLVD BRIDGE@BRONX RIVER AVE","BRUCKNER EXWY","BODY OF WATER","EB"
"7482","Bronx","2008","4","28","9","0","520","154935","POINT (1016167.7 239018.9)","E/B EASTERN BLVD BRIDGE@BRONX RIVER AVE","BRUCKNER EXWY","BODY OF WATER","EB"
"7482","Bronx","2008","4","28","10","0","575","154935","POINT (1016167.7 239018.9)","E/B EASTERN BLVD BRIDGE@BRONX RIVER AVE","BRUCKNER EXWY","BODY OF WATER","EB"
"7482","Bronx","2008","4","28","11","0","622","154935","POINT (1016167.7 239018.9)","E/B EASTERN BLVD BRIDGE@BRONX RIVER AVE","BRUCKNER EXWY","BODY OF WATER","EB"
"7482","Bronx","2008","4","28","12","0","698","154935","POINT (1016167.7 239018.9)","E/B EASTERN BLVD BRIDGE@BRONX RIVER AVE","BRUCKNER EXWY","BODY OF WATER","EB"
"7482","Bronx","2008","4","28","13","0","741","154935","POINT (1016167.7 239018.9)","E/B EASTERN BLVD BRIDGE@BRONX RIVER AVE","BRUCKNER EXWY","BODY OF WATER","EB"
"7482","Bronx","2008","4","28","14","0","918","154935","POINT (1016167.7 239018.9)","E/B EASTERN BLVD BRIDGE@BRONX RIVER AVE","BRUCKNER EXWY","BODY OF WATER","EB"
"7482","Bronx","2008","4","28","15","0","1286","154935","POINT (1016167.7 239018.9)","E/B EASTERN BLVD BRIDGE@BRONX RIVER AVE","BRUCKNER EXWY","BODY OF WATER","EB"
"7482","Bronx","2008","4","28","16","0","1350","154935","POINT (1016167.7 239018.9)","E/B EASTERN BLVD BRIDGE@BRONX RIVER AVE","BRUCKNER EXWY","BODY OF WATER","EB"
"7482","Bronx","2008","4","28","17","0","1454","154935","POINT (1016167.7 239018.9)","E/B EASTERN BLVD BRIDGE@BRONX RIVER AVE","BRUCKNER EXWY","BODY OF WATER","EB"
"7482","Bronx","2008","4","28","18","0","909","154935","POINT (1016167.7 239018.9)","E/B EASTERN BLVD BRIDGE@BRONX RIVER AVE","BRUCKNER EXWY","BODY OF WATER","EB"
"7482","Bronx","2008","4","28","19","0","399","154935","POINT (1016167.7 239018.9)","E/B EASTERN BLVD BRIDGE@BRONX RIVER AVE","BRUCKNER EXWY","BODY OF WATER","EB"
"7482","Bronx","2008","4","28","20","0","241","154935","POINT (1016167.7 239018.9)","E/B EASTERN BLVD BRIDGE@BRONX RIVER AVE","BRUCKNER EXWY","BODY OF WATER","EB"
"7482","Bronx","2008","4","28","21","0","187","154935","POINT (1016167.7 239018.9)","E/B EASTERN BLVD BRIDGE@BRONX RIVER AVE","BRUCKNER EXWY","BODY OF WATER","EB"
"7482","Bronx","2008","4","28","22","0","163","154935","POINT (1016167.7 239018.9)","E/B EASTERN BLVD BRIDGE@BRONX RIVER AVE","BRUCKNER EXWY","BODY OF WATER","EB"
"7482","Bronx","2008","4","28","23","0","150","154935","POINT (1016167.7 239018.9)","E/B EASTERN BLVD BRIDGE@BRONX RIVER AVE","BRUCKNER EXWY","BODY OF WATER","EB"
"7482","Bronx","2008","4","29","0","0","83","154935","POINT (1016167.7 239018.9)","E/B EASTERN BLVD BRIDGE@BRONX RIVER AVE","BRUCKNER EXWY","BODY OF WATER","EB"
"7482","Bronx","2008","4","29","1","0","71","154935","POINT (1016167.7 239018.9)","E/B EASTERN BLVD BRIDGE@BRONX RIVER AVE","BRUCKNER EXWY","BODY OF WATER","EB"
"7482","Bronx","2008","4","29","2","0","75","154935","POINT (1016167.7 239018.9)","E/B EASTERN BLVD BRIDGE@BRONX RIVER AVE","BRUCKNER EXWY","BODY OF WATER","EB"
"7482","Bronx","2008","4","29","3","0","79","154935","POINT (1016167.7 239018.9)","E/B EASTERN BLVD BRIDGE@BRONX RIVER AVE","BRUCKNER EXWY","BODY OF WATER","EB"
"7482","Bronx","2008","4","29","4","0","151","154935","POINT (1016167.7 239018.9)","E/B EASTERN BLVD BRIDGE@BRONX RIVER AVE","BRUCKNER EXWY","BODY OF WATER","EB"
"7482","Bronx","2008","4","29","5","0","246","154935","POINT (1016167.7 239018.9)","E/B EASTERN BLVD BRIDGE@BRONX RIVER AVE","BRUCKNER EXWY","BODY OF WATER","EB"
"7482","Bronx","2008","4","29","6","0","476","154935","POINT (1016167.7 239018.9)","E/B EASTERN BLVD BRIDGE@BRONX RIVER AVE","BRUCKNER EXWY","BODY OF WATER","EB"
"7482","Bronx","2008","4","29","7","0","549","154935","POINT (1016167.7 239018.9)","E/B EASTERN BLVD BRIDGE@BRONX RIVER AVE","BRUCKNER EXWY","BODY OF WATER","EB"
"19657","Queens","2015","5","10","0","0","86","117626","POINT (1057903.810090606 220762.22849236036)","NORTHERN BOULEVARD","Morgan Street","Glenwood Street","WB"
"19657","Queens","2015","5","10","0","15","80","117626","POINT (1057903.810090606 220762.22849236036)","NORTHERN BOULEVARD","Morgan Street","Glenwood Street","WB"
"19657","Queens","2015","5","10","0","30","95","117626","POINT (1057903.810090606 220762.22849236036)","NORTHERN BOULEVARD","Morgan Street","Glenwood Street","WB"
"19657","Queens","2015","5","10","0","45","60","117626","POINT (1057903.810090606 220762.22849236036)","NORTHERN BOULEVARD","Morgan Street","Glenwood Street","WB"
"19657","Queens","2015","5","10","1","0","49","117626","POINT (1057903.810090606 220762.22849236036)","NORTHERN BOULEVARD","Morgan Street","Glenwood Street","WB"
"19657","Queens","2015","5","10","1","15","32","117626","POINT (1057903.810090606 220762.22849236036)","NORTHERN BOULEVARD","Morgan Street","Glenwood Street","WB"
"19657","Queens","2015","5","10","1","30","38","117626","POINT (1057903.810090606 220762.22849236036)","NORTHERN BOULEVARD","Morgan Street","Glenwood Street","WB"
"19657","Queens","2015","5","10","1","45","24","117626","POINT (1057903.810090606 220762.22849236036)","NORTHERN BOULEVARD","Morgan Street","Glenwood Street","WB"
"19657","Queens","2015","5","10","2","0","25","117626","POINT (1057903.810090606 220762.22849236036)","NORTHERN BOULEVARD","Morgan Street","Glenwood Street","WB"
"19657","Queens","2015","5","10","2","15","21","117626","POINT (1057903.810090606 220762.22849236036)","NORTHERN BOULEVARD","Morgan Street","Glenwood Street","WB"
"19657","Queens","2015","5","10","2","30","22","117626","POINT (1057903.810090606 220762.22849236036)","NORTHERN BOULEVARD","Morgan Street","Glenwood Street","WB"
"19657","Queens","2015","5","10","2","45","12","117626","POINT (1057903.810090606 220762.22849236036)","NORTHERN BOULEVARD","Morgan Street","Glenwood Street","WB"
"19657","Queens","2015","5","10","3","0","17","117626","POINT (1057903.810090606 220762.22849236036)","NORTHERN BOULEVARD","Morgan Street","Glenwood Street","WB"
"19657","Queens","2015","5","10","3","15","20","117626","POINT (1057903.810090606 220762.22849236036)","NORTHERN BOULEVARD","Morgan Street","Glenwood Street","WB"
"19657","Queens","2015","5","10","3","30","9","117626","POINT (1057903.810090606 220762.22849236036)","NORTHERN BOULEVARD","Morgan Street","Glenwood Street","WB"
"19657","Queens","2015","5","10","3","45","12","117626","POINT (1057903.810090606 220762.22849236036)","NORTHERN BOULEVARD","Morgan Street","Glenwood Street","WB"
"19657","Queens","2015","5","10","4","0","11","117626","POINT (1057903.810090606 220762.22849236036)","NORTHERN BOULEVARD","Morgan Street","Glenwood Street","WB"
"19657","Queens","2015","5","10","4","15","16","117626","POINT (1057903.810090606 220762.22849236036)","NORTHERN BOULEVARD","Morgan Street","Glenwood Street","WB"
"19657","Queens","2015","5","10","4","30","10","117626","POINT (1057903.810090606 220762.22849236036)","NORTHERN BOULEVARD","Morgan Street","Glenwood Street","WB"
"19657","Queens","2015","5","10","4","45","10","117626","POINT (1057903.810090606 220762.22849236036)","NORTHERN BOULEVARD","Morgan Street","Glenwood Street","WB"
"19657","Queens","2015","5","10","5","0","4","117626","POINT (1057903.810090606 220762.22849236036)","NORTHERN BOULEVARD","Morgan Street","Glenwood Street","WB"
"19657","Queens","2015","5","10","5","15","8","117626","POINT (1057903.810090606 220762.22849236036)","NORTHERN BOULEVARD","Morgan Street","Glenwood Street","WB"
"19657","Queens","2015","5","10","5","30","12","117626","POINT (1057903.810090606 220762.22849236036)","NORTHERN BOULEVARD","Morgan Street","Glenwood Street","WB"
"19657","Queens","2015","5","10","5","45","26","117626","POINT (1057903.810090606 220762.22849236036)","NORTHERN BOULEVARD","Morgan Street","Glenwood Street","WB"
"19657","Queens","2015","5","10","6","0","31","117626","POINT (1057903.810090606 220762.22849236036)","NORTHERN BOULEVARD","Morgan Street","Glenwood Street","WB"
"19657","Queens","2015","5","10","6","15","40","117626","POINT (1057903.810090606 220762.22849236036)","NORTHERN BOULEVARD","Morgan Street","Glenwood Street","WB"
"19657","Queens","2015","5","10","6","30","34","117626","POINT (1057903.810090606 220762.22849236036)","NORTHERN BOULEVARD","Morgan Street","Glenwood Street","WB"
"19657","Queens","2015","5","10","6","45","53","117626","POINT (1057903.810090606 220762.22849236036)","NORTHERN BOULEVARD","Morgan Street","Glenwood Street","WB"
"19657","Queens","2015","5","10","7","15","60","117626","POINT (1057903.810090606 220762.22849236036)","NORTHERN BOULEVARD","Morgan Street","Glenwood Street","WB"
"19657","Queens","2015","5","10","7","30","80","117626","POINT (1057903.810090606 220762.22849236036)","NORTHERN BOULEVARD","Morgan Street","Glenwood Street","WB"
"19657","Queens","2015","5","10","7","45","84","117626","POINT (1057903.810090606 220762.22849236036)","NORTHERN BOULEVARD","Morgan Street","Glenwood Street","WB"
"19657","Queens","2015","5","10","8","15","136","117626","POINT (1057903.810090606 220762.22849236036)","NORTHERN BOULEVARD","Morgan Street","Glenwood Street","WB"
"19657","Queens","2015","5","10","8","30","122","117626","POINT (1057903.810090606 220762.22849236036)","NORTHERN BOULEVARD","Morgan Street","Glenwood Street","WB"
"19657","Queens","2015","5","10","8","45","142","117626","POINT (1057903.810090606 220762.22849236036)","NORTHERN BOULEVARD","Morgan Street","Glenwood Street","WB"
"19657","Queens","2015","5","10","9","15","198","117626","POINT (1057903.810090606 220762.22849236036)","NORTHERN BOULEVARD","Morgan Street","Glenwood Street","WB"
"19657","Queens","2015","5","10","9","30","192","117626","POINT (1057903.810090606 220762.22849236036)","NORTHERN BOULEVARD","Morgan Street","Glenwood Street","WB"
"19657","Queens","2015","5","10","9","45","217","117626","POINT (1057903.810090606 220762.22849236036)","NORTHERN BOULEVARD","Morgan Street","Glenwood Street","WB"
"19657","Queens","2015","5","10","10","15","256","117626","POINT (1057903.810090606 220762.22849236036)","NORTHERN BOULEVARD","Morgan Street","Glenwood Street","WB"
"19657","Queens","2015","5","10","10","30","250","117626","POINT (1057903.810090606 220762.22849236036)","NORTHERN BOULEVARD","Morgan Street","Glenwood Street","WB"
"19657","Queens","2015","5","10","10","45","285","117626","POINT (1057903.810090606 220762.22849236036)","NORTHERN BOULEVARD","Morgan Street","Glenwood Street","WB"
"19657","Queens","2015","5","10","11","15","312","117626","POINT (1057903.810090606 220762.22849236036)","NORTHERN BOULEVARD","Morgan Street","Glenwood Street","WB"
"19657","Queens","2015","5","10","11","30","307","117626","POINT (1057903.810090606 220762.22849236036)","NORTHERN BOULEVARD","Morgan Street","Glenwood Street","WB"
"19657","Queens","2015","5","10","11","45","326","117626","POINT (1057903.810090606 220762.22849236036)","NORTHERN BOULEVARD","Morgan Street","Glenwood Street","WB"
"19657","Queens","2015","5","10","12","15","343","117626","POINT (1057903.810090606 220762.22849236036)","NORTHERN BOULEVARD","Morgan Street","Glenwood Street","WB"
"19657","Queens","2015","5","10","12","30","309","117626","POINT (1057903.810090606 220762.22849236036)","NORTHERN BOULEVARD","Morgan Street","Glenwood Street","WB"
"19657","Queens","2015","5","10","12","45","359","117626","POINT (1057903.810090606 220762.22849236036)","NORTHERN BOULEVARD","Morgan Street","Glenwood Street","WB"
"19657","Queens","2015","5","10","13","15","338","117626","POINT (1057903.810090606 220762.22849236036)","NORTHERN BOULEVARD","Morgan Street","Glenwood Street","WB"
"19657","Queens","2015","5","10","13","30","314","117626","POINT (1057903.810090606 220762.22849236036)","NORTHERN BOULEVARD","Morgan Street","Glenwood Street","WB"
"19657","Queens","2015","5","10","13","45","319","117626","POINT (1057903.810090606 220762.22849236036)","NORTHERN BOULEVARD","Morgan Street","Glenwood Street","WB"
"19657","Queens","2015","5","10","14","15","361","117626","POINT (1057903.810090606 220762.22849236036)","NORTHERN BOULEVARD","Morgan Street","Glenwood Street","WB"
"19657","Queens","2015","5","10","14","30","284","117626","POINT (1057903.810090606 220762.22849236036)","NORTHERN BOULEVARD","Morgan Street","Glenwood Street","WB"
"19657","Queens","2015","5","10","14","45","323","117626","POINT (1057903.810090606 220762.22849236036)","NORTHERN BOULEVARD","Morgan Street","Glenwood Street","WB"
"19657","Queens","2015","5","10","15","15","330","117626","POINT (1057903.810090606 220762.22849236036)","NORTHERN BOULEVARD","Morgan Street","Glenwood Street","WB"
"19657","Queens","2015","5","10","15","30","310","117626","POINT (1057903.810090606 220762.22849236036)","NORTHERN BOULEVARD","Morgan Street","Glenwood Street","WB"
"19657","Queens","2015","5","10","15","45","325","117626","POINT (1057903.810090606 220762.22849236036)","NORTHERN BOULEVARD","Morgan Street","Glenwood Street","WB"
"19657","Queens","2015","5","10","16","15","335","117626","POINT (1057903.810090606 220762.22849236036)","NORTHERN BOULEVARD","Morgan Street","Glenwood Street","WB"
"19657","Queens","2015","5","10","16","30","330","117626","POINT (1057903.810090606 220762.22849236036)","NORTHERN BOULEVARD","Morgan Street","Glenwood Street","WB"
"19657","Queens","2015","5","10","16","45","351","117626","POINT (1057903.810090606 220762.22849236036)","NORTHERN BOULEVARD","Morgan Street","Glenwood Street","WB"
"19657","Queens","2015","5","10","17","15","347","117626","POINT (1057903.810090606 220762.22849236036)","NORTHERN BOULEVARD","Morgan Street","Glenwood Street","WB"
"19657","Queens","2015","5","10","17","30","338","117626","POINT (1057903.810090606 220762.22849236036)","NORTHERN BOULEVARD","Morgan Street","Glenwood Street","WB"
"19657","Queens","2015","5","10","17","45","324","117626","POINT (1057903.810090606 220762.22849236036)","NORTHERN BOULEVARD","Morgan Street","Glenwood Street","WB"
"19657","Queens","2015","5","10","18","15","338","117626","POINT (1057903.810090606 220762.22849236036)","NORTHERN BOULEVARD","Morgan Street","Glenwood Street","WB"
"19657","Queens","2015","5","10","18","30","348","117626","POINT (1057903.810090606 220762.22849236036)","NORTHERN BOULEVARD","Morgan Street","Glenwood Street","WB"
"19657","Queens","2015","5","10","18","45","327","117626","POINT (1057903.810090606 220762.22849236036)","NORTHERN BOULEVARD","Morgan Street","Glenwood Street","WB"
"19657","Queens","2015","5","10","19","0","351","117626","POINT (1057903.810090606 220762.22849236036)","NORTHERN BOULEVARD","Morgan Street","Glenwood Street","WB"
"19657","Queens","2015","5","10","19","15","358","117626","POINT (1057903.810090606 220762.22849236036)","NORTHERN BOULEVARD","Morgan Street","Glenwood Street","WB"
"19657","Queens","2015","5","10","19","30","334","117626","POINT (1057903.810090606 220762.22849236036)","NORTHERN BOULEVARD","Morgan Street","Glenwood Street","WB"
"19657","Queens","2015","5","10","19","45","323","117626","POINT (1057903.810090606 220762.22849236036)","NORTHERN BOULEVARD","Morgan Street","Glenwood Street","WB"
"19657","Queens","2015","5","10","20","0","317","117626","POINT (1057903.810090606 220762.22849236036)","NORTHERN BOULEVARD","Morgan Street","Glenwood Street","WB"
"19657","Queens","2015","5","10","20","15","367","117626","POINT (1057903.810090606 220762.22849236036)","NORTHERN BOULEVARD","Morgan Street","Glenwood Street","WB"
"19657","Queens","2015","5","10","20","30","302","117626","POINT (1057903.810090606 220762.22849236036)","NORTHERN BOULEVARD","Morgan Street","Glenwood Street","WB"
"19657","Queens","2015","5","10","20","45","327","117626","POINT (1057903.810090606 220762.22849236036)","NORTHERN BOULEVARD","Morgan Street","Glenwood Street","WB"
"19657","Queens","2015","5","10","21","0","307","117626","POINT (1057903.810090606 220762.22849236036)","NORTHERN BOULEVARD","Morgan Street","Glenwood Street","WB"
"19657","Queens","2015","5","10","21","15","279","117626","POINT (1057903.810090606 220762.22849236036)","NORTHERN BOULEVARD","Morgan Street","Glenwood Street","WB"
"19657","Queens","2015","5","10","21","30","291","117626","POINT (1057903.810090606 220762.22849236036)","NORTHERN BOULEVARD","Morgan Street","Glenwood Street","WB"
"19657","Queens","2015","5","10","21","45","279","117626","POINT (1057903.810090606 220762.22849236036)","NORTHERN BOULEVARD","Morgan Street","Glenwood Street","WB"
"19657","Queens","2015","5","10","22","0","223","117626","POINT (1057903.810090606 220762.22849236036)","NORTHERN BOULEVARD","Morgan Street","Glenwood Street","WB"
"19657","Queens","2015","5","10","22","15","164","117626","POINT (1057903.810090606 220762.22849236036)","NORTHERN BOULEVARD","Morgan Street","Glenwood Street","WB"
"19657","Queens","2015","5","10","22","30","131","117626","POINT (1057903.810090606 220762.22849236036)","NORTHERN BOULEVARD","Morgan Street","Glenwood Street","WB"
"19657","Queens","2015","5","10","22","45","103","117626","POINT (1057903.810090606 220762.22849236036)","NORTHERN BOULEVARD","Morgan Street","Glenwood Street","WB"
"19657","Queens","2015","5","10","23","0","76","117626","POINT (1057903.810090606 220762.22849236036)","NORTHERN BOULEVARD","Morgan Street","Glenwood Street","WB"
"19657","Queens","2015","5","10","23","15","77","117626","POINT (1057903.810090606 220762.22849236036)","NORTHERN BOULEVARD","Morgan Street","Glenwood Street","WB"
"19657","Queens","2015","5","10","23","30","35","117626","POINT (1057903.810090606 220762.22849236036)","NORTHERN BOULEVARD","Morgan Street","Glenwood Street","WB"
"19657","Queens","2015","5","10","23","45","37","117626","POINT (1057903.810090606 220762.22849236036)","NORTHERN BOULEVARD","Morgan Street","Glenwood Street","WB"
"19657","Queens","2015","5","11","0","0","35","117626","POINT (1057903.810090606 220762.22849236036)","NORTHERN BOULEVARD","Morgan Street","Glenwood Street","WB"
"19657","Queens","2015","5","11","0","15","32","117626","POINT (1057903.810090606 220762.22849236036)","NORTHERN BOULEVARD","Morgan Street","Glenwood Street","WB"
"19657","Queens","2015","5","11","0","30","21","117626","POINT (1057903.810090606 220762.22849236036)","NORTHERN BOULEVARD","Morgan Street","Glenwood Street","WB"
"19657","Queens","2015","5","11","0","45","21","117626","POINT (1057903.810090606 220762.22849236036)","NORTHERN BOULEVARD","Morgan Street","Glenwood Street","WB"
"19657","Queens","2015","5","11","1","0","20","117626","POINT (1057903.810090606 220762.22849236036)","NORTHERN BOULEVARD","Morgan Street","Glenwood Street","WB"
"19657","Queens","2015","5","11","1","15","12","117626","POINT (1057903.810090606 220762.22849236036)","NORTHERN BOULEVARD","Morgan Street","Glenwood Street","WB"
"19657","Queens","2015","5","11","1","30","20","117626","POINT (1057903.810090606 220762.22849236036)","NORTHERN BOULEVARD","Morgan Street","Glenwood Street","WB"
"19657","Queens","2015","5","11","1","45","13","117626","POINT (1057903.810090606 220762.22849236036)","NORTHERN BOULEVARD","Morgan Street","Glenwood Street","WB"
"19657","Queens","2015","5","11","2","0","8","117626","POINT (1057903.810090606 220762.22849236036)","NORTHERN BOULEVARD","Morgan Street","Glenwood Street","WB"
"19657","Queens","2015","5","11","2","15","8","117626","POINT (1057903.810090606 220762.22849236036)","NORTHERN BOULEVARD","Morgan Street","Glenwood Street","WB"
"19657","Queens","2015","5","11","2","30","9","117626","POINT (1057903.810090606 220762.22849236036)","NORTHERN BOULEVARD","Morgan Street","Glenwood Street","WB"
"19657","Queens","2015","5","11","2","45","1","117626","POINT (1057903.810090606 220762.22849236036)","NORTHERN BOULEVARD","Morgan Street","Glenwood Street","WB"
"19657","Queens","2015","5","11","3","0","5","117626","POINT (1057903.810090606 220762.22849236036)","NORTHERN BOULEVARD","Morgan Street","Glenwood Street","WB"
"19657","Queens","2015","5","11","3","15","6","117626","POINT (1057903.810090606 220762.22849236036)","NORTHERN BOULEVARD","Morgan Street","Glenwood Street","WB"
"19657","Queens","2015","5","11","3","30","6","117626","POINT (1057903.810090606 220762.22849236036)","NORTHERN BOULEVARD","Morgan Street","Glenwood Street","WB"
"19657","Queens","2015","5","11","3","45","9","117626","POINT (1057903.810090606 220762.22849236036)","NORTHERN BOULEVARD","Morgan Street","Glenwood Street","WB"
"19657","Queens","2015","5","11","4","0","5","117626","POINT (1057903.810090606 220762.22849236036)","NORTHERN BOULEVARD","Morgan Street","Glenwood Street","WB"
"19657","Queens","2015","5","11","4","15","14","117626","POINT (1057903.810090606 220762.22849236036)","NORTHERN BOULEVARD","Morgan Street","Glenwood Street","WB"
"19657","Queens","2015","5","11","4","30","31","117626","POINT (1057903.810090606 220762.22849236036)","NORTHERN BOULEVARD","Morgan Street","Glenwood Street","WB"
"19657","Queens","2015","5","11","4","45","28","117626","POINT (1057903.810090606 220762.22849236036)","NORTHERN BOULEVARD","Morgan Street","Glenwood Street","WB"
"19657","Queens","2015","5","11","5","0","39","117626","POINT (1057903.810090606 220762.22849236036)","NORTHERN BOULEVARD","Morgan Street","Glenwood Street","WB"
"12562","Manhattan","2010","5","9","2","45","15","164893","POINT (989549.4 222205.3)","W 71ST ST E/O AMSTERDAM AVE/BROADWAY","COLUMBUS AV","BROADWAY","WB"
"12562","Manhattan","2010","5","9","3","0","7","164893","POINT (989549.4 222205.3)","W 71ST ST E/O AMSTERDAM AVE/BROADWAY","COLUMBUS AV","BROADWAY","WB"
"12562","Manhattan","2010","5","9","3","15","13","164893","POINT (989549.4 222205.3)","W 71ST ST E/O AMSTERDAM AVE/BROADWAY","COLUMBUS AV","BROADWAY","WB"
"12562","Manhattan","2010","5","9","3","30","10","164893","POINT (989549.4 222205.3)","W 71ST ST E/O AMSTERDAM AVE/BROADWAY","COLUMBUS AV","BROADWAY","WB"
"12562","Manhattan","2010","5","9","3","45","12","164893","POINT (989549.4 222205.3)","W 71ST ST E/O AMSTERDAM AVE/BROADWAY","COLUMBUS AV","BROADWAY","WB"
"12562","Manhattan","2010","5","9","4","0","9","164893","POINT (989549.4 222205.3)","W 71ST ST E/O AMSTERDAM AVE/BROADWAY","COLUMBUS AV","BROADWAY","WB"
"12562","Manhattan","2010","5","9","4","15","13","164893","POINT (989549.4 222205.3)","W 71ST ST E/O AMSTERDAM AVE/BROADWAY","COLUMBUS AV","BROADWAY","WB"
"12562","Manhattan","2010","5","9","4","30","20","164893","POINT (989549.4 222205.3)","W 71ST ST E/O AMSTERDAM AVE/BROADWAY","COLUMBUS AV","BROADWAY","WB"
"12562","Manhattan","2010","5","9","4","45","3","164893","POINT (989549.4 222205.3)","W 71ST ST E/O AMSTERDAM AVE/BROADWAY","COLUMBUS AV","BROADWAY","WB"
"12562","Manhattan","2010","5","9","5","0","6","164893","POINT (989549.4 222205.3)","W 71ST ST E/O AMSTERDAM AVE/BROADWAY","COLUMBUS AV","BROADWAY","WB"
"12562","Manhattan","2010","5","9","5","15","5","164893","POINT (989549.4 222205.3)","W 71ST ST E/O AMSTERDAM AVE/BROADWAY","COLUMBUS AV","BROADWAY","WB"
"12562","Manhattan","2010","5","9","5","30","3","164893","POINT (989549.4 222205.3)","W 71ST ST E/O AMSTERDAM AVE/BROADWAY","COLUMBUS AV","BROADWAY","WB"
"12562","Manhattan","2010","5","9","5","45","1","164893","POINT (989549.4 222205.3)","W 71ST ST E/O AMSTERDAM AVE/BROADWAY","COLUMBUS AV","BROADWAY","WB"
"12562","Manhattan","2010","5","9","6","0","10","164893","POINT (989549.4 222205.3)","W 71ST ST E/O AMSTERDAM AVE/BROADWAY","COLUMBUS AV","BROADWAY","WB"
"12562","Manhattan","2010","5","9","6","15","5","164893","POINT (989549.4 222205.3)","W 71ST ST E/O AMSTERDAM AVE/BROADWAY","COLUMBUS AV","BROADWAY","WB"
"12562","Manhattan","2010","5","9","6","30","2","164893","POINT (989549.4 222205.3)","W 71ST ST E/O AMSTERDAM AVE/BROADWAY","COLUMBUS AV","BROADWAY","WB"
"12562","Manhattan","2010","5","9","6","45","4","164893","POINT (989549.4 222205.3)","W 71ST ST E/O AMSTERDAM AVE/BROADWAY","COLUMBUS AV","BROADWAY","WB"
"12562","Manhattan","2010","5","9","7","0","12","164893","POINT (989549.4 222205.3)","W 71ST ST E/O AMSTERDAM AVE/BROADWAY","COLUMBUS AV","BROADWAY","WB"
"12562","Manhattan","2010","5","9","7","15","7","164893","POINT (989549.4 222205.3)","W 71ST ST E/O AMSTERDAM AVE/BROADWAY","COLUMBUS AV","BROADWAY","WB"
"12562","Manhattan","2010","5","9","7","30","7","164893","POINT (989549.4 222205.3)","W 71ST ST E/O AMSTERDAM AVE/BROADWAY","COLUMBUS AV","BROADWAY","WB"
"12562","Manhattan","2010","5","9","7","45","14","164893","POINT (989549.4 222205.3)","W 71ST ST E/O AMSTERDAM AVE/BROADWAY","COLUMBUS AV","BROADWAY","WB"
"12562","Manhattan","2010","5","9","8","0","13","164893","POINT (989549.4 222205.3)","W 71ST ST E/O AMSTERDAM AVE/BROADWAY","COLUMBUS AV","BROADWAY","WB"
"12562","Manhattan","2010","5","9","8","15","15","164893","POINT (989549.4 222205.3)","W 71ST ST E/O AMSTERDAM AVE/BROADWAY","COLUMBUS AV","BROADWAY","WB"
"12562","Manhattan","2010","5","9","8","30","13","164893","POINT (989549.4 222205.3)","W 71ST ST E/O AMSTERDAM AVE/BROADWAY","COLUMBUS AV","BROADWAY","WB"
"12562","Manhattan","2010","5","9","8","45","15","164893","POINT (989549.4 222205.3)","W 71ST ST E/O AMSTERDAM AVE/BROADWAY","COLUMBUS AV","BROADWAY","WB"
"12562","Manhattan","2010","5","9","9","0","22","164893","POINT (989549.4 222205.3)","W 71ST ST E/O AMSTERDAM AVE/BROADWAY","COLUMBUS AV","BROADWAY","WB"
"12562","Manhattan","2010","5","9","9","15","25","164893","POINT (989549.4 222205.3)","W 71ST ST E/O AMSTERDAM AVE/BROADWAY","COLUMBUS AV","BROADWAY","WB"
"12562","Manhattan","2010","5","9","9","30","34","164893","POINT (989549.4 222205.3)","W 71ST ST E/O AMSTERDAM AVE/BROADWAY","COLUMBUS AV","BROADWAY","WB"
"12562","Manhattan","2010","5","9","9","45","23","164893","POINT (989549.4 222205.3)","W 71ST ST E/O AMSTERDAM AVE/BROADWAY","COLUMBUS AV","BROADWAY","WB"
"12562","Manhattan","2010","5","9","10","0","28","164893","POINT (989549.4 222205.3)","W 71ST ST E/O AMSTERDAM AVE/BROADWAY","COLUMBUS AV","BROADWAY","WB"
"12562","Manhattan","2010","5","9","10","15","32","164893","POINT (989549.4 222205.3)","W 71ST ST E/O AMSTERDAM AVE/BROADWAY","COLUMBUS AV","BROADWAY","WB"
"12562","Manhattan","2010","5","9","10","30","34","164893","POINT (989549.4 222205.3)","W 71ST ST E/O AMSTERDAM AVE/BROADWAY","COLUMBUS AV","BROADWAY","WB"
"12562","Manhattan","2010","5","9","10","45","37","164893","POINT (989549.4 222205.3)","W 71ST ST E/O AMSTERDAM AVE/BROADWAY","COLUMBUS AV","BROADWAY","WB"
"12562","Manhattan","2010","5","9","11","0","33","164893","POINT (989549.4 222205.3)","W 71ST ST E/O AMSTERDAM AVE/BROADWAY","COLUMBUS AV","BROADWAY","WB"
"12562","Manhattan","2010","5","9","11","15","31","164893","POINT (989549.4 222205.3)","W 71ST ST E/O AMSTERDAM AVE/BROADWAY","COLUMBUS AV","BROADWAY","WB"
"12562","Manhattan","2010","5","9","11","30","38","164893","POINT (989549.4 222205.3)","W 71ST ST E/O AMSTERDAM AVE/BROADWAY","COLUMBUS AV","BROADWAY","WB"
"12562","Manhattan","2010","5","9","11","45","41","164893","POINT (989549.4 222205.3)","W 71ST ST E/O AMSTERDAM AVE/BROADWAY","COLUMBUS AV","BROADWAY","WB"
"12562","Manhattan","2010","5","9","12","0","43","164893","POINT (989549.4 222205.3)","W 71ST ST E/O AMSTERDAM AVE/BROADWAY","COLUMBUS AV","BROADWAY","WB"
"12562","Manhattan","2010","5","9","12","15","45","164893","POINT (989549.4 222205.3)","W 71ST ST E/O AMSTERDAM AVE/BROADWAY","COLUMBUS AV","BROADWAY","WB"
"12562","Manhattan","2010","5","9","12","30","58","164893","POINT (989549.4 222205.3)","W 71ST ST E/O AMSTERDAM AVE/BROADWAY","COLUMBUS AV","BROADWAY","WB"
"12562","Manhattan","2010","5","9","12","45","43","164893","POINT (989549.4 222205.3)","W 71ST ST E/O AMSTERDAM AVE/BROADWAY","COLUMBUS AV","BROADWAY","WB"
"12562","Manhattan","2010","5","9","13","0","43","164893","POINT (989549.4 222205.3)","W 71ST ST E/O AMSTERDAM AVE/BROADWAY","COLUMBUS AV","BROADWAY","WB"
"12562","Manhattan","2010","5","9","13","15","51","164893","POINT (989549.4 222205.3)","W 71ST ST E/O AMSTERDAM AVE/BROADWAY","COLUMBUS AV","BROADWAY","WB"
"12562","Manhattan","2010","5","9","13","30","49","164893","POINT (989549.4 222205.3)","W 71ST ST E/O AMSTERDAM AVE/BROADWAY","COLUMBUS AV","BROADWAY","WB"
"12562","Manhattan","2010","5","9","13","45","63","164893","POINT (989549.4 222205.3)","W 71ST ST E/O AMSTERDAM AVE/BROADWAY","COLUMBUS AV","BROADWAY","WB"
"12562","Manhattan","2010","5","9","14","0","40","164893","POINT (989549.4 222205.3)","W 71ST ST E/O AMSTERDAM AVE/BROADWAY","COLUMBUS AV","BROADWAY","WB"
"12562","Manhattan","2010","5","9","14","15","38","164893","POINT (989549.4 222205.3)","W 71ST ST E/O AMSTERDAM AVE/BROADWAY","COLUMBUS AV","BROADWAY","WB"
"12562","Manhattan","2010","5","9","14","30","43","164893","POINT (989549.4 222205.3)","W 71ST ST E/O AMSTERDAM AVE/BROADWAY","COLUMBUS AV","BROADWAY","WB"
"12562","Manhattan","2010","5","9","14","45","41","164893","POINT (989549.4 222205.3)","W 71ST ST E/O AMSTERDAM AVE/BROADWAY","COLUMBUS AV","BROADWAY","WB"
"12562","Manhattan","2010","5","9","15","0","42","164893","POINT (989549.4 222205.3)","W 71ST ST E/O AMSTERDAM AVE/BROADWAY","COLUMBUS AV","BROADWAY","WB"
"12562","Manhattan","2010","5","9","15","15","47","164893","POINT (989549.4 222205.3)","W 71ST ST E/O AMSTERDAM AVE/BROADWAY","COLUMBUS AV","BROADWAY","WB"
"12562","Manhattan","2010","5","9","15","30","43","164893","POINT (989549.4 222205.3)","W 71ST ST E/O AMSTERDAM AVE/BROADWAY","COLUMBUS AV","BROADWAY","WB"
"12562","Manhattan","2010","5","9","15","45","39","164893","POINT (989549.4 222205.3)","W 71ST ST E/O AMSTERDAM AVE/BROADWAY","COLUMBUS AV","BROADWAY","WB"
"12562","Manhattan","2010","5","9","16","0","34","164893","POINT (989549.4 222205.3)","W 71ST ST E/O AMSTERDAM AVE/BROADWAY","COLUMBUS AV","BROADWAY","WB"
"12562","Manhattan","2010","5","9","16","15","37","164893","POINT (989549.4 222205.3)","W 71ST ST E/O AMSTERDAM AVE/BROADWAY","COLUMBUS AV","BROADWAY","WB"
"12562","Manhattan","2010","5","9","16","30","50","164893","POINT (989549.4 222205.3)","W 71ST ST E/O AMSTERDAM AVE/BROADWAY","COLUMBUS AV","BROADWAY","WB"
"12562","Manhattan","2010","5","9","16","45","54","164893","POINT (989549.4 222205.3)","W 71ST ST E/O AMSTERDAM AVE/BROADWAY","COLUMBUS AV","BROADWAY","WB"
"12562","Manhattan","2010","5","9","17","0","48","164893","POINT (989549.4 222205.3)","W 71ST ST E/O AMSTERDAM AVE/BROADWAY","COLUMBUS AV","BROADWAY","WB"
"12562","Manhattan","2010","5","9","17","15","36","164893","POINT (989549.4 222205.3)","W 71ST ST E/O AMSTERDAM AVE/BROADWAY","COLUMBUS AV","BROADWAY","WB"
"12562","Manhattan","2010","5","9","17","30","46","164893","POINT (989549.4 222205.3)","W 71ST ST E/O AMSTERDAM AVE/BROADWAY","COLUMBUS AV","BROADWAY","WB"
"12562","Manhattan","2010","5","9","17","45","27","164893","POINT (989549.4 222205.3)","W 71ST ST E/O AMSTERDAM AVE/BROADWAY","COLUMBUS AV","BROADWAY","WB"
"12562","Manhattan","2010","5","9","18","0","41","164893","POINT (989549.4 222205.3)","W 71ST ST E/O AMSTERDAM AVE/BROADWAY","COLUMBUS AV","BROADWAY","WB"
"12562","Manhattan","2010","5","9","18","15","37","164893","POINT (989549.4 222205.3)","W 71ST ST E/O AMSTERDAM AVE/BROADWAY","COLUMBUS AV","BROADWAY","WB"
"12562","Manhattan","2010","5","9","18","30","23","164893","POINT (989549.4 222205.3)","W 71ST ST E/O AMSTERDAM AVE/BROADWAY","COLUMBUS AV","BROADWAY","WB"
"12562","Manhattan","2010","5","9","18","45","38","164893","POINT (989549.4 222205.3)","W 71ST ST E/O AMSTERDAM AVE/BROADWAY","COLUMBUS AV","BROADWAY","WB"
"12562","Manhattan","2010","5","9","19","0","40","164893","POINT (989549.4 222205.3)","W 71ST ST E/O AMSTERDAM AVE/BROADWAY","COLUMBUS AV","BROADWAY","WB"
"12562","Manhattan","2010","5","9","19","15","40","164893","POINT (989549.4 222205.3)","W 71ST ST E/O AMSTERDAM AVE/BROADWAY","COLUMBUS AV","BROADWAY","WB"
"12562","Manhattan","2010","5","9","19","30","35","164893","POINT (989549.4 222205.3)","W 71ST ST E/O AMSTERDAM AVE/BROADWAY","COLUMBUS AV","BROADWAY","WB"
"12562","Manhattan","2010","5","9","19","45","30","164893","POINT (989549.4 222205.3)","W 71ST ST E/O AMSTERDAM AVE/BROADWAY","COLUMBUS AV","BROADWAY","WB"
"12562","Manhattan","2010","5","9","20","0","35","164893","POINT (989549.4 222205.3)","W 71ST ST E/O AMSTERDAM AVE/BROADWAY","COLUMBUS AV","BROADWAY","WB"
"12562","Manhattan","2010","5","9","20","15","24","164893","POINT (989549.4 222205.3)","W 71ST ST E/O AMSTERDAM AVE/BROADWAY","COLUMBUS AV","BROADWAY","WB"
"12562","Manhattan","2010","5","9","20","30","33","164893","POINT (989549.4 222205.3)","W 71ST ST E/O AMSTERDAM AVE/BROADWAY","COLUMBUS AV","BROADWAY","WB"
"12562","Manhattan","2010","5","9","20","45","31","164893","POINT (989549.4 222205.3)","W 71ST ST E/O AMSTERDAM AVE/BROADWAY","COLUMBUS AV","BROADWAY","WB"
"12562","Manhattan","2010","5","9","21","0","19","164893","POINT (989549.4 222205.3)","W 71ST ST E/O AMSTERDAM AVE/BROADWAY","COLUMBUS AV","BROADWAY","WB"
"12562","Manhattan","2010","5","9","21","15","35","164893","POINT (989549.4 222205.3)","W 71ST ST E/O AMSTERDAM AVE/BROADWAY","COLUMBUS AV","BROADWAY","WB"
"12562","Manhattan","2010","5","9","21","30","27","164893","POINT (989549.4 222205.3)","W 71ST ST E/O AMSTERDAM AVE/BROADWAY","COLUMBUS AV","BROADWAY","WB"
"12562","Manhattan","2010","5","9","21","45","35","164893","POINT (989549.4 222205.3)","W 71ST ST E/O AMSTERDAM AVE/BROADWAY","COLUMBUS AV","BROADWAY","WB"
"12562","Manhattan","2010","5","9","22","0","35","164893","POINT (989549.4 222205.3)","W 71ST ST E/O AMSTERDAM AVE/BROADWAY","COLUMBUS AV","BROADWAY","WB"
"12562","Manhattan","2010","5","9","22","15","25","164893","POINT (989549.4 222205.3)","W 71ST ST E/O AMSTERDAM AVE/BROADWAY","COLUMBUS AV","BROADWAY","WB"
"12562","Manhattan","2010","5","9","22","30","22","164893","POINT (989549.4 222205.3)","W 71ST ST E/O AMSTERDAM AVE/BROADWAY","COLUMBUS AV","BROADWAY","WB"
"12562","Manhattan","2010","5","9","22","45","30","164893","POINT (989549.4 222205.3)","W 71ST ST E/O AMSTERDAM AVE/BROADWAY","COLUMBUS AV","BROADWAY","WB"
"12562","Manhattan","2010","5","9","23","0","22","164893","POINT (989549.4 222205.3)","W 71ST ST E/O AMSTERDAM AVE/BROADWAY","COLUMBUS AV","BROADWAY","WB"
"12562","Manhattan","2010","5","9","23","15","17","164893","POINT (989549.4 222205.3)","W 71ST ST E/O AMSTERDAM AVE/BROADWAY","COLUMBUS AV","BROADWAY","WB"
"12562","Manhattan","2010","5","9","23","30","12","164893","POINT (989549.4 222205.3)","W 71ST ST E/O AMSTERDAM AVE/BROADWAY","COLUMBUS AV","BROADWAY","WB"
"12562","Manhattan","2010","5","9","23","45","16","164893","POINT (989549.4 222205.3)","W 71ST ST E/O AMSTERDAM AVE/BROADWAY","COLUMBUS AV","BROADWAY","WB"
"12562","Manhattan","2010","5","10","0","0","19","164893","POINT (989549.4 222205.3)","W 71ST ST E/O AMSTERDAM AVE/BROADWAY","COLUMBUS AV","BROADWAY","WB"
"12562","Manhattan","2010","5","10","0","15","11","164893","POINT (989549.4 222205.3)","W 71ST ST E/O AMSTERDAM AVE/BROADWAY","COLUMBUS AV","BROADWAY","WB"
"12562","Manhattan","2010","5","10","0","30","9","164893","POINT (989549.4 222205.3)","W 71ST ST E/O AMSTERDAM AVE/BROADWAY","COLUMBUS AV","BROADWAY","WB"
"12562","Manhattan","2010","5","10","0","45","10","164893","POINT (989549.4 222205.3)","W 71ST ST E/O AMSTERDAM AVE/BROADWAY","COLUMBUS AV","BROADWAY","WB"
"12562","Manhattan","2010","5","10","1","0","5","164893","POINT (989549.4 222205.3)","W 71ST ST E/O AMSTERDAM AVE/BROADWAY","COLUMBUS AV","BROADWAY","WB"
"12562","Manhattan","2010","5","10","1","15","1","164893","POINT (989549.4 222205.3)","W 71ST ST E/O AMSTERDAM AVE/BROADWAY","COLUMBUS AV","BROADWAY","WB"
"12562","Manhattan","2010","5","10","1","30","1","164893","POINT (989549.4 222205.3)","W 71ST ST E/O AMSTERDAM AVE/BROADWAY","COLUMBUS AV","BROADWAY","WB"
"12562","Manhattan","2010","5","10","1","45","6","164893","POINT (989549.4 222205.3)","W 71ST ST E/O AMSTERDAM AVE/BROADWAY","COLUMBUS AV","BROADWAY","WB"
"12562","Manhattan","2010","5","10","2","0","6","164893","POINT (989549.4 222205.3)","W 71ST ST E/O AMSTERDAM AVE/BROADWAY","COLUMBUS AV","BROADWAY","WB"
"12562","Manhattan","2010","5","10","2","15","3","164893","POINT (989549.4 222205.3)","W 71ST ST E/O AMSTERDAM AVE/BROADWAY","COLUMBUS AV","BROADWAY","WB"
"12562","Manhattan","2010","5","10","2","30","2","164893","POINT (989549.4 222205.3)","W 71ST ST E/O AMSTERDAM AVE/BROADWAY","COLUMBUS AV","BROADWAY","WB"
"12562","Manhattan","2010","5","10","2","45","8","164893","POINT (989549.4 222205.3)","W 71ST ST E/O AMSTERDAM AVE/BROADWAY","COLUMBUS AV","BROADWAY","WB"
"12562","Manhattan","2010","5","10","3","0","3","164893","POINT (989549.4 222205.3)","W 71ST ST E/O AMSTERDAM AVE/BROADWAY","COLUMBUS AV","BROADWAY","WB"
"12562","Manhattan","2010","5","10","3","15","0","164893","POINT (989549.4 222205.3)","W 71ST ST E/O AMSTERDAM AVE/BROADWAY","COLUMBUS AV","BROADWAY","WB"
"12562","Manhattan","2010","5","10","3","30","4","164893","POINT (989549.4 222205.3)","W 71ST ST E/O AMSTERDAM AVE/BROADWAY","COLUMBUS AV","BROADWAY","WB"
"12562","Manhattan","2010","5","10","3","45","0","164893","POINT (989549.4 222205.3)","W 71ST ST E/O AMSTERDAM AVE/BROADWAY","COLUMBUS AV","BROADWAY","WB"
"12562","Manhattan","2010","5","10","4","0","3","164893","POINT (989549.4 222205.3)","W 71ST ST E/O AMSTERDAM AVE/BROADWAY","COLUMBUS AV","BROADWAY","WB"
"12562","Manhattan","2010","5","10","4","15","3","164893","POINT (989549.4 222205.3)","W 71ST ST E/O AMSTERDAM AVE/BROADWAY","COLUMBUS AV","BROADWAY","WB"
"12562","Manhattan","2010","5","10","4","30","2","164893","POINT (989549.4 222205.3)","W 71ST ST E/O AMSTERDAM AVE/BROADWAY","COLUMBUS AV","BROADWAY","WB"
"12562","Manhattan","2010","5","10","4","45","5","164893","POINT (989549.4 222205.3)","W 71ST ST E/O AMSTERDAM AVE/BROADWAY","COLUMBUS AV","BROADWAY","WB"
"36190","Queens","2023","7","2","20","30","1137","153807","POINT (1023911.3187308287 178679.09832835698)","BELT PARKWAY","Dead End","Dead end","WB"
"36190","Queens","2023","7","2","20","45","1158","153807","POINT (1023911.3187308287 178679.09832835698)","BELT PARKWAY","Dead End","Dead end","WB"
"36190","Queens","2023","7","2","21","0","1208","153807","POINT (1023911.3187308287 178679.09832835698)","BELT PARKWAY","Dead End","Dead end","WB"
"36190","Queens","2023","7","2","21","15","1212","153807","POINT (1023911.3187308287 178679.09832835698)","BELT PARKWAY","Dead End","Dead end","WB"
"36190","Queens","2023","7","2","21","30","1183","153807","POINT (1023911.3187308287 178679.09832835698)","BELT PARKWAY","Dead End","Dead end","WB"
"36190","Queens","2023","7","2","21","45","1199","153807","POINT (1023911.3187308287 178679.09832835698)","BELT PARKWAY","Dead End","Dead end","WB"
"36190","Queens","2023","7","2","22","0","1193","153807","POINT (1023911.3187308287 178679.09832835698)","BELT PARKWAY","Dead End","Dead end","WB"
"36190","Queens","2023","7","2","22","15","1152","153807","POINT (1023911.3187308287 178679.09832835698)","BELT PARKWAY","Dead End","Dead end","WB"
"36190","Queens","2023","7","2","22","30","1164","153807","POINT (1023911.3187308287 178679.09832835698)","BELT PARKWAY","Dead End","Dead end","WB"
"36190","Queens","2023","7","2","22","45","1160","153807","POINT (1023911.3187308287 178679.09832835698)","BELT PARKWAY","Dead End","Dead end","WB"
"36190","Queens","2023","7","2","23","0","614","153807","POINT (1023911.3187308287 178679.09832835698)","BELT PARKWAY","Dead End","Dead end","WB"
"36190","Queens","2023","7","2","23","15","869","153807","POINT (1023911.3187308287 178679.09832835698)","BELT PARKWAY","Dead End","Dead end","WB"
"36190","Queens","2023","7","2","23","30","670","153807","POINT (1023911.3187308287 178679.09832835698)","BELT PARKWAY","Dead End","Dead end","WB"
"36190","Queens","2023","7","2","23","45","604","153807","POINT (1023911.3187308287 178679.09832835698)","BELT PARKWAY","Dead End","Dead end","WB"
"38203","Staten Island","2025","2","1","0","0","91","155310","POINT (937086.3003772319 145782.71481616)","FRESH KILLS BRIDGE","Richmond Avenue","Dead end","SB"
"38203","Staten Island","2025","2","1","0","15","61","155310","POINT (937086.3003772319 145782.71481616)","FRESH KILLS BRIDGE","Richmond Avenue","Dead end","SB"
"38203","Staten Island","2025","2","1","0","30","58","155310","POINT (937086.3003772319 145782.71481616)","FRESH KILLS BRIDGE","Richmond Avenue","Dead end","SB"
"38203","Staten Island","2025","2","1","0","45","64","155310","POINT (937086.3003772319 145782.71481616)","FRESH KILLS BRIDGE","Richmond Avenue","Dead end","SB"
"38203","Staten Island","2025","2","1","1","0","45","155310","POINT (937086.3003772319 145782.71481616)","FRESH KILLS BRIDGE","Richmond Avenue","Dead end","SB"
"38203","Staten Island","2025","2","1","1","15","25","155310","POINT (937086.3003772319 145782.71481616)","FRESH KILLS BRIDGE","Richmond Avenue","Dead end","SB"
"38203","Staten Island","2025","2","1","1","30","41","155310","POINT (937086.3003772319 145782.71481616)","FRESH KILLS BRIDGE","Richmond Avenue","Dead end","SB"
"38203","Staten Island","2025","2","1","1","45","33","155310","POINT (937086.3003772319 145782.71481616)","FRESH KILLS BRIDGE","Richmond Avenue","Dead end","SB"
"38203","Staten Island","2025","2","1","2","0","29","155310","POINT (937086.3003772319 145782.71481616)","FRESH KILLS BRIDGE","Richmond Avenue","Dead end","SB"
"38203","Staten Island","2025","2","1","2","15","25","155310","POINT (937086.3003772319 145782.71481616)","FRESH KILLS BRIDGE","Richmond Avenue","Dead end","SB"
"38203","Staten Island","2025","2","1","2","30","21","155310","POINT (937086.3003772319 145782.71481616)","FRESH KILLS BRIDGE","Richmond Avenue","Dead end","SB"
"38203","Staten Island","2025","2","1","2","45","20","155310","POINT (937086.3003772319 145782.71481616)","FRESH KILLS BRIDGE","Richmond Avenue","Dead end","SB"
"38203","Staten Island","2025","2","1","3","0","22","155310","POINT (937086.3003772319 145782.71481616)","FRESH KILLS BRIDGE","Richmond Avenue","Dead end","SB"
"38203","Staten Island","2025","2","1","3","15","10","155310","POINT (937086.3003772319 145782.71481616)","FRESH KILLS BRIDGE","Richmond Avenue","Dead end","SB"
"38203","Staten Island","2025","2","1","3","30","23","155310","POINT (937086.3003772319 145782.71481616)","FRESH KILLS BRIDGE","Richmond Avenue","Dead end","SB"
"38203","Staten Island","2025","2","1","3","45","15","155310","POINT (937086.3003772319 145782.71481616)","FRESH KILLS BRIDGE","Richmond Avenue","Dead end","SB"
"38203","Staten Island","2025","2","1","4","0","15","155310","POINT (937086.3003772319 145782.71481616)","FRESH KILLS BRIDGE","Richmond Avenue","Dead end","SB"
"38203","Staten Island","2025","2","1","4","15","13","155310","POINT (937086.3003772319 145782.71481616)","FRESH KILLS BRIDGE","Richmond Avenue","Dead end","SB"
"38203","Staten Island","2025","2","1","4","30","23","155310","POINT (937086.3003772319 145782.71481616)","FRESH KILLS BRIDGE","Richmond Avenue","Dead end","SB"
"38203","Staten Island","2025","2","1","4","45","17","155310","POINT (937086.3003772319 145782.71481616)","FRESH KILLS BRIDGE","Richmond Avenue","Dead end","SB"
"38203","Staten Island","2025","2","1","5","0","23","155310","POINT (937086.3003772319 145782.71481616)","FRESH KILLS BRIDGE","Richmond Avenue","Dead end","SB"
"38203","Staten Island","2025","2","1","5","15","21","155310","POINT (937086.3003772319 145782.71481616)","FRESH KILLS BRIDGE","Richmond Avenue","Dead end","SB"
"38203","Staten Island","2025","2","1","5","30","37","155310","POINT (937086.3003772319 145782.71481616)","FRESH KILLS BRIDGE","Richmond Avenue","Dead end","SB"
"38203","Staten Island","2025","2","1","5","45","23","155310","POINT (937086.3003772319 145782.71481616)","FRESH KILLS BRIDGE","Richmond Avenue","Dead end","SB"
"38203","Staten Island","2025","2","1","6","0","35","155310","POINT (937086.3003772319 145782.71481616)","FRESH KILLS BRIDGE","Richmond Avenue","Dead end","SB"
"38203","Staten Island","2025","2","1","6","15","34","155310","POINT (937086.3003772319 145782.71481616)","FRESH KILLS BRIDGE","Richmond Avenue","Dead end","SB"
"38203","Staten Island","2025","2","1","6","30","46","155310","POINT (937086.3003772319 145782.71481616)","FRESH KILLS BRIDGE","Richmond Avenue","Dead end","SB"
"38203","Staten Island","2025","2","1","6","45","64","155310","POINT (937086.3003772319 145782.71481616)","FRESH KILLS BRIDGE","Richmond Avenue","Dead end","SB"
"38203","Staten Island","2025","2","1","7","0","70","155310","POINT (937086.3003772319 145782.71481616)","FRESH KILLS BRIDGE","Richmond Avenue","Dead end","SB"
"38203","Staten Island","2025","2","1","7","15","90","155310","POINT (937086.3003772319 145782.71481616)","FRESH KILLS BRIDGE","Richmond Avenue","Dead end","SB"
"38203","Staten Island","2025","2","1","7","30","131","155310","POINT (937086.3003772319 145782.71481616)","FRESH KILLS BRIDGE","Richmond Avenue","Dead end","SB"
"38203","Staten Island","2025","2","1","7","45","137","155310","POINT (937086.3003772319 145782.71481616)","FRESH KILLS BRIDGE","Richmond Avenue","Dead end","SB"
"38203","Staten Island","2025","2","1","8","0","127","155310","POINT (937086.3003772319 145782.71481616)","FRESH KILLS BRIDGE","Richmond Avenue","Dead end","SB"
"38203","Staten Island","2025","2","1","8","15","163","155310","POINT (937086.3003772319 145782.71481616)","FRESH KILLS BRIDGE","Richmond Avenue","Dead end","SB"
"38203","Staten Island","2025","2","1","8","30","171","155310","POINT (937086.3003772319 145782.71481616)","FRESH KILLS BRIDGE","Richmond Avenue","Dead end","SB"
"38203","Staten Island","2025","2","1","8","45","212","155310","POINT (937086.3003772319 145782.71481616)","FRESH KILLS BRIDGE","Richmond Avenue","Dead end","SB"
"38203","Staten Island","2025","2","1","9","0","227","155310","POINT (937086.3003772319 145782.71481616)","FRESH KILLS BRIDGE","Richmond Avenue","Dead end","SB"
"38203","Staten Island","2025","2","1","9","15","262","155310","POINT (937086.3003772319 145782.71481616)","FRESH KILLS BRIDGE","Richmond Avenue","Dead end","SB"
"38203","Staten Island","2025","2","1","9","30","285","155310","POINT (937086.3003772319 145782.71481616)","FRESH KILLS BRIDGE","Richmond Avenue","Dead end","SB"
"38203","Staten Island","2025","2","1","9","45","292","155310","POINT (937086.3003772319 145782.71481616)","FRESH KILLS BRIDGE","Richmond Avenue","Dead end","SB"
"38203","Staten Island","2025","2","1","10","0","295","155310","POINT (937086.3003772319 145782.71481616)","FRESH KILLS BRIDGE","Richmond Avenue","Dead end","SB"
"38203","Staten Island","2025","2","1","10","15","330","155310","POINT (937086.3003772319 145782.71481616)","FRESH KILLS BRIDGE","Richmond Avenue","Dead end","SB"
"38203","Staten Island","2025","2","1","10","30","341","155310","POINT (937086.3003772319 145782.71481616)","FRESH KILLS BRIDGE","Richmond Avenue","Dead end","SB"
"38203","Staten Island","2025","2","1","10","45","378","155310","POINT (937086.3003772319 145782.71481616)","FRESH KILLS BRIDGE","Richmond Avenue","Dead end","SB"
"38203","Staten Island","2025","2","1","11","0","348","155310","POINT (937086.3003772319 145782.71481616)","FRESH KILLS BRIDGE","Richmond Avenue","Dead end","SB"
"38203","Staten Island","2025","2","1","11","15","364","155310","POINT (937086.3003772319 145782.71481616)","FRESH KILLS BRIDGE","Richmond Avenue","Dead end","SB"
"38203","Staten Island","2025","2","1","11","30","394","155310","POINT (937086.3003772319 145782.71481616)","FRESH KILLS BRIDGE","Richmond Avenue","Dead end","SB"
"38203","Staten Island","2025","2","1","11","45","425","155310","POINT (937086.3003772319 145782.71481616)","FRESH KILLS BRIDGE","Richmond Avenue","Dead end","SB"
"38203","Staten Island","2025","2","1","12","0","455","155310","POINT (937086.3003772319 145782.71481616)","FRESH KILLS BRIDGE","Richmond Avenue","Dead end","SB"
"38203","Staten Island","2025","2","1","12","15","463","155310","POINT (937086.3003772319 145782.71481616)","FRESH KILLS BRIDGE","Richmond Avenue","Dead end","SB"
"38203","Staten Island","2025","2","1","12","30","470","155310","POINT (937086.3003772319 145782.71481616)","FRESH KILLS BRIDGE","Richmond Avenue","Dead end","SB"
"38203","Staten Island","2025","2","1","12","45","443","155310","POINT (937086.3003772319 145782.71481616)","FRESH KILLS BRIDGE","Richmond Avenue","Dead end","SB"
"38203","Staten Island","2025","2","1","13","0","425","155310","POINT (937086.3003772319 145782.71481616)","FRESH KILLS BRIDGE","Richmond Avenue","Dead end","SB"
"38203","Staten Island","2025","2","1","13","15","461","155310","POINT (937086.3003772319 145782.71481616)","FRESH KILLS BRIDGE","Richmond Avenue","Dead end","SB"
"38203","Staten Island","2025","2","1","13","30","469","155310","POINT (937086.3003772319 145782.71481616)","FRESH KILLS BRIDGE","Richmond Avenue","Dead end","SB"
"38203","Staten Island","2025","2","1","13","45","510","155310","POINT (937086.3003772319 145782.71481616)","FRESH KILLS BRIDGE","Richmond Avenue","Dead end","SB"
"38203","Staten Island","2025","2","1","14","0","509","155310","POINT (937086.3003772319 145782.71481616)","FRESH KILLS BRIDGE","Richmond Avenue","Dead end","SB"
"38203","Staten Island","2025","2","1","14","15","508","155310","POINT (937086.3003772319 145782.71481616)","FRESH KILLS BRIDGE","Richmond Avenue","Dead end","SB"
"38203","Staten Island","2025","2","1","14","30","526","155310","POINT (937086.3003772319 145782.71481616)","FRESH KILLS BRIDGE","Richmond Avenue","Dead end","SB"
"38203","Staten Island","2025","2","1","14","45","490","155310","POINT (937086.3003772319 145782.71481616)","FRESH KILLS BRIDGE","Richmond Avenue","Dead end","SB"
"38203","Staten Island","2025","2","1","15","0","501","155310","POINT (937086.3003772319 145782.71481616)","FRESH KILLS BRIDGE","Richmond Avenue","Dead end","SB"
"38203","Staten Island","2025","2","1","15","15","531","155310","POINT (937086.3003772319 145782.71481616)","FRESH KILLS BRIDGE","Richmond Avenue","Dead end","SB"
"38203","Staten Island","2025","2","1","15","30","464","155310","POINT (937086.3003772319 145782.71481616)","FRESH KILLS BRIDGE","Richmond Avenue","Dead end","SB"
"38203","Staten Island","2025","2","1","15","45","465","155310","POINT (937086.3003772319 145782.71481616)","FRESH KILLS BRIDGE","Richmond Avenue","Dead end","SB"
"38203","Staten Island","2025","2","1","16","0","500","155310","POINT (937086.3003772319 145782.71481616)","FRESH KILLS BRIDGE","Richmond Avenue","Dead end","SB"
"38203","Staten Island","2025","2","1","16","15","472","155310","POINT (937086.3003772319 145782.71481616)","FRESH KILLS BRIDGE","Richmond Avenue","Dead end","SB"
"38203","Staten Island","2025","2","1","16","30","433","155310","POINT (937086.3003772319 145782.71481616)","FRESH KILLS BRIDGE","Richmond Avenue","Dead end","SB"
"38203","Staten Island","2025","2","1","16","45","443","155310","POINT (937086.3003772319 145782.71481616)","FRESH KILLS BRIDGE","Richmond Avenue","Dead end","SB"
"38203","Staten Island","2025","2","1","17","0","432","155310","POINT (937086.3003772319 145782.71481616)","FRESH KILLS BRIDGE","Richmond Avenue","Dead end","SB"
"38203","Staten Island","2025","2","1","17","15","469","155310","POINT (937086.3003772319 145782.71481616)","FRESH KILLS BRIDGE","Richmond Avenue","Dead end","SB"
"38203","Staten Island","2025","2","1","17","30","464","155310","POINT (937086.3003772319 145782.71481616)","FRESH KILLS BRIDGE","Richmond Avenue","Dead end","SB"
"38203","Staten Island","2025","2","1","17","45","433","155310","POINT (937086.3003772319 145782.71481616)","FRESH KILLS BRIDGE","Richmond Avenue","Dead end","SB"
"38203","Staten Island","2025","2","1","18","0","460","155310","POINT (937086.3003772319 145782.71481616)","FRESH KILLS BRIDGE","Richmond Avenue","Dead end","SB"
"38203","Staten Island","2025","2","1","18","15","404","155310","POINT (937086.3003772319 145782.71481616)","FRESH KILLS BRIDGE","Richmond Avenue","Dead end","SB"
"38203","Staten Island","2025","2","1","18","30","374","155310","POINT (937086.3003772319 145782.71481616)","FRESH KILLS BRIDGE","Richmond Avenue","Dead end","SB"
"38203","Staten Island","2025","2","1","18","45","328","155310","POINT (937086.3003772319 145782.71481616)","FRESH KILLS BRIDGE","Richmond Avenue","Dead end","SB"
"38203","Staten Island","2025","2","1","19","0","342","155310","POINT (937086.3003772319 145782.71481616)","FRESH KILLS BRIDGE","Richmond Avenue","Dead end","SB"
"38203","Staten Island","2025","2","1","19","15","257","155310","POINT (937086.3003772319 145782.71481616)","FRESH KILLS BRIDGE","Richmond Avenue","Dead end","SB"
"38203","Staten Island","2025","2","1","19","30","303","155310","POINT (937086.3003772319 145782.71481616)","FRESH KILLS BRIDGE","Richmond Avenue","Dead end","SB"
"38203","Staten Island","2025","2","1","19","45","304","155310","POINT (937086.3003772319 145782.71481616)","FRESH KILLS BRIDGE","Richmond Avenue","Dead end","SB"
"38203","Staten Island","2025","2","1","20","0","293","155310","POINT (937086.3003772319 145782.71481616)","FRESH KILLS BRIDGE","Richmond Avenue","Dead end","SB"
"38203","Staten Island","2025","2","1","20","15","272","155310","POINT (937086.3003772319 145782.71481616)","FRESH KILLS BRIDGE","Richmond Avenue","Dead end","SB"
"38203","Staten Island","2025","2","1","20","30","233","155310","POINT (937086.3003772319 145782.71481616)","FRESH KILLS BRIDGE","Richmond Avenue","Dead end","SB"
"38203","Staten Island","2025","2","1","20","45","210","155310","POINT (937086.3003772319 145782.71481616)","FRESH KILLS BRIDGE","Richmond Avenue","Dead end","SB"
"38203","Staten Island","2025","2","1","21","0","210","155310","POINT (937086.3003772319 145782.71481616)","FRESH KILLS BRIDGE","Richmond Avenue","Dead end","SB"
"38203","Staten Island","2025","2","1","21","15","199","155310","POINT (937086.3003772319 145782.71481616)","FRESH KILLS BRIDGE","Richmond Avenue","Dead end","SB"
"38203","Staten Island","2025","2","1","21","30","165","155310","POINT (937086.3003772319 145782.71481616)","FRESH KILLS BRIDGE","Richmond Avenue","Dead end","SB"
"38203","Staten Island","2025","2","1","21","45","158","155310","POINT (937086.3003772319 145782.71481616)","FRESH KILLS BRIDGE","Richmond Avenue","Dead end","SB"
"38203","Staten Island","2025","2","1","22","0","133","155310","POINT (937086.3003772319 145782.71481616)","FRESH KILLS BRIDGE","Richmond Avenue","Dead end","SB"
"38203","Staten Island","2025","2","1","22","15","131","155310","POINT (937086.3003772319 145782.71481616)","FRESH KILLS BRIDGE","Richmond Avenue","Dead end","SB"
"38203","Staten Island","2025","2","1","22","30","150","155310","POINT (937086.3003772319 145782.71481616)","FRESH KILLS BRIDGE","Richmond Avenue","Dead end","SB"
"33914","Brooklyn","2022","11","18","13","45","87","163033","POINT (993132.5637410539 149241.02433714102)","BRIGHTON BEACH AVENUE","Beach Walk","Brighton Line","WB"
"33914","Brooklyn","2022","11","18","14","0","84","163033","POINT (993132.5637410539 149241.02433714102)","BRIGHTON BEACH AVENUE","Beach Walk","Brighton Line","WB"
"33914","Brooklyn","2022","11","18","14","15","81","163033","POINT (993132.5637410539 149241.02433714102)","BRIGHTON BEACH AVENUE","Beach Walk","Brighton Line","WB"
"33914","Brooklyn","2022","11","18","14","30","93","163033","POINT (993132.5637410539 149241.02433714102)","BRIGHTON BEACH AVENUE","Beach Walk","Brighton Line","WB"
"33914","Brooklyn","2022","11","18","14","45","88","163033","POINT (993132.5637410539 149241.02433714102)","BRIGHTON BEACH AVENUE","Beach Walk","Brighton Line","WB"
"33914","Brooklyn","2022","11","18","15","0","99","163033","POINT (993132.5637410539 149241.02433714102)","BRIGHTON BEACH AVENUE","Beach Walk","Brighton Line","WB"
"33914","Brooklyn","2022","11","18","15","15","75","163033","POINT (993132.5637410539 149241.02433714102)","BRIGHTON BEACH AVENUE","Beach Walk","Brighton Line","WB"
"33914","Brooklyn","2022","11","18","15","30","86","163033","POINT (993132.5637410539 149241.02433714102)","BRIGHTON BEACH AVENUE","Beach Walk","Brighton Line","WB"
"33914","Brooklyn","2022","11","18","15","45","80","163033","POINT (993132.5637410539 149241.02433714102)","BRIGHTON BEACH AVENUE","Beach Walk","Brighton Line","WB"
"33914","Brooklyn","2022","11","18","16","0","91","163033","POINT (993132.5637410539 149241.02433714102)","BRIGHTON BEACH AVENUE","Beach Walk","Brighton Line","WB"
"33914","Brooklyn","2022","11","18","16","15","97","163033","POINT (993132.5637410539 149241.02433714102)","BRIGHTON BEACH AVENUE","Beach Walk","Brighton Line","WB"
"33914","Brooklyn","2022","11","18","16","30","92","163033","POINT (993132.5637410539 149241.02433714102)","BRIGHTON BEACH AVENUE","Beach Walk","Brighton Line","WB"
"33914","Brooklyn","2022","11","18","16","45","98","163033","POINT (993132.5637410539 149241.02433714102)","BRIGHTON BEACH AVENUE","Beach Walk","Brighton Line","WB"
"33914","Brooklyn","2022","11","18","17","0","86","163033","POINT (993132.5637410539 149241.02433714102)","BRIGHTON BEACH AVENUE","Beach Walk","Brighton Line","WB"
"33914","Brooklyn","2022","11","18","17","15","94","163033","POINT (993132.5637410539 149241.02433714102)","BRIGHTON BEACH AVENUE","Beach Walk","Brighton Line","WB"
"33914","Brooklyn","2022","11","18","17","30","86","163033","POINT (993132.5637410539 149241.02433714102)","BRIGHTON BEACH AVENUE","Beach Walk","Brighton Line","WB"
"33914","Brooklyn","2022","11","18","17","45","84","163033","POINT (993132.5637410539 149241.02433714102)","BRIGHTON BEACH AVENUE","Beach Walk","Brighton Line","WB"
"33914","Brooklyn","2022","11","18","18","0","83","163033","POINT (993132.5637410539 149241.02433714102)","BRIGHTON BEACH AVENUE","Beach Walk","Brighton Line","WB"
"33914","Brooklyn","2022","11","18","18","15","86","163033","POINT (993132.5637410539 149241.02433714102)","BRIGHTON BEACH AVENUE","Beach Walk","Brighton Line","WB"
"33914","Brooklyn","2022","11","18","18","30","92","163033","POINT (993132.5637410539 149241.02433714102)","BRIGHTON BEACH AVENUE","Beach Walk","Brighton Line","WB"
"33914","Brooklyn","2022","11","18","18","45","98","163033","POINT (993132.5637410539 149241.02433714102)","BRIGHTON BEACH AVENUE","Beach Walk","Brighton Line","WB"
"33914","Brooklyn","2022","11","18","19","0","91","163033","POINT (993132.5637410539 149241.02433714102)","BRIGHTON BEACH AVENUE","Beach Walk","Brighton Line","WB"
"33914","Brooklyn","2022","11","18","19","15","81","163033","POINT (993132.5637410539 149241.02433714102)","BRIGHTON BEACH AVENUE","Beach Walk","Brighton Line","WB"
"33914","Brooklyn","2022","11","18","19","30","84","163033","POINT (993132.5637410539 149241.02433714102)","BRIGHTON BEACH AVENUE","Beach Walk","Brighton Line","WB"
"33914","Brooklyn","2022","11","18","19","45","78","163033","POINT (993132.5637410539 149241.02433714102)","BRIGHTON BEACH AVENUE","Beach Walk","Brighton Line","WB"
"33914","Brooklyn","2022","11","18","20","0","70","163033","POINT (993132.5637410539 149241.02433714102)","BRIGHTON BEACH AVENUE","Beach Walk","Brighton Line","WB"
"33914","Brooklyn","2022","11","18","20","15","69","163033","POINT (993132.5637410539 149241.02433714102)","BRIGHTON BEACH AVENUE","Beach Walk","Brighton Line","WB"
"33914","Brooklyn","2022","11","18","20","30","59","163033","POINT (993132.5637410539 149241.02433714102)","BRIGHTON BEACH AVENUE","Beach Walk","Brighton Line","WB"
"33914","Brooklyn","2022","11","18","20","45","56","163033","POINT (993132.5637410539 149241.02433714102)","BRIGHTON BEACH AVENUE","Beach Walk","Brighton Line","WB"
"33914","Brooklyn","2022","11","18","21","0","54","163033","POINT (993132.5637410539 149241.02433714102)","BRIGHTON BEACH AVENUE","Beach Walk","Brighton Line","WB"
"33914","Brooklyn","2022","11","18","21","15","52","163033","POINT (993132.5637410539 149241.02433714102)","BRIGHTON BEACH AVENUE","Beach Walk","Brighton Line","WB"
"33914","Brooklyn","2022","11","18","21","30","47","163033","POINT (993132.5637410539 149241.02433714102)","BRIGHTON BEACH AVENUE","Beach Walk","Brighton Line","WB"
"33914","Brooklyn","2022","11","18","21","45","32","163033","POINT (993132.5637410539 149241.02433714102)","BRIGHTON BEACH AVENUE","Beach Walk","Brighton Line","WB"
"33914","Brooklyn","2022","11","18","22","0","38","163033","POINT (993132.5637410539 149241.02433714102)","BRIGHTON BEACH AVENUE","Beach Walk","Brighton Line","WB"
"33914","Brooklyn","2022","11","18","22","15","29","163033","POINT (993132.5637410539 149241.02433714102)","BRIGHTON BEACH AVENUE","Beach Walk","Brighton Line","WB"
"33914","Brooklyn","2022","11","18","22","30","22","163033","POINT (993132.5637410539 149241.02433714102)","BRIGHTON BEACH AVENUE","Beach Walk","Brighton Line","WB"
"33914","Brooklyn","2022","11","18","22","45","27","163033","POINT (993132.5637410539 149241.02433714102)","BRIGHTON BEACH AVENUE","Beach Walk","Brighton Line","WB"
"33914","Brooklyn","2022","11","18","23","0","27","163033","POINT (993132.5637410539 149241.02433714102)","BRIGHTON BEACH AVENUE","Beach Walk","Brighton Line","WB"
"33914","Brooklyn","2022","11","18","23","15","35","163033","POINT (993132.5637410539 149241.02433714102)","BRIGHTON BEACH AVENUE","Beach Walk","Brighton Line","WB"
"33914","Brooklyn","2022","11","18","23","30","28","163033","POINT (993132.5637410539 149241.02433714102)","BRIGHTON BEACH AVENUE","Beach Walk","Brighton Line","WB"
"33914","Brooklyn","2022","11","18","23","45","34","163033","POINT (993132.5637410539 149241.02433714102)","BRIGHTON BEACH AVENUE","Beach Walk","Brighton Line","WB"
"33914","Brooklyn","2022","11","19","0","0","16","163033","POINT (993132.5637410539 149241.02433714102)","BRIGHTON BEACH AVENUE","Beach Walk","Brighton Line","WB"
"33914","Brooklyn","2022","11","19","0","15","27","163033","POINT (993132.5637410539 149241.02433714102)","BRIGHTON BEACH AVENUE","Beach Walk","Brighton Line","WB"
"33914","Brooklyn","2022","11","19","0","30","13","163033","POINT (993132.5637410539 149241.02433714102)","BRIGHTON BEACH AVENUE","Beach Walk","Brighton Line","WB"
"33914","Brooklyn","2022","11","19","0","45","13","163033","POINT (993132.5637410539 149241.02433714102)","BRIGHTON BEACH AVENUE","Beach Walk","Brighton Line","WB"
"33914","Brooklyn","2022","11","19","1","0","16","163033","POINT (993132.5637410539 149241.02433714102)","BRIGHTON BEACH AVENUE","Beach Walk","Brighton Line","WB"
"33914","Brooklyn","2022","11","19","1","15","23","163033","POINT (993132.5637410539 149241.02433714102)","BRIGHTON BEACH AVENUE","Beach Walk","Brighton Line","WB"
"33914","Brooklyn","2022","11","19","1","30","12","163033","POINT (993132.5637410539 149241.02433714102)","BRIGHTON BEACH AVENUE","Beach Walk","Brighton Line","WB"
"33914","Brooklyn","2022","11","19","1","45","9","163033","POINT (993132.5637410539 149241.02433714102)","BRIGHTON BEACH AVENUE","Beach Walk","Brighton Line","WB"
"33914","Brooklyn","2022","11","19","2","0","5","163033","POINT (993132.5637410539 149241.02433714102)","BRIGHTON BEACH AVENUE","Beach Walk","Brighton Line","WB"
"33914","Brooklyn","2022","11","19","2","15","6","163033","POINT (993132.5637410539 149241.02433714102)","BRIGHTON BEACH AVENUE","Beach Walk","Brighton Line","WB"
"33914","Brooklyn","2022","11","19","2","30","9","163033","POINT (993132.5637410539 149241.02433714102)","BRIGHTON BEACH AVENUE","Beach Walk","Brighton Line","WB"
"33914","Brooklyn","2022","11","19","2","45","5","163033","POINT (993132.5637410539 149241.02433714102)","BRIGHTON BEACH AVENUE","Beach Walk","Brighton Line","WB"
"33914","Brooklyn","2022","11","19","3","0","5","163033","POINT (993132.5637410539 149241.02433714102)","BRIGHTON BEACH AVENUE","Beach Walk","Brighton Line","WB"
"33914","Brooklyn","2022","11","19","3","15","5","163033","POINT (993132.5637410539 149241.02433714102)","BRIGHTON BEACH AVENUE","Beach Walk","Brighton Line","WB"
"33914","Brooklyn","2022","11","19","3","30","4","163033","POINT (993132.5637410539 149241.02433714102)","BRIGHTON BEACH AVENUE","Beach Walk","Brighton Line","WB"
"33914","Brooklyn","2022","11","19","3","45","4","163033","POINT (993132.5637410539 149241.02433714102)","BRIGHTON BEACH AVENUE","Beach Walk","Brighton Line","WB"
"33914","Brooklyn","2022","11","19","4","0","2","163033","POINT (993132.5637410539 149241.02433714102)","BRIGHTON BEACH AVENUE","Beach Walk","Brighton Line","WB"
"33914","Brooklyn","2022","11","19","4","15","10","163033","POINT (993132.5637410539 149241.02433714102)","BRIGHTON BEACH AVENUE","Beach Walk","Brighton Line","WB"
"33914","Brooklyn","2022","11","19","4","30","7","163033","POINT (993132.5637410539 149241.02433714102)","BRIGHTON BEACH AVENUE","Beach Walk","Brighton Line","WB"
"33914","Brooklyn","2022","11","19","4","45","4","163033","POINT (993132.5637410539 149241.02433714102)","BRIGHTON BEACH AVENUE","Beach Walk","Brighton Line","WB"
"33914","Brooklyn","2022","11","19","5","0","9","163033","POINT (993132.5637410539 149241.02433714102)","BRIGHTON BEACH AVENUE","Beach Walk","Brighton Line","WB"
"33914","Brooklyn","2022","11","19","5","15","13","163033","POINT (993132.5637410539 149241.02433714102)","BRIGHTON BEACH AVENUE","Beach Walk","Brighton Line","WB"
"33914","Brooklyn","2022","11","19","5","30","5","163033","POINT (993132.5637410539 149241.02433714102)","BRIGHTON BEACH AVENUE","Beach Walk","Brighton Line","WB"
"33914","Brooklyn","2022","11","19","5","45","7","163033","POINT (993132.5637410539 149241.02433714102)","BRIGHTON BEACH AVENUE","Beach Walk","Brighton Line","WB"
"33914","Brooklyn","2022","11","19","6","0","8","163033","POINT (993132.5637410539 149241.02433714102)","BRIGHTON BEACH AVENUE","Beach Walk","Brighton Line","WB"
"33914","Brooklyn","2022","11","19","6","15","17","163033","POINT (993132.5637410539 149241.02433714102)","BRIGHTON BEACH AVENUE","Beach Walk","Brighton Line","WB"
"33914","Brooklyn","2022","11","19","6","30","17","163033","POINT (993132.5637410539 149241.02433714102)","BRIGHTON BEACH AVENUE","Beach Walk","Brighton Line","WB"
"33914","Brooklyn","2022","11","19","6","45","25","163033","POINT (993132.5637410539 149241.02433714102)","BRIGHTON BEACH AVENUE","Beach Walk","Brighton Line","WB"
"33914","Brooklyn","2022","11","19","7","0","15","163033","POINT (993132.5637410539 149241.02433714102)","BRIGHTON BEACH AVENUE","Beach Walk","Brighton Line","WB"
"33914","Brooklyn","2022","11","19","7","15","21","163033","POINT (993132.5637410539 149241.02433714102)","BRIGHTON BEACH AVENUE","Beach Walk","Brighton Line","WB"
"33914","Brooklyn","2022","11","19","7","30","33","163033","POINT (993132.5637410539 149241.02433714102)","BRIGHTON BEACH AVENUE","Beach Walk","Brighton Line","WB"
"33914","Brooklyn","2022","11","19","7","45","28","163033","POINT (993132.5637410539 149241.02433714102)","BRIGHTON BEACH AVENUE","Beach Walk","Brighton Line","WB"
"33914","Brooklyn","2022","11","19","8","0","42","163033","POINT (993132.5637410539 149241.02433714102)","BRIGHTON BEACH AVENUE","Beach Walk","Brighton Line","WB"
"33914","Brooklyn","2022","11","19","8","15","57","163033","POINT (993132.5637410539 149241.02433714102)","BRIGHTON BEACH AVENUE","Beach Walk","Brighton Line","WB"
"33914","Brooklyn","2022","11","19","8","30","76","163033","POINT (993132.5637410539 149241.02433714102)","BRIGHTON BEACH AVENUE","Beach Walk","Brighton Line","WB"
"33914","Brooklyn","2022","11","19","8","45","106","163033","POINT (993132.5637410539 149241.02433714102)","BRIGHTON BEACH AVENUE","Beach Walk","Brighton Line","WB"
"33914","Brooklyn","2022","11","19","9","0","79","163033","POINT (993132.5637410539 149241.02433714102)","BRIGHTON BEACH AVENUE","Beach Walk","Brighton Line","WB"
"33914","Brooklyn","2022","11","19","9","15","90","163033","POINT (993132.5637410539 149241.02433714102)","BRIGHTON BEACH AVENUE","Beach Walk","Brighton Line","WB"
"33914","Brooklyn","2022","11","19","9","30","100","163033","POINT (993132.5637410539 149241.02433714102)","BRIGHTON BEACH AVENUE","Beach Walk","Brighton Line","WB"
"33914","Brooklyn","2022","11","19","9","45","70","163033","POINT (993132.5637410539 149241.02433714102)","BRIGHTON BEACH AVENUE","Beach Walk","Brighton Line","WB"
"33914","Brooklyn","2022","11","19","10","0","110","163033","POINT (993132.5637410539 149241.02433714102)","BRIGHTON BEACH AVENUE","Beach Walk","Brighton Line","WB"
"33914","Brooklyn","2022","11","19","10","15","83","163033","POINT (993132.5637410539 149241.02433714102)","BRIGHTON BEACH AVENUE","Beach Walk","Brighton Line","WB"
"33914","Brooklyn","2022","11","19","10","30","92","163033","POINT (993132.5637410539 149241.02433714102)","BRIGHTON BEACH AVENUE","Beach Walk","Brighton Line","WB"
"33914","Brooklyn","2022","11","19","10","45","81","163033","POINT (993132.5637410539 149241.02433714102)","BRIGHTON BEACH AVENUE","Beach Walk","Brighton Line","WB"
"33914","Brooklyn","2022","11","19","11","0","74","163033","POINT (993132.5637410539 149241.02433714102)","BRIGHTON BEACH AVENUE","Beach Walk","Brighton Line","WB"
"33914","Brooklyn","2022","11","19","11","15","87","163033","POINT (993132.5637410539 149241.02433714102)","BRIGHTON BEACH AVENUE","Beach Walk","Brighton Line","WB"
"33914","Brooklyn","2022","11","19","11","30","76","163033","POINT (993132.5637410539 149241.02433714102)","BRIGHTON BEACH AVENUE","Beach Walk","Brighton Line","WB"
"33914","Brooklyn","2022","11","19","11","45","94","163033","POINT (993132.5637410539 149241.02433714102)","BRIGHTON BEACH AVENUE","Beach Walk","Brighton Line","WB"
"33914","Brooklyn","2022","11","19","12","0","76","163033","POINT (993132.5637410539 149241.02433714102)","BRIGHTON BEACH AVENUE","Beach Walk","Brighton Line","WB"
"33914","Brooklyn","2022","11","19","12","15","78","163033","POINT (993132.5637410539 149241.02433714102)","BRIGHTON BEACH AVENUE","Beach Walk","Brighton Line","WB"
"33914","Brooklyn","2022","11","19","12","30","77","163033","POINT (993132.5637410539 149241.02433714102)","BRIGHTON BEACH AVENUE","Beach Walk","Brighton Line","WB"
"33914","Brooklyn","2022","11","19","12","45","87","163033","POINT (993132.5637410539 149241.02433714102)","BRIGHTON BEACH AVENUE","Beach Walk","Brighton Line","WB"
"33914","Brooklyn","2022","11","19","13","0","88","163033","POINT (993132.5637410539 149241.02433714102)","BRIGHTON BEACH AVENUE","Beach Walk","Brighton Line","WB"
"33914","Brooklyn","2022","11","19","13","15","88","163033","POINT (993132.5637410539 149241.02433714102)","BRIGHTON BEACH AVENUE","Beach Walk","Brighton Line","WB"
"33914","Brooklyn","2022","11","19","13","30","79","163033","POINT (993132.5637410539 149241.02433714102)","BRIGHTON BEACH AVENUE","Beach Walk","Brighton Line","WB"
"33914","Brooklyn","2022","11","19","13","45","81","163033","POINT (993132.5637410539 149241.02433714102)","BRIGHTON BEACH AVENUE","Beach Walk","Brighton Line","WB"
"33914","Brooklyn","2022","11","19","14","0","87","163033","POINT (993132.5637410539 149241.02433714102)","BRIGHTON BEACH AVENUE","Beach Walk","Brighton Line","WB"
"33914","Brooklyn","2022","11","19","14","15","94","163033","POINT (993132.5637410539 149241.02433714102)","BRIGHTON BEACH AVENUE","Beach Walk","Brighton Line","WB"
"33914","Brooklyn","2022","11","19","14","30","93","163033","POINT (993132.5637410539 149241.02433714102)","BRIGHTON BEACH AVENUE","Beach Walk","Brighton Line","WB"
"33914","Brooklyn","2022","11","19","14","45","100","163033","POINT (993132.5637410539 149241.02433714102)","BRIGHTON BEACH AVENUE","Beach Walk","Brighton Line","WB"
"33914","Brooklyn","2022","11","19","15","0","105","163033","POINT (993132.5637410539 149241.02433714102)","BRIGHTON BEACH AVENUE","Beach Walk","Brighton Line","WB"
"33914","Brooklyn","2022","11","19","15","15","108","163033","POINT (993132.5637410539 149241.02433714102)","BRIGHTON BEACH AVENUE","Beach Walk","Brighton Line","WB"
"33914","Brooklyn","2022","11","19","15","30","99","163033","POINT (993132.5637410539 149241.02433714102)","BRIGHTON BEACH AVENUE","Beach Walk","Brighton Line","WB"
"33914","Brooklyn","2022","11","19","15","45","76","163033","POINT (993132.5637410539 149241.02433714102)","BRIGHTON BEACH AVENUE","Beach Walk","Brighton Line","WB"
"9768","Brooklyn","2011","3","16","20","30","118","167060","POINT (1004046.1 170250.8)","KINGS HWY MAIN RD APPROACH TO UTICA AVE","UTICA AV","CONNECTOR","NB"
"9768","Brooklyn","2011","3","16","20","45","73","167060","POINT (1004046.1 170250.8)","KINGS HWY MAIN RD APPROACH TO UTICA AVE","UTICA AV","CONNECTOR","NB"
"12284","Brooklyn","2010","7","6","22","0","2","167070","POINT (1004695.8 162966.8)","UTICA AVE SB APPROACH TO FLATBUSH AVE","FILLMORE AV","FLATBUSH AV","SB"
"12284","Brooklyn","2010","7","6","22","15","51","167070","POINT (1004695.8 162966.8)","UTICA AVE SB APPROACH TO FLATBUSH AVE","FILLMORE AV","FLATBUSH AV","SB"
"12284","Brooklyn","2010","7","19","23","45","13","167070","POINT (1004695.8 162966.8)","UTICA AVE SB APPROACH TO FLATBUSH AVE","FILLMORE AV","FLATBUSH AV","SB"
"36190","Brooklyn","2023","5","5","2","15","0","167107","POINT (1007710.5491228423 159113.99335962714)","FLATBUSH AVENUE","Dead End","Belt Parkway Exit 11 North Wb","NB"
"36190","Brooklyn","2023","5","5","2","30","34","167107","POINT (1007710.5491228423 159113.99335962714)","FLATBUSH AVENUE","Dead End","Belt Parkway Exit 11 North Wb","NB"
"36190","Brooklyn","2023","5","5","2","45","44","167107","POINT (1007710.5491228423 159113.99335962714)","FLATBUSH AVENUE","Dead End","Belt Parkway Exit 11 North Wb","NB"
"36190","Brooklyn","2023","5","5","3","0","47","167107","POINT (1007710.5491228423 159113.99335962714)","FLATBUSH AVENUE","Dead End","Belt Parkway Exit 11 North Wb","NB"
"36190","Brooklyn","2023","5","5","3","15","44","167107","POINT (1007710.5491228423 159113.99335962714)","FLATBUSH AVENUE","Dead End","Belt Parkway Exit 11 North Wb","NB"
"36190","Brooklyn","2023","5","5","3","30","38","167107","POINT (1007710.5491228423 159113.99335962714)","FLATBUSH AVENUE","Dead End","Belt Parkway Exit 11 North Wb","NB"
"36190","Brooklyn","2023","5","5","3","45","50","167107","POINT (1007710.5491228423 159113.99335962714)","FLATBUSH AVENUE","Dead End","Belt Parkway Exit 11 North Wb","NB"
"36190","Brooklyn","2023","5","5","4","0","66","167107","POINT (1007710.5491228423 159113.99335962714)","FLATBUSH AVENUE","Dead End","Belt Parkway Exit 11 North Wb","NB"
"36190","Brooklyn","2023","5","5","4","15","62","167107","POINT (1007710.5491228423 159113.99335962714)","FLATBUSH AVENUE","Dead End","Belt Parkway Exit 11 North Wb","NB"
"36190","Brooklyn","2023","5","5","4","30","86","167107","POINT (1007710.5491228423 159113.99335962714)","FLATBUSH AVENUE","Dead End","Belt Parkway Exit 11 North Wb","NB"
"36190","Brooklyn","2023","5","5","4","45","83","167107","POINT (1007710.5491228423 159113.99335962714)","FLATBUSH AVENUE","Dead End","Belt Parkway Exit 11 North Wb","NB"
"36190","Brooklyn","2023","5","5","5","0","121","167107","POINT (1007710.5491228423 159113.99335962714)","FLATBUSH AVENUE","Dead End","Belt Parkway Exit 11 North Wb","NB"
"36190","Brooklyn","2023","5","5","5","15","131","167107","POINT (1007710.5491228423 159113.99335962714)","FLATBUSH AVENUE","Dead End","Belt Parkway Exit 11 North Wb","NB"
"36190","Brooklyn","2023","5","5","5","30","182","167107","POINT (1007710.5491228423 159113.99335962714)","FLATBUSH AVENUE","Dead End","Belt Parkway Exit 11 North Wb","NB"
"36190","Brooklyn","2023","5","5","5","45","214","167107","POINT (1007710.5491228423 159113.99335962714)","FLATBUSH AVENUE","Dead End","Belt Parkway Exit 11 North Wb","NB"
"36190","Brooklyn","2023","5","5","6","0","255","167107","POINT (1007710.5491228423 159113.99335962714)","FLATBUSH AVENUE","Dead End","Belt Parkway Exit 11 North Wb","NB"
"36190","Brooklyn","2023","5","5","6","15","288","167107","POINT (1007710.5491228423 159113.99335962714)","FLATBUSH AVENUE","Dead End","Belt Parkway Exit 11 North Wb","NB"
"36190","Brooklyn","2023","5","5","6","30","360","167107","POINT (1007710.5491228423 159113.99335962714)","FLATBUSH AVENUE","Dead End","Belt Parkway Exit 11 North Wb","NB"
"36190","Brooklyn","2023","5","5","6","45","365","167107","POINT (1007710.5491228423 159113.99335962714)","FLATBUSH AVENUE","Dead End","Belt Parkway Exit 11 North Wb","NB"
"36190","Brooklyn","2023","5","5","7","0","405","167107","POINT (1007710.5491228423 159113.99335962714)","FLATBUSH AVENUE","Dead End","Belt Parkway Exit 11 North Wb","NB"
"36190","Brooklyn","2023","5","5","7","15","462","167107","POINT (1007710.5491228423 159113.99335962714)","FLATBUSH AVENUE","Dead End","Belt Parkway Exit 11 North Wb","NB"
"36190","Brooklyn","2023","5","5","7","30","434","167107","POINT (1007710.5491228423 159113.99335962714)","FLATBUSH AVENUE","Dead End","Belt Parkway Exit 11 North Wb","NB"
"36190","Brooklyn","2023","5","5","7","45","448","167107","POINT (1007710.5491228423 159113.99335962714)","FLATBUSH AVENUE","Dead End","Belt Parkway Exit 11 North Wb","NB"
"36190","Brooklyn","2023","5","5","8","0","449","167107","POINT (1007710.5491228423 159113.99335962714)","FLATBUSH AVENUE","Dead End","Belt Parkway Exit 11 North Wb","NB"
"36190","Brooklyn","2023","5","5","8","15","420","167107","POINT (1007710.5491228423 159113.99335962714)","FLATBUSH AVENUE","Dead End","Belt Parkway Exit 11 North Wb","NB"
"36190","Brooklyn","2023","5","5","8","30","386","167107","POINT (1007710.5491228423 159113.99335962714)","FLATBUSH AVENUE","Dead End","Belt Parkway Exit 11 North Wb","NB"
"36190","Brooklyn","2023","5","5","8","45","350","167107","POINT (1007710.5491228423 159113.99335962714)","FLATBUSH AVENUE","Dead End","Belt Parkway Exit 11 North Wb","NB"
"36190","Brooklyn","2023","5","5","9","0","365","167107","POINT (1007710.5491228423 159113.99335962714)","FLATBUSH AVENUE","Dead End","Belt Parkway Exit 11 North Wb","NB"
"36190","Brooklyn","2023","5","5","9","15","360","167107","POINT (1007710.5491228423 159113.99335962714)","FLATBUSH AVENUE","Dead End","Belt Parkway Exit 11 North Wb","NB"
"36190","Brooklyn","2023","5","5","9","30","368","167107","POINT (1007710.5491228423 159113.99335962714)","FLATBUSH AVENUE","Dead End","Belt Parkway Exit 11 North Wb","NB"
"36190","Brooklyn","2023","5","5","9","45","326","167107","POINT (1007710.5491228423 159113.99335962714)","FLATBUSH AVENUE","Dead End","Belt Parkway Exit 11 North Wb","NB"
"36190","Brooklyn","2023","5","5","10","0","328","167107","POINT (1007710.5491228423 159113.99335962714)","FLATBUSH AVENUE","Dead End","Belt Parkway Exit 11 North Wb","NB"
"36190","Brooklyn","2023","5","5","10","15","296","167107","POINT (1007710.5491228423 159113.99335962714)","FLATBUSH AVENUE","Dead End","Belt Parkway Exit 11 North Wb","NB"
"36190","Brooklyn","2023","5","5","10","30","370","167107","POINT (1007710.5491228423 159113.99335962714)","FLATBUSH AVENUE","Dead End","Belt Parkway Exit 11 North Wb","NB"
"36190","Brooklyn","2023","5","5","10","45","335","167107","POINT (1007710.5491228423 159113.99335962714)","FLATBUSH AVENUE","Dead End","Belt Parkway Exit 11 North Wb","NB"
"36190","Brooklyn","2023","5","5","11","0","366","167107","POINT (1007710.5491228423 159113.99335962714)","FLATBUSH AVENUE","Dead End","Belt Parkway Exit 11 North Wb","NB"
"36190","Brooklyn","2023","5","5","11","15","316","167107","POINT (1007710.5491228423 159113.99335962714)","FLATBUSH AVENUE","Dead End","Belt Parkway Exit 11 North Wb","NB"
"36190","Brooklyn","2023","5","5","11","30","372","167107","POINT (1007710.5491228423 159113.99335962714)","FLATBUSH AVENUE","Dead End","Belt Parkway Exit 11 North Wb","NB"
"36190","Brooklyn","2023","5","5","11","45","306","167107","POINT (1007710.5491228423 159113.99335962714)","FLATBUSH AVENUE","Dead End","Belt Parkway Exit 11 North Wb","NB"
"36190","Brooklyn","2023","5","5","12","0","374","167107","POINT (1007710.5491228423 159113.99335962714)","FLATBUSH AVENUE","Dead End","Belt Parkway Exit 11 North Wb","NB"
"36190","Brooklyn","2023","5","5","12","15","374","167107","POINT (1007710.5491228423 159113.99335962714)","FLATBUSH AVENUE","Dead End","Belt Parkway Exit 11 North Wb","NB"
"36190","Brooklyn","2023","5","5","12","30","338","167107","POINT (1007710.5491228423 159113.99335962714)","FLATBUSH AVENUE","Dead End","Belt Parkway Exit 11 North Wb","NB"
"36190","Brooklyn","2023","5","5","12","45","384","167107","POINT (1007710.5491228423 159113.99335962714)","FLATBUSH AVENUE","Dead End","Belt Parkway Exit 11 North Wb","NB"
"36190","Brooklyn","2023","5","5","13","0","404","167107","POINT (1007710.5491228423 159113.99335962714)","FLATBUSH AVENUE","Dead End","Belt Parkway Exit 11 North Wb","NB"
"36190","Brooklyn","2023","5","5","13","15","364","167107","POINT (1007710.5491228423 159113.99335962714)","FLATBUSH AVENUE","Dead End","Belt Parkway Exit 11 North Wb","NB"
"36190","Brooklyn","2023","5","5","13","30","385","167107","POINT (1007710.5491228423 159113.99335962714)","FLATBUSH AVENUE","Dead End","Belt Parkway Exit 11 North Wb","NB"
"36190","Brooklyn","2023","5","5","13","45","334","167107","POINT (1007710.5491228423 159113.99335962714)","FLATBUSH AVENUE","Dead End","Belt Parkway Exit 11 North Wb","NB"
"36190","Brooklyn","2023","5","5","14","0","382","167107","POINT (1007710.5491228423 159113.99335962714)","FLATBUSH AVENUE","Dead End","Belt Parkway Exit 11 North Wb","NB"
"36190","Brooklyn","2023","5","5","14","15","324","167107","POINT (1007710.5491228423 159113.99335962714)","FLATBUSH AVENUE","Dead End","Belt Parkway Exit 11 North Wb","NB"
"36190","Brooklyn","2023","5","5","14","30","452","167107","POINT (1007710.5491228423 159113.99335962714)","FLATBUSH AVENUE","Dead End","Belt Parkway Exit 11 North Wb","NB"
"36190","Brooklyn","2023","5","5","14","45","382","167107","POINT (1007710.5491228423 159113.99335962714)","FLATBUSH AVENUE","Dead End","Belt Parkway Exit 11 North Wb","NB"
"36190","Brooklyn","2023","5","5","15","0","372","167107","POINT (1007710.5491228423 159113.99335962714)","FLATBUSH AVENUE","Dead End","Belt Parkway Exit 11 North Wb","NB"
"36190","Brooklyn","2023","5","5","15","15","302","167107","POINT (1007710.5491228423 159113.99335962714)","FLATBUSH AVENUE","Dead End","Belt Parkway Exit 11 North Wb","NB"
"36190","Brooklyn","2023","5","5","15","30","346","167107","POINT (1007710.5491228423 159113.99335962714)","FLATBUSH AVENUE","Dead End","Belt Parkway Exit 11 North Wb","NB"
"36190","Brooklyn","2023","5","5","15","45","288","167107","POINT (1007710.5491228423 159113.99335962714)","FLATBUSH AVENUE","Dead End","Belt Parkway Exit 11 North Wb","NB"
"36190","Brooklyn","2023","5","5","16","0","336","167107","POINT (1007710.5491228423 159113.99335962714)","FLATBUSH AVENUE","Dead End","Belt Parkway Exit 11 North Wb","NB"
"36190","Brooklyn","2023","5","5","16","15","341","167107","POINT (1007710.5491228423 159113.99335962714)","FLATBUSH AVENUE","Dead End","Belt Parkway Exit 11 North Wb","NB"
"36190","Brooklyn","2023","5","5","16","30","346","167107","POINT (1007710.5491228423 159113.99335962714)","FLATBUSH AVENUE","Dead End","Belt Parkway Exit 11 North Wb","NB"
"36190","Brooklyn","2023","5","5","16","45","289","167107","POINT (1007710.5491228423 159113.99335962714)","FLATBUSH AVENUE","Dead End","Belt Parkway Exit 11 North Wb","NB"
"36190","Brooklyn","2023","5","5","17","0","355","167107","POINT (1007710.5491228423 159113.99335962714)","FLATBUSH AVENUE","Dead End","Belt Parkway Exit 11 North Wb","NB"
"36190","Brooklyn","2023","5","5","17","15","310","167107","POINT (1007710.5491228423 159113.99335962714)","FLATBUSH AVENUE","Dead End","Belt Parkway Exit 11 North Wb","NB"
"36190","Brooklyn","2023","5","5","17","30","352","167107","POINT (1007710.5491228423 159113.99335962714)","FLATBUSH AVENUE","Dead End","Belt Parkway Exit 11 North Wb","NB"
"36190","Brooklyn","2023","5","5","17","45","316","167107","POINT (1007710.5491228423 159113.99335962714)","FLATBUSH AVENUE","Dead End","Belt Parkway Exit 11 North Wb","NB"
"36190","Brooklyn","2023","5","5","18","0","364","167107","POINT (1007710.5491228423 159113.99335962714)","FLATBUSH AVENUE","Dead End","Belt Parkway Exit 11 North Wb","NB"
"36190","Brooklyn","2023","5","5","18","15","298","167107","POINT (1007710.5491228423 159113.99335962714)","FLATBUSH AVENUE","Dead End","Belt Parkway Exit 11 North Wb","NB"
"36190","Brooklyn","2023","5","5","18","30","316","167107","POINT (1007710.5491228423 159113.99335962714)","FLATBUSH AVENUE","Dead End","Belt Parkway Exit 11 North Wb","NB"
"36190","Brooklyn","2023","5","5","18","45","302","167107","POINT (1007710.5491228423 159113.99335962714)","FLATBUSH AVENUE","Dead End","Belt Parkway Exit 11 North Wb","NB"
"36190","Brooklyn","2023","5","5","19","0","338","167107","POINT (1007710.5491228423 159113.99335962714)","FLATBUSH AVENUE","Dead End","Belt Parkway Exit 11 North Wb","NB"
"36190","Brooklyn","2023","5","5","19","15","350","167107","POINT (1007710.5491228423 159113.99335962714)","FLATBUSH AVENUE","Dead End","Belt Parkway Exit 11 North Wb","NB"
"36190","Brooklyn","2023","5","5","19","30","338","167107","POINT (1007710.5491228423 159113.99335962714)","FLATBUSH AVENUE","Dead End","Belt Parkway Exit 11 North Wb","NB"
"36190","Brooklyn","2023","5","5","19","45","318","167107","POINT (1007710.5491228423 159113.99335962714)","FLATBUSH AVENUE","Dead End","Belt Parkway Exit 11 North Wb","NB"
"36190","Brooklyn","2023","5","5","20","0","341","167107","POINT (1007710.5491228423 159113.99335962714)","FLATBUSH AVENUE","Dead End","Belt Parkway Exit 11 North Wb","NB"
"36190","Brooklyn","2023","5","5","20","15","328","167107","POINT (1007710.5491228423 159113.99335962714)","FLATBUSH AVENUE","Dead End","Belt Parkway Exit 11 North Wb","NB"
"36190","Brooklyn","2023","5","5","20","30","314","167107","POINT (1007710.5491228423 159113.99335962714)","FLATBUSH AVENUE","Dead End","Belt Parkway Exit 11 North Wb","NB"
"36190","Brooklyn","2023","5","5","20","45","302","167107","POINT (1007710.5491228423 159113.99335962714)","FLATBUSH AVENUE","Dead End","Belt Parkway Exit 11 North Wb","NB"
"36190","Brooklyn","2023","5","5","21","0","304","167107","POINT (1007710.5491228423 159113.99335962714)","FLATBUSH AVENUE","Dead End","Belt Parkway Exit 11 North Wb","NB"
"36190","Brooklyn","2023","5","5","21","15","308","167107","POINT (1007710.5491228423 159113.99335962714)","FLATBUSH AVENUE","Dead End","Belt Parkway Exit 11 North Wb","NB"
"36190","Brooklyn","2023","5","5","21","30","308","167107","POINT (1007710.5491228423 159113.99335962714)","FLATBUSH AVENUE","Dead End","Belt Parkway Exit 11 North Wb","NB"
"36190","Brooklyn","2023","5","5","21","45","236","167107","POINT (1007710.5491228423 159113.99335962714)","FLATBUSH AVENUE","Dead End","Belt Parkway Exit 11 North Wb","NB"
"36190","Brooklyn","2023","5","5","22","0","234","167107","POINT (1007710.5491228423 159113.99335962714)","FLATBUSH AVENUE","Dead End","Belt Parkway Exit 11 North Wb","NB"
"36190","Brooklyn","2023","5","5","22","15","228","167107","POINT (1007710.5491228423 159113.99335962714)","FLATBUSH AVENUE","Dead End","Belt Parkway Exit 11 North Wb","NB"
"36190","Brooklyn","2023","5","5","22","30","192","167107","POINT (1007710.5491228423 159113.99335962714)","FLATBUSH AVENUE","Dead End","Belt Parkway Exit 11 North Wb","NB"
"36190","Brooklyn","2023","5","5","22","45","232","167107","POINT (1007710.5491228423 159113.99335962714)","FLATBUSH AVENUE","Dead End","Belt Parkway Exit 11 North Wb","NB"
"36190","Brooklyn","2023","5","5","23","0","193","167107","POINT (1007710.5491228423 159113.99335962714)","FLATBUSH AVENUE","Dead End","Belt Parkway Exit 11 North Wb","NB"
"36190","Brooklyn","2023","5","5","23","15","208","167107","POINT (1007710.5491228423 159113.99335962714)","FLATBUSH AVENUE","Dead End","Belt Parkway Exit 11 North Wb","NB"
"36190","Brooklyn","2023","5","5","23","30","157","167107","POINT (1007710.5491228423 159113.99335962714)","FLATBUSH AVENUE","Dead End","Belt Parkway Exit 11 North Wb","NB"
"36190","Brooklyn","2023","5","5","23","45","152","167107","POINT (1007710.5491228423 159113.99335962714)","FLATBUSH AVENUE","Dead End","Belt Parkway Exit 11 North Wb","NB"
"36190","Brooklyn","2023","5","6","0","0","136","167107","POINT (1007710.5491228423 159113.99335962714)","FLATBUSH AVENUE","Dead End","Belt Parkway Exit 11 North Wb","NB"
"36190","Brooklyn","2023","5","6","0","15","125","167107","POINT (1007710.5491228423 159113.99335962714)","FLATBUSH AVENUE","Dead End","Belt Parkway Exit 11 North Wb","NB"
"36190","Brooklyn","2023","5","6","0","30","108","167107","POINT (1007710.5491228423 159113.99335962714)","FLATBUSH AVENUE","Dead End","Belt Parkway Exit 11 North Wb","NB"
"36190","Brooklyn","2023","5","6","0","45","120","167107","POINT (1007710.5491228423 159113.99335962714)","FLATBUSH AVENUE","Dead End","Belt Parkway Exit 11 North Wb","NB"
"36190","Brooklyn","2023","5","6","1","0","90","167107","POINT (1007710.5491228423 159113.99335962714)","FLATBUSH AVENUE","Dead End","Belt Parkway Exit 11 North Wb","NB"
"36190","Brooklyn","2023","5","6","1","15","96","167107","POINT (1007710.5491228423 159113.99335962714)","FLATBUSH AVENUE","Dead End","Belt Parkway Exit 11 North Wb","NB"
"36190","Brooklyn","2023","5","6","1","30","86","167107","POINT (1007710.5491228423 159113.99335962714)","FLATBUSH AVENUE","Dead End","Belt Parkway Exit 11 North Wb","NB"
"36190","Brooklyn","2023","5","6","1","45","108","167107","POINT (1007710.5491228423 159113.99335962714)","FLATBUSH AVENUE","Dead End","Belt Parkway Exit 11 North Wb","NB"
"36190","Brooklyn","2023","5","6","2","0","80","167107","POINT (1007710.5491228423 159113.99335962714)","FLATBUSH AVENUE","Dead End","Belt Parkway Exit 11 North Wb","NB"
"36190","Brooklyn","2023","5","6","2","15","94","167107","POINT (1007710.5491228423 159113.99335962714)","FLATBUSH AVENUE","Dead End","Belt Parkway Exit 11 North Wb","NB"
"36190","Brooklyn","2023","5","6","2","30","78","167107","POINT (1007710.5491228423 159113.99335962714)","FLATBUSH AVENUE","Dead End","Belt Parkway Exit 11 North Wb","NB"
"36190","Brooklyn","2023","5","6","2","45","76","167107","POINT (1007710.5491228423 159113.99335962714)","FLATBUSH AVENUE","Dead End","Belt Parkway Exit 11 North Wb","NB"
"36190","Brooklyn","2023","5","6","3","0","60","167107","POINT (1007710.5491228423 159113.99335962714)","FLATBUSH AVENUE","Dead End","Belt Parkway Exit 11 North Wb","NB"
"30153","Queens","2019","3","25","11","0","88","146375","POINT (1066863.5604375903 213507.78845794866)","UNION TURNPIKE","Langdale Street","Hewlett Street","EB"
"30153","Queens","2019","3","25","11","15","98","146375","POINT (1066863.5604375903 213507.78845794866)","UNION TURNPIKE","Langdale Street","Hewlett Street","EB"
"30153","Queens","2019","3","25","11","30","84","146375","POINT (1066863.5604375903 213507.78845794866)","UNION TURNPIKE","Langdale Street","Hewlett Street","EB"
"30153","Queens","2019","3","25","11","45","110","146375","POINT (1066863.5604375903 213507.78845794866)","UNION TURNPIKE","Langdale Street","Hewlett Street","EB"
"30153","Queens","2019","3","25","12","0","116","146375","POINT (1066863.5604375903 213507.78845794866)","UNION TURNPIKE","Langdale Street","Hewlett Street","EB"
"30153","Queens","2019","3","25","12","15","120","146375","POINT (1066863.5604375903 213507.78845794866)","UNION TURNPIKE","Langdale Street","Hewlett Street","EB"
"30153","Queens","2019","3","25","12","30","108","146375","POINT (1066863.5604375903 213507.78845794866)","UNION TURNPIKE","Langdale Street","Hewlett Street","EB"
"30153","Queens","2019","3","25","12","45","116","146375","POINT (1066863.5604375903 213507.78845794866)","UNION TURNPIKE","Langdale Street","Hewlett Street","EB"
"30153","Queens","2019","3","25","13","0","128","146375","POINT (1066863.5604375903 213507.78845794866)","UNION TURNPIKE","Langdale Street","Hewlett Street","EB"
"30153","Queens","2019","3","25","13","15","118","146375","POINT (1066863.5604375903 213507.78845794866)","UNION TURNPIKE","Langdale Street","Hewlett Street","EB"
"30153","Queens","2019","3","25","13","30","135","146375","POINT (1066863.5604375903 213507.78845794866)","UNION TURNPIKE","Langdale Street","Hewlett Street","EB"
"30153","Queens","2019","3","25","13","45","126","146375","POINT (1066863.5604375903 213507.78845794866)","UNION TURNPIKE","Langdale Street","Hewlett Street","EB"
"30153","Queens","2019","3","25","14","0","120","146375","POINT (1066863.5604375903 213507.78845794866)","UNION TURNPIKE","Langdale Street","Hewlett Street","EB"
"30153","Queens","2019","3","25","14","15","144","146375","POINT (1066863.5604375903 213507.78845794866)","UNION TURNPIKE","Langdale Street","Hewlett Street","EB"
"30153","Queens","2019","3","25","14","30","116","146375","POINT (1066863.5604375903 213507.78845794866)","UNION TURNPIKE","Langdale Street","Hewlett Street","EB"
"30153","Queens","2019","3","25","14","45","129","146375","POINT (1066863.5604375903 213507.78845794866)","UNION TURNPIKE","Langdale Street","Hewlett Street","EB"
"30153","Queens","2019","3","25","15","0","154","146375","POINT (1066863.5604375903 213507.78845794866)","UNION TURNPIKE","Langdale Street","Hewlett Street","EB"
"30153","Queens","2019","3","25","15","15","143","146375","POINT (1066863.5604375903 213507.78845794866)","UNION TURNPIKE","Langdale Street","Hewlett Street","EB"
"30153","Queens","2019","3","25","15","30","176","146375","POINT (1066863.5604375903 213507.78845794866)","UNION TURNPIKE","Langdale Street","Hewlett Street","EB"
"30153","Queens","2019","3","25","15","45","180","146375","POINT (1066863.5604375903 213507.78845794866)","UNION TURNPIKE","Langdale Street","Hewlett Street","EB"
"30153","Queens","2019","3","25","16","0","173","146375","POINT (1066863.5604375903 213507.78845794866)","UNION TURNPIKE","Langdale Street","Hewlett Street","EB"
"30153","Queens","2019","3","25","16","15","190","146375","POINT (1066863.5604375903 213507.78845794866)","UNION TURNPIKE","Langdale Street","Hewlett Street","EB"
"30153","Queens","2019","3","25","16","30","204","146375","POINT (1066863.5604375903 213507.78845794866)","UNION TURNPIKE","Langdale Street","Hewlett Street","EB"
"30153","Queens","2019","3","25","16","45","196","146375","POINT (1066863.5604375903 213507.78845794866)","UNION TURNPIKE","Langdale Street","Hewlett Street","EB"
"30153","Queens","2019","3","25","17","0","182","146375","POINT (1066863.5604375903 213507.78845794866)","UNION TURNPIKE","Langdale Street","Hewlett Street","EB"
"30153","Queens","2019","3","25","17","15","187","146375","POINT (1066863.5604375903 213507.78845794866)","UNION TURNPIKE","Langdale Street","Hewlett Street","EB"
"30153","Queens","2019","3","25","17","30","182","146375","POINT (1066863.5604375903 213507.78845794866)","UNION TURNPIKE","Langdale Street","Hewlett Street","EB"
"30153","Queens","2019","3","25","17","45","174","146375","POINT (1066863.5604375903 213507.78845794866)","UNION TURNPIKE","Langdale Street","Hewlett Street","EB"
"30153","Queens","2019","3","25","18","0","132","146375","POINT (1066863.5604375903 213507.78845794866)","UNION TURNPIKE","Langdale Street","Hewlett Street","EB"
"30153","Queens","2019","3","25","18","15","116","146375","POINT (1066863.5604375903 213507.78845794866)","UNION TURNPIKE","Langdale Street","Hewlett Street","EB"
"30153","Queens","2019","3","25","18","30","108","146375","POINT (1066863.5604375903 213507.78845794866)","UNION TURNPIKE","Langdale Street","Hewlett Street","EB"
"30153","Queens","2019","3","25","18","45","118","146375","POINT (1066863.5604375903 213507.78845794866)","UNION TURNPIKE","Langdale Street","Hewlett Street","EB"
"30153","Queens","2019","3","25","19","0","94","146375","POINT (1066863.5604375903 213507.78845794866)","UNION TURNPIKE","Langdale Street","Hewlett Street","EB"
"30153","Queens","2019","3","25","19","15","78","146375","POINT (1066863.5604375903 213507.78845794866)","UNION TURNPIKE","Langdale Street","Hewlett Street","EB"
"30153","Queens","2019","3","25","19","30","64","146375","POINT (1066863.5604375903 213507.78845794866)","UNION TURNPIKE","Langdale Street","Hewlett Street","EB"
"30153","Queens","2019","3","25","19","45","82","146375","POINT (1066863.5604375903 213507.78845794866)","UNION TURNPIKE","Langdale Street","Hewlett Street","EB"
"30153","Queens","2019","3","25","20","0","80","146375","POINT (1066863.5604375903 213507.78845794866)","UNION TURNPIKE","Langdale Street","Hewlett Street","EB"
"30153","Queens","2019","3","25","20","15","79","146375","POINT (1066863.5604375903 213507.78845794866)","UNION TURNPIKE","Langdale Street","Hewlett Street","EB"
"30153","Queens","2019","3","25","20","30","72","146375","POINT (1066863.5604375903 213507.78845794866)","UNION TURNPIKE","Langdale Street","Hewlett Street","EB"
"30153","Queens","2019","3","25","20","45","46","146375","POINT (1066863.5604375903 213507.78845794866)","UNION TURNPIKE","Langdale Street","Hewlett Street","EB"
"30153","Queens","2019","3","25","21","0","48","146375","POINT (1066863.5604375903 213507.78845794866)","UNION TURNPIKE","Langdale Street","Hewlett Street","EB"
"30153","Queens","2019","3","25","21","15","37","146375","POINT (1066863.5604375903 213507.78845794866)","UNION TURNPIKE","Langdale Street","Hewlett Street","EB"
"30153","Queens","2019","3","25","21","30","36","146375","POINT (1066863.5604375903 213507.78845794866)","UNION TURNPIKE","Langdale Street","Hewlett Street","EB"
"30153","Queens","2019","3","25","21","45","36","146375","POINT (1066863.5604375903 213507.78845794866)","UNION TURNPIKE","Langdale Street","Hewlett Street","EB"
"30153","Queens","2019","3","25","22","0","25","146375","POINT (1066863.5604375903 213507.78845794866)","UNION TURNPIKE","Langdale Street","Hewlett Street","EB"
"30153","Queens","2019","3","25","22","15","24","146375","POINT (1066863.5604375903 213507.78845794866)","UNION TURNPIKE","Langdale Street","Hewlett Street","EB"
"30153","Queens","2019","3","25","22","30","31","146375","POINT (1066863.5604375903 213507.78845794866)","UNION TURNPIKE","Langdale Street","Hewlett Street","EB"
"30153","Queens","2019","3","25","22","45","25","146375","POINT (1066863.5604375903 213507.78845794866)","UNION TURNPIKE","Langdale Street","Hewlett Street","EB"
"30153","Queens","2019","3","25","23","0","20","146375","POINT (1066863.5604375903 213507.78845794866)","UNION TURNPIKE","Langdale Street","Hewlett Street","EB"
"30153","Queens","2019","3","25","23","15","18","146375","POINT (1066863.5604375903 213507.78845794866)","UNION TURNPIKE","Langdale Street","Hewlett Street","EB"
"30153","Queens","2019","3","25","23","30","24","146375","POINT (1066863.5604375903 213507.78845794866)","UNION TURNPIKE","Langdale Street","Hewlett Street","EB"
"30153","Queens","2019","3","25","23","45","10","146375","POINT (1066863.5604375903 213507.78845794866)","UNION TURNPIKE","Langdale Street","Hewlett Street","EB"
"30153","Queens","2019","3","26","0","0","24","146375","POINT (1066863.5604375903 213507.78845794866)","UNION TURNPIKE","Langdale Street","Hewlett Street","EB"
"30153","Queens","2019","3","26","0","15","10","146375","POINT (1066863.5604375903 213507.78845794866)","UNION TURNPIKE","Langdale Street","Hewlett Street","EB"
"30153","Queens","2019","3","26","0","30","14","146375","POINT (1066863.5604375903 213507.78845794866)","UNION TURNPIKE","Langdale Street","Hewlett Street","EB"
"30153","Queens","2019","3","26","0","45","6","146375","POINT (1066863.5604375903 213507.78845794866)","UNION TURNPIKE","Langdale Street","Hewlett Street","EB"
"30153","Queens","2019","3","26","1","0","6","146375","POINT (1066863.5604375903 213507.78845794866)","UNION TURNPIKE","Langdale Street","Hewlett Street","EB"
"30153","Queens","2019","3","26","1","15","8","146375","POINT (1066863.5604375903 213507.78845794866)","UNION TURNPIKE","Langdale Street","Hewlett Street","EB"
"30153","Queens","2019","3","26","1","30","5","146375","POINT (1066863.5604375903 213507.78845794866)","UNION TURNPIKE","Langdale Street","Hewlett Street","EB"
"30153","Queens","2019","3","26","1","45","6","146375","POINT (1066863.5604375903 213507.78845794866)","UNION TURNPIKE","Langdale Street","Hewlett Street","EB"
"30153","Queens","2019","3","26","2","0","1","146375","POINT (1066863.5604375903 213507.78845794866)","UNION TURNPIKE","Langdale Street","Hewlett Street","EB"
"30153","Queens","2019","3","26","2","15","0","146375","POINT (1066863.5604375903 213507.78845794866)","UNION TURNPIKE","Langdale Street","Hewlett Street","EB"
"30153","Queens","2019","3","26","2","30","5","146375","POINT (1066863.5604375903 213507.78845794866)","UNION TURNPIKE","Langdale Street","Hewlett Street","EB"
"30153","Queens","2019","3","26","2","45","5","146375","POINT (1066863.5604375903 213507.78845794866)","UNION TURNPIKE","Langdale Street","Hewlett Street","EB"
"30153","Queens","2019","3","26","3","0","1","146375","POINT (1066863.5604375903 213507.78845794866)","UNION TURNPIKE","Langdale Street","Hewlett Street","EB"
"30153","Queens","2019","3","26","3","15","2","146375","POINT (1066863.5604375903 213507.78845794866)","UNION TURNPIKE","Langdale Street","Hewlett Street","EB"
"30153","Queens","2019","3","26","3","30","4","146375","POINT (1066863.5604375903 213507.78845794866)","UNION TURNPIKE","Langdale Street","Hewlett Street","EB"
"30153","Queens","2019","3","26","3","45","3","146375","POINT (1066863.5604375903 213507.78845794866)","UNION TURNPIKE","Langdale Street","Hewlett Street","EB"
"30153","Queens","2019","3","26","4","0","4","146375","POINT (1066863.5604375903 213507.78845794866)","UNION TURNPIKE","Langdale Street","Hewlett Street","EB"
"30153","Queens","2019","3","26","4","15","7","146375","POINT (1066863.5604375903 213507.78845794866)","UNION TURNPIKE","Langdale Street","Hewlett Street","EB"
"30153","Queens","2019","3","26","4","30","12","146375","POINT (1066863.5604375903 213507.78845794866)","UNION TURNPIKE","Langdale Street","Hewlett Street","EB"
"30153","Queens","2019","3","26","4","45","9","146375","POINT (1066863.5604375903 213507.78845794866)","UNION TURNPIKE","Langdale Street","Hewlett Street","EB"
"30153","Queens","2019","3","26","5","0","10","146375","POINT (1066863.5604375903 213507.78845794866)","UNION TURNPIKE","Langdale Street","Hewlett Street","EB"
"30153","Queens","2019","3","26","5","15","16","146375","POINT (1066863.5604375903 213507.78845794866)","UNION TURNPIKE","Langdale Street","Hewlett Street","EB"
"30153","Queens","2019","3","26","5","30","24","146375","POINT (1066863.5604375903 213507.78845794866)","UNION TURNPIKE","Langdale Street","Hewlett Street","EB"
"30153","Queens","2019","3","26","5","45","25","146375","POINT (1066863.5604375903 213507.78845794866)","UNION TURNPIKE","Langdale Street","Hewlett Street","EB"
"30153","Queens","2019","3","26","6","0","24","146375","POINT (1066863.5604375903 213507.78845794866)","UNION TURNPIKE","Langdale Street","Hewlett Street","EB"
"30153","Queens","2019","3","26","6","15","38","146375","POINT (1066863.5604375903 213507.78845794866)","UNION TURNPIKE","Langdale Street","Hewlett Street","EB"
"30153","Queens","2019","3","26","6","30","60","146375","POINT (1066863.5604375903 213507.78845794866)","UNION TURNPIKE","Langdale Street","Hewlett Street","EB"
"30153","Queens","2019","3","26","6","45","54","146375","POINT (1066863.5604375903 213507.78845794866)","UNION TURNPIKE","Langdale Street","Hewlett Street","EB"
"30153","Queens","2019","3","26","7","0","76","146375","POINT (1066863.5604375903 213507.78845794866)","UNION TURNPIKE","Langdale Street","Hewlett Street","EB"
"30153","Queens","2019","3","26","7","15","109","146375","POINT (1066863.5604375903 213507.78845794866)","UNION TURNPIKE","Langdale Street","Hewlett Street","EB"
"30153","Queens","2019","3","26","7","30","152","146375","POINT (1066863.5604375903 213507.78845794866)","UNION TURNPIKE","Langdale Street","Hewlett Street","EB"
"30153","Queens","2019","3","26","7","45","194","146375","POINT (1066863.5604375903 213507.78845794866)","UNION TURNPIKE","Langdale Street","Hewlett Street","EB"
"30153","Queens","2019","3","26","8","0","177","146375","POINT (1066863.5604375903 213507.78845794866)","UNION TURNPIKE","Langdale Street","Hewlett Street","EB"
"30153","Queens","2019","3","26","8","15","239","146375","POINT (1066863.5604375903 213507.78845794866)","UNION TURNPIKE","Langdale Street","Hewlett Street","EB"
"30153","Queens","2019","3","26","8","30","232","146375","POINT (1066863.5604375903 213507.78845794866)","UNION TURNPIKE","Langdale Street","Hewlett Street","EB"
"30153","Queens","2019","3","26","8","45","280","146375","POINT (1066863.5604375903 213507.78845794866)","UNION TURNPIKE","Langdale Street","Hewlett Street","EB"
"30153","Queens","2019","3","26","9","0","174","146375","POINT (1066863.5604375903 213507.78845794866)","UNION TURNPIKE","Langdale Street","Hewlett Street","EB"
"30153","Queens","2019","3","26","9","15","184","146375","POINT (1066863.5604375903 213507.78845794866)","UNION TURNPIKE","Langdale Street","Hewlett Street","EB"
"30153","Queens","2019","3","26","9","30","122","146375","POINT (1066863.5604375903 213507.78845794866)","UNION TURNPIKE","Langdale Street","Hewlett Street","EB"
"30153","Queens","2019","3","26","9","45","124","146375","POINT (1066863.5604375903 213507.78845794866)","UNION TURNPIKE","Langdale Street","Hewlett Street","EB"
"30153","Queens","2019","3","26","10","0","104","146375","POINT (1066863.5604375903 213507.78845794866)","UNION TURNPIKE","Langdale Street","Hewlett Street","EB"
"30153","Queens","2019","3","26","10","15","116","146375","POINT (1066863.5604375903 213507.78845794866)","UNION TURNPIKE","Langdale Street","Hewlett Street","EB"
"30153","Queens","2019","3","26","10","30","94","146375","POINT (1066863.5604375903 213507.78845794866)","UNION TURNPIKE","Langdale Street","Hewlett Street","EB"
"30153","Queens","2019","3","26","10","45","138","146375","POINT (1066863.5604375903 213507.78845794866)","UNION TURNPIKE","Langdale Street","Hewlett Street","EB"
"30153","Queens","2019","3","26","11","0","94","146375","POINT (1066863.5604375903 213507.78845794866)","UNION TURNPIKE","Langdale Street","Hewlett Street","EB"
"30153","Queens","2019","3","26","11","15","124","146375","POINT (1066863.5604375903 213507.78845794866)","UNION TURNPIKE","Langdale Street","Hewlett Street","EB"
"30153","Queens","2019","3","26","11","30","132","146375","POINT (1066863.5604375903 213507.78845794866)","UNION TURNPIKE","Langdale Street","Hewlett Street","EB"
"30153","Queens","2019","3","26","11","45","138","146375","POINT (1066863.5604375903 213507.78845794866)","UNION TURNPIKE","Langdale Street","Hewlett Street","EB"
"30153","Queens","2019","3","26","12","0","119","146375","POINT (1066863.5604375903 213507.78845794866)","UNION TURNPIKE","Langdale Street","Hewlett Street","EB"
"30153","Queens","2019","3","26","12","15","130","146375","POINT (1066863.5604375903 213507.78845794866)","UNION TURNPIKE","Langdale Street","Hewlett Street","EB"
"30153","Queens","2019","3","26","12","30","116","146375","POINT (1066863.5604375903 213507.78845794866)","UNION TURNPIKE","Langdale Street","Hewlett Street","EB"
"30153","Queens","2019","3","26","12","45","143","146375","POINT (1066863.5604375903 213507.78845794866)","UNION TURNPIKE","Langdale Street","Hewlett Street","EB"
"30153","Queens","2019","3","26","13","0","134","146375","POINT (1066863.5604375903 213507.78845794866)","UNION TURNPIKE","Langdale Street","Hewlett Street","EB"
"35851","Bronx","2023","3","15","11","30","27","140727","POINT (1013114.8107623756 246788.5998495417)","EAST 175 STREET","Cross Bronx Expwy Et 3 Wb","Arthur Avenue","WB"
"35851","Bronx","2023","3","15","11","45","28","140727","POINT (1013114.8107623756 246788.5998495417)","EAST 175 STREET","Cross Bronx Expwy Et 3 Wb","Arthur Avenue","WB"
"35851","Bronx","2023","3","15","12","0","25","140727","POINT (1013114.8107623756 246788.5998495417)","EAST 175 STREET","Cross Bronx Expwy Et 3 Wb","Arthur Avenue","WB"
"35851","Bronx","2023","3","15","12","15","25","140727","POINT (1013114.8107623756 246788.5998495417)","EAST 175 STREET","Cross Bronx Expwy Et 3 Wb","Arthur Avenue","WB"
"35851","Bronx","2023","3","15","12","30","32","140727","POINT (1013114.8107623756 246788.5998495417)","EAST 175 STREET","Cross Bronx Expwy Et 3 Wb","Arthur Avenue","WB"
"35851","Bronx","2023","3","15","12","45","47","140727","POINT (1013114.8107623756 246788.5998495417)","EAST 175 STREET","Cross Bronx Expwy Et 3 Wb","Arthur Avenue","WB"
"35851","Bronx","2023","3","15","13","0","45","140727","POINT (1013114.8107623756 246788.5998495417)","EAST 175 STREET","Cross Bronx Expwy Et 3 Wb","Arthur Avenue","WB"
"35851","Bronx","2023","3","15","13","15","35","140727","POINT (1013114.8107623756 246788.5998495417)","EAST 175 STREET","Cross Bronx Expwy Et 3 Wb","Arthur Avenue","WB"
"35851","Bronx","2023","3","15","13","30","31","140727","POINT (1013114.8107623756 246788.5998495417)","EAST 175 STREET","Cross Bronx Expwy Et 3 Wb","Arthur Avenue","WB"
"35851","Bronx","2023","3","15","13","45","41","140727","POINT (1013114.8107623756 246788.5998495417)","EAST 175 STREET","Cross Bronx Expwy Et 3 Wb","Arthur Avenue","WB"
"35851","Bronx","2023","3","15","14","0","40","140727","POINT (1013114.8107623756 246788.5998495417)","EAST 175 STREET","Cross Bronx Expwy Et 3 Wb","Arthur Avenue","WB"
"35851","Bronx","2023","3","15","14","15","48","140727","POINT (1013114.8107623756 246788.5998495417)","EAST 175 STREET","Cross Bronx Expwy Et 3 Wb","Arthur Avenue","WB"
"35851","Bronx","2023","3","15","14","30","58","140727","POINT (1013114.8107623756 246788.5998495417)","EAST 175 STREET","Cross Bronx Expwy Et 3 Wb","Arthur Avenue","WB"
"35851","Bronx","2023","3","15","14","45","55","140727","POINT (1013114.8107623756 246788.5998495417)","EAST 175 STREET","Cross Bronx Expwy Et 3 Wb","Arthur Avenue","WB"
"35851","Bronx","2023","3","15","15","0","50","140727","POINT (1013114.8107623756 246788.5998495417)","EAST 175 STREET","Cross Bronx Expwy Et 3 Wb","Arthur Avenue","WB"
"35851","Bronx","2023","3","15","15","15","40","140727","POINT (1013114.8107623756 246788.5998495417)","EAST 175 STREET","Cross Bronx Expwy Et 3 Wb","Arthur Avenue","WB"
"35851","Bronx","2023","3","15","15","30","49","140727","POINT (1013114.8107623756 246788.5998495417)","EAST 175 STREET","Cross Bronx Expwy Et 3 Wb","Arthur Avenue","WB"
"35851","Bronx","2023","3","15","15","45","39","140727","POINT (1013114.8107623756 246788.5998495417)","EAST 175 STREET","Cross Bronx Expwy Et 3 Wb","Arthur Avenue","WB"
"35851","Bronx","2023","3","15","16","0","39","140727","POINT (1013114.8107623756 246788.5998495417)","EAST 175 STREET","Cross Bronx Expwy Et 3 Wb","Arthur Avenue","WB"
"35851","Bronx","2023","3","15","16","15","42","140727","POINT (1013114.8107623756 246788.5998495417)","EAST 175 STREET","Cross Bronx Expwy Et 3 Wb","Arthur Avenue","WB"
"35851","Bronx","2023","3","15","16","30","49","140727","POINT (1013114.8107623756 246788.5998495417)","EAST 175 STREET","Cross Bronx Expwy Et 3 Wb","Arthur Avenue","WB"
"35851","Bronx","2023","3","15","16","45","50","140727","POINT (1013114.8107623756 246788.5998495417)","EAST 175 STREET","Cross Bronx Expwy Et 3 Wb","Arthur Avenue","WB"
"35851","Bronx","2023","3","15","17","0","56","140727","POINT (1013114.8107623756 246788.5998495417)","EAST 175 STREET","Cross Bronx Expwy Et 3 Wb","Arthur Avenue","WB"
"35851","Bronx","2023","3","15","17","15","40","140727","POINT (1013114.8107623756 246788.5998495417)","EAST 175 STREET","Cross Bronx Expwy Et 3 Wb","Arthur Avenue","WB"
"35851","Bronx","2023","3","15","17","30","38","140727","POINT (1013114.8107623756 246788.5998495417)","EAST 175 STREET","Cross Bronx Expwy Et 3 Wb","Arthur Avenue","WB"
"35851","Bronx","2023","3","15","17","45","35","140727","POINT (1013114.8107623756 246788.5998495417)","EAST 175 STREET","Cross Bronx Expwy Et 3 Wb","Arthur Avenue","WB"
"35851","Bronx","2023","3","15","18","0","34","140727","POINT (1013114.8107623756 246788.5998495417)","EAST 175 STREET","Cross Bronx Expwy Et 3 Wb","Arthur Avenue","WB"
"35851","Bronx","2023","3","15","18","15","32","140727","POINT (1013114.8107623756 246788.5998495417)","EAST 175 STREET","Cross Bronx Expwy Et 3 Wb","Arthur Avenue","WB"
"35851","Bronx","2023","3","15","18","30","23","140727","POINT (1013114.8107623756 246788.5998495417)","EAST 175 STREET","Cross Bronx Expwy Et 3 Wb","Arthur Avenue","WB"
"35851","Bronx","2023","3","15","18","45","18","140727","POINT (1013114.8107623756 246788.5998495417)","EAST 175 STREET","Cross Bronx Expwy Et 3 Wb","Arthur Avenue","WB"
"35851","Bronx","2023","3","15","19","0","23","140727","POINT (1013114.8107623756 246788.5998495417)","EAST 175 STREET","Cross Bronx Expwy Et 3 Wb","Arthur Avenue","WB"
"35851","Bronx","2023","3","15","19","15","10","140727","POINT (1013114.8107623756 246788.5998495417)","EAST 175 STREET","Cross Bronx Expwy Et 3 Wb","Arthur Avenue","WB"
"35851","Bronx","2023","3","15","19","30","17","140727","POINT (1013114.8107623756 246788.5998495417)","EAST 175 STREET","Cross Bronx Expwy Et 3 Wb","Arthur Avenue","WB"
"35851","Bronx","2023","3","15","19","45","13","140727","POINT (1013114.8107623756 246788.5998495417)","EAST 175 STREET","Cross Bronx Expwy Et 3 Wb","Arthur Avenue","WB"
"35851","Bronx","2023","3","15","20","0","17","140727","POINT (1013114.8107623756 246788.5998495417)","EAST 175 STREET","Cross Bronx Expwy Et 3 Wb","Arthur Avenue","WB"
"35851","Bronx","2023","3","15","20","15","12","140727","POINT (1013114.8107623756 246788.5998495417)","EAST 175 STREET","Cross Bronx Expwy Et 3 Wb","Arthur Avenue","WB"
"35851","Bronx","2023","3","15","20","30","19","140727","POINT (1013114.8107623756 246788.5998495417)","EAST 175 STREET","Cross Bronx Expwy Et 3 Wb","Arthur Avenue","WB"
"35851","Bronx","2023","3","15","20","45","14","140727","POINT (1013114.8107623756 246788.5998495417)","EAST 175 STREET","Cross Bronx Expwy Et 3 Wb","Arthur Avenue","WB"
"35851","Bronx","2023","3","15","21","0","23","140727","POINT (1013114.8107623756 246788.5998495417)","EAST 175 STREET","Cross Bronx Expwy Et 3 Wb","Arthur Avenue","WB"
"35851","Bronx","2023","3","15","21","15","16","140727","POINT (1013114.8107623756 246788.5998495417)","EAST 175 STREET","Cross Bronx Expwy Et 3 Wb","Arthur Avenue","WB"
"35851","Bronx","2023","3","15","21","30","11","140727","POINT (1013114.8107623756 246788.5998495417)","EAST 175 STREET","Cross Bronx Expwy Et 3 Wb","Arthur Avenue","WB"
"35851","Bronx","2023","3","15","21","45","13","140727","POINT (1013114.8107623756 246788.5998495417)","EAST 175 STREET","Cross Bronx Expwy Et 3 Wb","Arthur Avenue","WB"
"35851","Bronx","2023","3","15","22","0","9","140727","POINT (1013114.8107623756 246788.5998495417)","EAST 175 STREET","Cross Bronx Expwy Et 3 Wb","Arthur Avenue","WB"
"35851","Bronx","2023","3","15","22","15","10","140727","POINT (1013114.8107623756 246788.5998495417)","EAST 175 STREET","Cross Bronx Expwy Et 3 Wb","Arthur Avenue","WB"
"35851","Bronx","2023","3","15","22","30","12","140727","POINT (1013114.8107623756 246788.5998495417)","EAST 175 STREET","Cross Bronx Expwy Et 3 Wb","Arthur Avenue","WB"
"35851","Bronx","2023","3","15","22","45","9","140727","POINT (1013114.8107623756 246788.5998495417)","EAST 175 STREET","Cross Bronx Expwy Et 3 Wb","Arthur Avenue","WB"
"35851","Bronx","2023","3","15","23","0","7","140727","POINT (1013114.8107623756 246788.5998495417)","EAST 175 STREET","Cross Bronx Expwy Et 3 Wb","Arthur Avenue","WB"
"35851","Bronx","2023","3","15","23","15","3","140727","POINT (1013114.8107623756 246788.5998495417)","EAST 175 STREET","Cross Bronx Expwy Et 3 Wb","Arthur Avenue","WB"
"35851","Bronx","2023","3","15","23","30","4","140727","POINT (1013114.8107623756 246788.5998495417)","EAST 175 STREET","Cross Bronx Expwy Et 3 Wb","Arthur Avenue","WB"
"35851","Bronx","2023","3","15","23","45","2","140727","POINT (1013114.8107623756 246788.5998495417)","EAST 175 STREET","Cross Bronx Expwy Et 3 Wb","Arthur Avenue","WB"
"14224","Bronx","2013","1","31","12","0","20","140783","POINT (1014881.6 246165.7)","CROSS BRONX EXWY","PROSPECT AV","MARMION AV","EB"
"14224","Bronx","2013","1","31","12","15","12","140783","POINT (1014881.6 246165.7)","CROSS BRONX EXWY","PROSPECT AV","MARMION AV","EB"
"14224","Bronx","2013","1","31","12","30","18","140783","POINT (1014881.6 246165.7)","CROSS BRONX EXWY","PROSPECT AV","MARMION AV","EB"
"14224","Bronx","2013","1","31","12","45","19","140783","POINT (1014881.6 246165.7)","CROSS BRONX EXWY","PROSPECT AV","MARMION AV","EB"
"14224","Bronx","2013","1","31","13","0","25","140783","POINT (1014881.6 246165.7)","CROSS BRONX EXWY","PROSPECT AV","MARMION AV","EB"
"14224","Bronx","2013","1","31","13","15","24","140783","POINT (1014881.6 246165.7)","CROSS BRONX EXWY","PROSPECT AV","MARMION AV","EB"
"14224","Bronx","2013","1","31","13","30","19","140783","POINT (1014881.6 246165.7)","CROSS BRONX EXWY","PROSPECT AV","MARMION AV","EB"
"14224","Bronx","2013","1","31","13","45","22","140783","POINT (1014881.6 246165.7)","CROSS BRONX EXWY","PROSPECT AV","MARMION AV","EB"
"14224","Bronx","2013","1","31","14","0","16","140783","POINT (1014881.6 246165.7)","CROSS BRONX EXWY","PROSPECT AV","MARMION AV","EB"
"14224","Bronx","2013","1","31","14","15","20","140783","POINT (1014881.6 246165.7)","CROSS BRONX EXWY","PROSPECT AV","MARMION AV","EB"
"14224","Bronx","2013","1","31","14","30","28","140783","POINT (1014881.6 246165.7)","CROSS BRONX EXWY","PROSPECT AV","MARMION AV","EB"
"14224","Bronx","2013","1","31","14","45","21","140783","POINT (1014881.6 246165.7)","CROSS BRONX EXWY","PROSPECT AV","MARMION AV","EB"
"14224","Bronx","2013","1","31","15","0","38","140783","POINT (1014881.6 246165.7)","CROSS BRONX EXWY","PROSPECT AV","MARMION AV","EB"
"14224","Bronx","2013","1","31","15","15","35","140783","POINT (1014881.6 246165.7)","CROSS BRONX EXWY","PROSPECT AV","MARMION AV","EB"
"14224","Bronx","2013","1","31","15","30","37","140783","POINT (1014881.6 246165.7)","CROSS BRONX EXWY","PROSPECT AV","MARMION AV","EB"
